observation_id,run_id,source,origin,destination,route,departure_date,collection_date,collection_timestamp,airline,flight_number,cabin,fare_class,lead_time_days,base_fare,taxes,fees,total_fare,currency,availability,seats_remaining,raw_payload_reference,fingerprint,quality_status,quality_score,exclusion_reason,in_basket,inserted_at
b9943c4f94e940518de3b5d9aefdb4d2,backfill-20260906-213201,simulator,DEL,BOM,DEL-BOM,2026-08-04,2026-08-03,2026-08-03T02:30:00+05:30,6E,6E949,ECONOMY,,1,8154,1258,0,9412,INR,,,,ea673d7c646b1f229098cf6b6fd25cf76a2f77f8395faff15fdd2813bc955aa0,VALID,1.0,,1,2026-08-03T02:30:00+05:30
9bd5d5f04ff24d3790c05d25a7d2ad5a,backfill-20260906-213201,simulator,DEL,BOM,DEL-BOM,2026-08-04,2026-08-03,2026-08-03T02:30:00+05:30,AI,AI706,ECONOMY,,1,9166,1308,0,10474,INR,,,,0ffe07ad5774aaea26651605ec68bd59bb333d7b0acc6cd53620c0a73cbfe7b2,VALID,1.0,,1,2026-08-03T02:30:00+05:30
5da3ca5c63c349e0be6ffabc38f618d7,backfill-20260906-213201,simulator,DEL,BOM,DEL-BOM,2026-08-04,2026-08-03,2026-08-03T02:30:00+05:30,AI,AI901,ECONOMY,,1,8227,1261,0,9488,INR,,,,7e9ca7bd7950791e6217e1ee3855e8bee74a6a3df3752a2f4bcfb6f78dc780d8,VALID,1.0,,1,2026-08-03T02:30:00+05:30
9a4f2c344f0a4c49b82fca2115e2d4ca,backfill-20260906-213201,simulator,DEL,BOM,DEL-BOM,2026-08-04,2026-08-03,2026-08-03T02:30:00+05:30,QP,QP426,ECONOMY,,1,7835,1242,0,9077,INR,,,,eb168922e38a4b7b226e9de240987026f06446316a8168c637cc1070b6bc6c80,VALID,1.0,,1,2026-08-03T02:30:00+05:30
cf867e6adde24d1fa952c388db8cd12b,backfill-20260906-213201,simulator,DEL,BOM,DEL-BOM,2026-08-04,2026-08-03,2026-08-03T02:30:00+05:30,SG,SG277,ECONOMY,,1,7079,1204,0,8283,INR,,,,f1d42e28df014e805ec09024551bd68b38239cf0773233115846c57a0fdc1f90,VALID,1.0,,1,2026-08-03T02:30:00+05:30
dfe8cc1a54184db0a1107c948f5c2b9e,backfill-20260906-213201,simulator,DEL,BOM,DEL-BOM,2026-08-10,2026-08-03,2026-08-03T02:30:00+05:30,6E,6E604,ECONOMY,,7,4966,1098,0,6064,INR,,,,452ec8d26faa670f17a33c4f9c7873dbb7ba87b2c86db64a57792f1b40841943,VALID,1.0,,1,2026-08-03T02:30:00+05:30
aca7c82aa5504aa09f5b05246009c884,backfill-20260906-213201,simulator,DEL,BOM,DEL-BOM,2026-08-10,2026-08-03,2026-08-03T02:30:00+05:30,6E,6E744,ECONOMY,,7,5727,1136,0,6863,INR,,,,edce57c2dbda29bb3ec4bbd1982f68cb6c8d0be6ef372176e0114355fe382223,VALID,1.0,,1,2026-08-03T02:30:00+05:30
5345b328207a4ece92521a0afb2647e4,backfill-20260906-213201,simulator,DEL,BOM,DEL-BOM,2026-08-10,2026-08-03,2026-08-03T02:30:00+05:30,6E,6E912,ECONOMY,,7,5579,1129,0,6708,INR,,,,958d4cacc95a78b4119c3ce29a6e8c8ba74058b6518847ee0c61b818b287c17f,VALID,1.0,,1,2026-08-03T02:30:00+05:30
92dcbff2d9c943f1bd1a19e81efff1b1,backfill-20260906-213201,simulator,DEL,BOM,DEL-BOM,2026-08-10,2026-08-03,2026-08-03T02:30:00+05:30,AI,AI210,ECONOMY,,7,5149,1107,0,6256,INR,,,,05e8d17cce823e80d40e7c5f57d772594de854cfcfaf5b1fbadb528e465016d1,VALID,1.0,,1,2026-08-03T02:30:00+05:30
755a65c28d224f2b89261710b4380727,backfill-20260906-213201,simulator,DEL,BOM,DEL-BOM,2026-08-10,2026-08-03,2026-08-03T02:30:00+05:30,AI,AI584,ECONOMY,,7,6322,1166,0,7488,INR,,,,dd5c27a85021b36b679a59d087828982f1aac649f5358ae8981294f12adc99eb,VALID,1.0,,1,2026-08-03T02:30:00+05:30
ea734245115c4a358216d05dabd1e559,backfill-20260906-213201,simulator,DEL,BOM,DEL-BOM,2026-08-10,2026-08-03,2026-08-03T02:30:00+05:30,QP,QP695,ECONOMY,,7,5313,1116,0,6429,INR,,,,98d8f1fb6082b987a63d72e5acce0b2e1f9efd0ed9b994f90435b1806daacdbb,VALID,1.0,,1,2026-08-03T02:30:00+05:30
7b37ed1f3d3549b3941391f5af399bb9,backfill-20260906-213201,simulator,DEL,BOM,DEL-BOM,2026-08-10,2026-08-03,2026-08-03T02:30:00+05:30,SG,SG701,ECONOMY,,7,5528,1126,0,6654,INR,,,,f1b2f44c547b5993cb0a482a39db9fc6c73b8d93046c29b77ad7270330fdb981,VALID,1.0,,1,2026-08-03T02:30:00+05:30
9c91d7eb104345958b7625bf77cf1839,backfill-20260906-213201,simulator,DEL,BOM,DEL-BOM,2026-08-18,2026-08-03,2026-08-03T02:30:00+05:30,6E,6E922,ECONOMY,,15,3311,1016,0,4327,INR,,,,f556d6299c20a1ee575d09d5664f7bae7409c113e9d454daa8c6f606b304961f,VALID,1.0,,1,2026-08-03T02:30:00+05:30
368f6f7c27ae4739aa111bd3576b1dfe,backfill-20260906-213201,simulator,DEL,BOM,DEL-BOM,2026-08-18,2026-08-03,2026-08-03T02:30:00+05:30,6E,6E578,ECONOMY,,15,4290,1065,0,5355,INR,,,,b80754a02757d6c1344a219db2cadfd4b0ead594a3f25387992b1b72008f3594,VALID,1.0,,1,2026-08-03T02:30:00+05:30
61d492cec6ba4be58dbbbad162ab8862,backfill-20260906-213201,simulator,DEL,BOM,DEL-BOM,2026-08-18,2026-08-03,2026-08-03T02:30:00+05:30,6E,6.00E+242,ECONOMY,,15,3810,1040,0,4850,INR,,,,e029c39a78dad8b7faf298fd7c0227e3d62957bf60dcde3025aae70d7d3c7d08,VALID,1.0,,1,2026-08-03T02:30:00+05:30
ec2827d61a1c40c6b8678609714c3dc9,backfill-20260906-213201,simulator,DEL,BOM,DEL-BOM,2026-08-18,2026-08-03,2026-08-03T02:30:00+05:30,AI,AI375,ECONOMY,,15,4493,1075,0,5568,INR,,,,76acc9751e8431be49a9729ab61774b7aad60746203f91945c4cf6364154eea9,VALID,1.0,,1,2026-08-03T02:30:00+05:30
672ad6fc55c843dd8d9676b69a69c071,backfill-20260906-213201,simulator,DEL,BOM,DEL-BOM,2026-08-18,2026-08-03,2026-08-03T02:30:00+05:30,AI,AI245,ECONOMY,,15,3769,1038,0,4807,INR,,,,756c4f9e7c7cf2fd894cd192dc8857529f6ff2724b150625fa1ac674ea37ad75,VALID,1.0,,1,2026-08-03T02:30:00+05:30
df4b52a0db814c7cab806f4852f96f2c,backfill-20260906-213201,simulator,DEL,BOM,DEL-BOM,2026-08-18,2026-08-03,2026-08-03T02:30:00+05:30,QP,QP362,ECONOMY,,15,3489,1024,0,4513,INR,,,,e638b194f9c143a2b54bb422dd1ffbcd95723e22316e2f13b370c9b8e16005da,VALID,1.0,,1,2026-08-03T02:30:00+05:30
e0d61802dea54e74af0b2bddf4477f02,backfill-20260906-213201,simulator,DEL,BOM,DEL-BOM,2026-08-18,2026-08-03,2026-08-03T02:30:00+05:30,SG,SG489,ECONOMY,,15,3868,1043,0,4911,INR,,,,aa65910a2abb4ab5a3f157b92eb41aad603f45a62cb7cbfd8be22486899cdb92,VALID,1.0,,1,2026-08-03T02:30:00+05:30
cab79ef36f42485f9321953e87f85642,backfill-20260906-213201,simulator,DEL,BOM,DEL-BOM,2026-09-02,2026-08-03,2026-08-03T02:30:00+05:30,6E,6E948,ECONOMY,,30,3634,1032,0,4666,INR,,,,3d1fbca11e3c57f64284d2b42e20806aa2e064759feb70af3a2760638d5d0e19,VALID,1.0,,1,2026-08-03T02:30:00+05:30
2dc67cd3663c46b9a9624ed0f8770b97,backfill-20260906-213201,simulator,DEL,BOM,DEL-BOM,2026-09-02,2026-08-03,2026-08-03T02:30:00+05:30,6E,6E820,ECONOMY,,30,2880,994,0,3874,INR,,,,4401e803ae08e19fa3aced3f0e170d335ad6100a90239b766abe42eda07cc184,VALID,1.0,,1,2026-08-03T02:30:00+05:30
57005de0a64741de8f47732e766492f4,backfill-20260906-213201,simulator,DEL,BOM,DEL-BOM,2026-09-02,2026-08-03,2026-08-03T02:30:00+05:30,6E,6E765,ECONOMY,,30,3680,1034,0,4714,INR,,,,a085faed77ca7465e68e87096b2b748db35c364aef4260de9ec4f29fb0a50ded,VALID,1.0,,1,2026-08-03T02:30:00+05:30
64ca1b737fa34ab79b4a5520a2e410f6,backfill-20260906-213201,simulator,DEL,BOM,DEL-BOM,2026-09-02,2026-08-03,2026-08-03T02:30:00+05:30,AI,AI622,ECONOMY,,30,3929,1046,0,4975,INR,,,,3a562e0b2ce23f58b4348a4266a86bb0aec92edcdffb90ffbce68c29158ece72,VALID,1.0,,1,2026-08-03T02:30:00+05:30
163453524c134e9b954773082325029f,backfill-20260906-213201,simulator,DEL,BOM,DEL-BOM,2026-09-02,2026-08-03,2026-08-03T02:30:00+05:30,AI,AI836,ECONOMY,,30,3490,1024,0,4514,INR,,,,7c7249c630b0800434139b1a1e966400f58a29b6fb1c8a8818b9d6ce7a6eff52,VALID,1.0,,1,2026-08-03T02:30:00+05:30
8a2615f81518437da05bae03bbfa8088,backfill-20260906-213201,simulator,DEL,BOM,DEL-BOM,2026-09-02,2026-08-03,2026-08-03T02:30:00+05:30,QP,QP451,ECONOMY,,30,3409,1020,0,4429,INR,,,,c0fda28817ad17e4e6637a638c42c2049984591cc99dab570ac859b8276585c0,VALID,1.0,,1,2026-08-03T02:30:00+05:30
a789d73792714d7fb3f1356fde907c88,backfill-20260906-213201,simulator,DEL,BOM,DEL-BOM,2026-09-02,2026-08-03,2026-08-03T02:30:00+05:30,SG,SG349,ECONOMY,,30,3385,1019,0,4404,INR,,,,75eb0449ae93547ff042c6036324406d2c21650916657201b6f5f09a30799340,VALID,1.0,,1,2026-08-03T02:30:00+05:30
394286361b8a4be5b94df2e3c437c9ea,backfill-20260906-213201,simulator,DEL,BOM,DEL-BOM,2026-09-17,2026-08-03,2026-08-03T02:30:00+05:30,6E,6E576,ECONOMY,,45,2989,999,0,3988,INR,,,,65e147e3ae9e5a417f68bc6c199be25661c9344f491bbab78091439d57ee3d47,VALID,1.0,,1,2026-08-03T02:30:00+05:30
cd31b58c0d8248628bc0660e1c105fed,backfill-20260906-213201,simulator,DEL,BOM,DEL-BOM,2026-09-17,2026-08-03,2026-08-03T02:30:00+05:30,6E,6.00E+293,ECONOMY,,45,3395,1020,0,4415,INR,,,,01ba895cbcccc07d1dde58764166963e9305ef9347d96ab8e73d6eff2e055229,VALID,1.0,,1,2026-08-03T02:30:00+05:30
5c7105a1c6c04f03b552efd3cdcee5ee,backfill-20260906-213201,simulator,DEL,BOM,DEL-BOM,2026-09-17,2026-08-03,2026-08-03T02:30:00+05:30,6E,6E810,ECONOMY,,45,3047,1002,0,4049,INR,,,,b5809aa45003210898de9f36bc4f2d809c016aad2b2601e40072da722674ecf3,VALID,1.0,,1,2026-08-03T02:30:00+05:30
9d5712263dc54ab6b00fbee824dd18e3,backfill-20260906-213201,simulator,DEL,BOM,DEL-BOM,2026-09-17,2026-08-03,2026-08-03T02:30:00+05:30,AI,AI446,ECONOMY,,45,3153,1008,0,4161,INR,,,,3676aeac9f76d190138c9f4aa7dba1daa5143c4c6535e7d65b45695e7b4b7672,VALID,1.0,,1,2026-08-03T02:30:00+05:30
a9abdab0d11b484db3e7d16ca04e84e6,backfill-20260906-213201,simulator,DEL,BOM,DEL-BOM,2026-09-17,2026-08-03,2026-08-03T02:30:00+05:30,AI,AI870,ECONOMY,,45,3734,1037,0,4771,INR,,,,b6e1ff459bda3e69331798656f62d05de9a44ef175b137b9afd2ccace6b1649f,VALID,1.0,,1,2026-08-03T02:30:00+05:30
7f7737310f1641519e8991e5ad56278d,backfill-20260906-213201,simulator,DEL,BOM,DEL-BOM,2026-09-17,2026-08-03,2026-08-03T02:30:00+05:30,QP,QP549,ECONOMY,,45,3273,1014,0,4287,INR,,,,7b314a712e24d19ee9e9ec0a2d2273f9bbd11ceb9d81f8e7a14f114c8b2ac139,VALID,1.0,,1,2026-08-03T02:30:00+05:30
dec8a725226f4e04bb4baa63d0bf9926,backfill-20260906-213201,simulator,DEL,BOM,DEL-BOM,2026-09-17,2026-08-03,2026-08-03T02:30:00+05:30,SG,SG669,ECONOMY,,45,2830,991,0,3821,INR,,,,91daaabec69bfd9e5b67efc1580ac3c632e2e71d6abb5a7538dabd2d0b5b5ca2,VALID,1.0,,1,2026-08-03T02:30:00+05:30
e2ca94e427e445f8a120909e45764ad6,backfill-20260906-213201,simulator,DEL,BLR,DEL-BLR,2026-08-04,2026-08-03,2026-08-03T02:30:00+05:30,6E,6E325,ECONOMY,,1,9349,1317,0,10666,INR,,,,d222cfca7ba173aff67a173499cf535d05b0cacfe86f839a020b81be065990e3,VALID,1.0,,1,2026-08-03T02:30:00+05:30
5c30bf40d0094674a8e4ee840ac07f46,backfill-20260906-213201,simulator,DEL,BLR,DEL-BLR,2026-08-04,2026-08-03,2026-08-03T02:30:00+05:30,6E,6.00E+295,ECONOMY,,1,8582,1279,0,9861,INR,,,,c45330d8b1448ac8fd58c0ed367e335f37514452d5a1262e33a1a5e3b08f81f0,VALID,1.0,,1,2026-08-03T02:30:00+05:30
996b4ac5252a4eb1a8a54c2aa12b75e0,backfill-20260906-213201,simulator,DEL,BLR,DEL-BLR,2026-08-04,2026-08-03,2026-08-03T02:30:00+05:30,6E,6.00E+240,ECONOMY,,1,10052,1353,0,11405,INR,,,,2dc9de2b7c7163ca490efba8152b8c847cb51fd8bbc02e4636c71fb17e628246,VALID,1.0,,1,2026-08-03T02:30:00+05:30
5558e3c08f3b48c0abd774c441176e69,backfill-20260906-213201,simulator,DEL,BLR,DEL-BLR,2026-08-04,2026-08-03,2026-08-03T02:30:00+05:30,AI,AI617,ECONOMY,,1,9450,1323,0,10773,INR,,,,e138f2418606f5beee54f01896c49abc10c018621f8793c566db3682ee9a900c,VALID,1.0,,1,2026-08-03T02:30:00+05:30
21930979affb4d34889f5027ac91ca2e,backfill-20260906-213201,simulator,DEL,BLR,DEL-BLR,2026-08-04,2026-08-03,2026-08-03T02:30:00+05:30,AI,AI383,ECONOMY,,1,9035,1302,0,10337,INR,,,,fad4cb65c6c90a4358f09c42d2d2c2e12fe9d9788104813d9399d2531224c622,VALID,1.0,,1,2026-08-03T02:30:00+05:30
2363104a3ebd4fc4935e12c3346d5ad3,backfill-20260906-213201,simulator,DEL,BLR,DEL-BLR,2026-08-04,2026-08-03,2026-08-03T02:30:00+05:30,QP,QP758,ECONOMY,,1,9568,1328,0,10896,INR,,,,dfeb66bbcc0f6d2c77fba1b7f62badded3bb4f32b9946c66c969d4e0ca156b72,VALID,1.0,,1,2026-08-03T02:30:00+05:30
f3d440a8bf5d4ff2812ee37ade8bd77f,backfill-20260906-213201,simulator,DEL,BLR,DEL-BLR,2026-08-04,2026-08-03,2026-08-03T02:30:00+05:30,SG,SG344,ECONOMY,,1,8680,1284,0,9964,INR,,,,81d1a7701f74a5b30a42f37e2f686e7b16744517bc830db76f8b6b954c8bef16,VALID,1.0,,1,2026-08-03T02:30:00+05:30
d4dab118e729493d9646ef756aed9661,backfill-20260906-213201,simulator,DEL,BLR,DEL-BLR,2026-08-10,2026-08-03,2026-08-03T02:30:00+05:30,6E,6E512,ECONOMY,,7,7152,1208,0,8360,INR,,,,91e8e4fcfd6c60fe2f05b25b217946d8bed5715f385d6206a856ad680563287c,VALID,1.0,,1,2026-08-03T02:30:00+05:30
e20b8680b51d435aa5cb5a442b01eaaf,backfill-20260906-213201,simulator,DEL,BLR,DEL-BLR,2026-08-10,2026-08-03,2026-08-03T02:30:00+05:30,6E,6.00E+282,ECONOMY,,7,6189,1159,0,7348,INR,,,,9518b1c61be58f5b098c2297184d0934c7b68f3b5a34c976900e57b6e006b7a0,VALID,1.0,,1,2026-08-03T02:30:00+05:30
31063194274f4e80a23527aa9ba2ab11,backfill-20260906-213201,simulator,DEL,BLR,DEL-BLR,2026-08-10,2026-08-03,2026-08-03T02:30:00+05:30,6E,6E481,ECONOMY,,7,6317,1166,0,7483,INR,,,,fbf5bd6101df9367ed45e1eed32009dc7154486ac302704355fdf2ab3be31155,VALID,1.0,,1,2026-08-03T02:30:00+05:30
a97cb466bfca452eac2860ce4f4c3699,backfill-20260906-213201,simulator,DEL,BLR,DEL-BLR,2026-08-10,2026-08-03,2026-08-03T02:30:00+05:30,AI,AI625,ECONOMY,,7,6242,1162,0,7404,INR,,,,0600de89106ba2c0759d003e6abf58cf187976f6128e3add906598c0fc831be5,VALID,1.0,,1,2026-08-03T02:30:00+05:30
15a7ef2466b24c23b3e2316efbbd8bb5,backfill-20260906-213201,simulator,DEL,BLR,DEL-BLR,2026-08-10,2026-08-03,2026-08-03T02:30:00+05:30,AI,AI282,ECONOMY,,7,7326,1216,0,8542,INR,,,,772ee19092ec6b0fb30aebbf9cf8aef3af71ed0154ebd8606a6ad96cc6e029b8,VALID,1.0,,1,2026-08-03T02:30:00+05:30
4a6cb82f1f4b4c698340722eaefd67f8,backfill-20260906-213201,simulator,DEL,BLR,DEL-BLR,2026-08-10,2026-08-03,2026-08-03T02:30:00+05:30,QP,QP855,ECONOMY,,7,6417,1171,0,7588,INR,,,,ac9375fcaa780d43f3a60b408bcf21c28925d784aa9cd7cd4a42fb74397ab29c,VALID,1.0,,1,2026-08-03T02:30:00+05:30
9b51a951405a4aa19bc5bd6a521fd823,backfill-20260906-213201,simulator,DEL,BLR,DEL-BLR,2026-08-10,2026-08-03,2026-08-03T02:30:00+05:30,SG,SG982,ECONOMY,,7,5394,1120,0,6514,INR,,,,2a59dcee83e932b39805979f695ad0b70e82787c2e602cd4530c799ab400ea16,VALID,1.0,,1,2026-08-03T02:30:00+05:30
a1cc318f242d49c394f118308517ecf7,backfill-20260906-213201,simulator,DEL,BLR,DEL-BLR,2026-08-18,2026-08-03,2026-08-03T02:30:00+05:30,6E,6E533,ECONOMY,,15,4258,1063,0,5321,INR,,,,5226c741f53e615a4807249843e1c63a86ed39de86dc01d9cfea60706d5afec2,VALID,1.0,,1,2026-08-03T02:30:00+05:30
218af98064a5494d9e5c26e82e28b94a,backfill-20260906-213201,simulator,DEL,BLR,DEL-BLR,2026-08-18,2026-08-03,2026-08-03T02:30:00+05:30,6E,6E672,ECONOMY,,15,4570,1078,0,5648,INR,,,,eb095a80f36073addc91426ecc6fd8ffebfa6a025652a90c62196fcf706ea0a8,VALID,1.0,,1,2026-08-03T02:30:00+05:30
eaf16f55113b4997969ce71bbe249317,backfill-20260906-213201,simulator,DEL,BLR,DEL-BLR,2026-08-18,2026-08-03,2026-08-03T02:30:00+05:30,6E,6E586,ECONOMY,,15,5107,1105,0,6212,INR,,,,b9303f617e54d4f04dcabbbf27621048d2a86473c1db161e84d5230450f1c8d2,VALID,1.0,,1,2026-08-03T02:30:00+05:30
30c09612c9fe46e4a6556a47ecd3802e,backfill-20260906-213201,simulator,DEL,BLR,DEL-BLR,2026-08-18,2026-08-03,2026-08-03T02:30:00+05:30,AI,AI273,ECONOMY,,15,5316,1116,0,6432,INR,,,,5223362c53d1d50e88af576255cf7223591e257506b758ad9ab43e18b028489a,VALID,1.0,,1,2026-08-03T02:30:00+05:30
859994e63b214cc28d8d4068fb5c0615,backfill-20260906-213201,simulator,DEL,BLR,DEL-BLR,2026-08-18,2026-08-03,2026-08-03T02:30:00+05:30,AI,AI794,ECONOMY,,15,4862,1093,0,5955,INR,,,,c761451935d5e7ff1768e8f0ff6155a77b38609e71591db01c9e9c75b0a91e64,VALID,1.0,,1,2026-08-03T02:30:00+05:30
719ac8b65e33481b92bc8ebf670853ad,backfill-20260906-213201,simulator,DEL,BLR,DEL-BLR,2026-08-18,2026-08-03,2026-08-03T02:30:00+05:30,QP,QP201,ECONOMY,,15,4662,1083,0,5745,INR,,,,f9ae137a7a85249d4e5bba151fd7a8cb518deaf5d79518e0a9bf66b9ae38f70f,VALID,1.0,,1,2026-08-03T02:30:00+05:30
900165cc0715417dbbf1fe6545205477,backfill-20260906-213201,simulator,DEL,BLR,DEL-BLR,2026-08-18,2026-08-03,2026-08-03T02:30:00+05:30,SG,SG230,ECONOMY,,15,4476,1074,0,5550,INR,,,,c366923be7a36b829589236c089a0b55218300bf1b05d6e7e5bf5575658d5803,VALID,1.0,,1,2026-08-03T02:30:00+05:30
8b61c5a41bbb4b318094d57fc8dc538e,backfill-20260906-213201,simulator,DEL,BLR,DEL-BLR,2026-09-02,2026-08-03,2026-08-03T02:30:00+05:30,6E,6E827,ECONOMY,,30,3700,1035,0,4735,INR,,,,06f35db5f715ac9b15fcf2e984be4a427a411f6449472ccb6aa12bf8cee99c44,VALID,1.0,,1,2026-08-03T02:30:00+05:30
a0b2e46582134ebd87c89c686bc26f1e,backfill-20260906-213201,simulator,DEL,BLR,DEL-BLR,2026-09-02,2026-08-03,2026-08-03T02:30:00+05:30,6E,6E773,ECONOMY,,30,3661,1033,0,4694,INR,,,,1f962da8c2133339f2a5f7fcc0d2b60cd39d35867e7701b535d36f6df41450c9,VALID,1.0,,1,2026-08-03T02:30:00+05:30
149c1988a7e148f8936a1c32667087af,backfill-20260906-213201,simulator,DEL,BLR,DEL-BLR,2026-09-02,2026-08-03,2026-08-03T02:30:00+05:30,6E,6E799,ECONOMY,,30,4059,1053,0,5112,INR,,,,ef2821301776f37b72515693c59a41020c28f758f26cc2d2fec9cfeb25265cd0,VALID,1.0,,1,2026-08-03T02:30:00+05:30
3fdab187eb1e44999e1ffa19ad260ba8,backfill-20260906-213201,simulator,DEL,BLR,DEL-BLR,2026-09-02,2026-08-03,2026-08-03T02:30:00+05:30,AI,AI699,ECONOMY,,30,3951,1048,0,4999,INR,,,,8bf134d167a0fdc2c6cd5a08ba5561da9be56fcf33d86ae6ba2f4255dec11671,VALID,1.0,,1,2026-08-03T02:30:00+05:30
aa5643d0522c4926aa34b11b34873284,backfill-20260906-213201,simulator,DEL,BLR,DEL-BLR,2026-09-02,2026-08-03,2026-08-03T02:30:00+05:30,AI,AI850,ECONOMY,,30,3407,1020,0,4427,INR,,,,937171f97bfbda0253eb108adfb78331ff42451805bd1414289be1327e2773d7,VALID,1.0,,1,2026-08-03T02:30:00+05:30
3d3b7309194942a0a9f18189970ac083,backfill-20260906-213201,simulator,DEL,BLR,DEL-BLR,2026-09-02,2026-08-03,2026-08-03T02:30:00+05:30,QP,QP527,ECONOMY,,30,3541,1027,0,4568,INR,,,,9a7fc44f1593193b9117c4231c2d50f75b371f455186b5b3a2e1e1033f1da517,VALID,1.0,,1,2026-08-03T02:30:00+05:30
639222c2ed9c402ab4c81d852d6e4c0f,backfill-20260906-213201,simulator,DEL,BLR,DEL-BLR,2026-09-02,2026-08-03,2026-08-03T02:30:00+05:30,SG,SG582,ECONOMY,,30,3433,1022,0,4455,INR,,,,e861ac76023e416cb7a996c46861eae98386657afa1c52d08e59e3818ac8e623,VALID,1.0,,1,2026-08-03T02:30:00+05:30
3de711f2c363451baca00e5d1994a275,backfill-20260906-213201,simulator,DEL,BLR,DEL-BLR,2026-09-17,2026-08-03,2026-08-03T02:30:00+05:30,6E,6E652,ECONOMY,,45,3274,1014,0,4288,INR,,,,f9ca73c98f8e363a2aef4e3448b209d5d62c1dc960cd5de04e07ae2c1da353ca,VALID,1.0,,1,2026-08-03T02:30:00+05:30
f9705eb1fa524a97900fbc48b3643b06,backfill-20260906-213201,simulator,DEL,BLR,DEL-BLR,2026-09-17,2026-08-03,2026-08-03T02:30:00+05:30,6E,6E621,ECONOMY,,45,4165,1058,0,5223,INR,,,,17bde5865f223639e0ccdaa9b683d07ca4f656ca6e9d0c97a3fb897af48799c0,VALID,1.0,,1,2026-08-03T02:30:00+05:30
8318304f01e44352b71fa451fd5755cb,backfill-20260906-213201,simulator,DEL,BLR,DEL-BLR,2026-09-17,2026-08-03,2026-08-03T02:30:00+05:30,6E,6E980,ECONOMY,,45,3656,1033,0,4689,INR,,,,be1f5cc8525cb1491943d1fdf44951d3e9b40a16028985b0ef30d974bbd37da5,VALID,1.0,,1,2026-08-03T02:30:00+05:30
6225747239c044ea901a73fc4b1b789b,backfill-20260906-213201,simulator,DEL,BLR,DEL-BLR,2026-09-17,2026-08-03,2026-08-03T02:30:00+05:30,AI,AI854,ECONOMY,,45,3514,1026,0,4540,INR,,,,bf0e568083ec2b430ef2ee64a0eed3072e7b4aea3f4e0b25626cf873cd171e6f,VALID,1.0,,1,2026-08-03T02:30:00+05:30
40a6660a0310478cab512aa5ee176905,backfill-20260906-213201,simulator,DEL,BLR,DEL-BLR,2026-09-17,2026-08-03,2026-08-03T02:30:00+05:30,AI,AI685,ECONOMY,,45,4050,1053,0,5103,INR,,,,6792b33d6707092ae414a892518da77331c88c9c2333f71b58e4ed552479d634,VALID,1.0,,1,2026-08-03T02:30:00+05:30
16eeb2e1add1410ba9bef370a7254376,backfill-20260906-213201,simulator,DEL,BLR,DEL-BLR,2026-09-17,2026-08-03,2026-08-03T02:30:00+05:30,QP,QP575,ECONOMY,,45,3747,1037,0,4784,INR,,,,dc11bbfc56f92c040077c88ede56866c3e5746185485dfd26557d54ef33d1a39,VALID,1.0,,1,2026-08-03T02:30:00+05:30
4d0f8f0a4fc34dbaa0c104402eb3a999,backfill-20260906-213201,simulator,DEL,BLR,DEL-BLR,2026-09-17,2026-08-03,2026-08-03T02:30:00+05:30,SG,SG963,ECONOMY,,45,3370,1018,0,4388,INR,,,,b968c77a06937e8d1ed1f62da1835b8438a202fb420201fa0b605ee22e17006c,VALID,1.0,,1,2026-08-03T02:30:00+05:30
cfb4f0186ad344dc8b670fc1a3b83993,backfill-20260906-213201,simulator,DEL,BOM,DEL-BOM,2026-08-05,2026-08-04,2026-08-04T02:30:00+05:30,6E,6E861,ECONOMY,,1,6950,1197,0,8147,INR,,,,d66dd9ffdbf4951143dfdceb1e268103c631d01a3ce7d9f3532320a742000d65,VALID,1.0,,1,2026-08-04T02:30:00+05:30
b613d953f4bc4d58ae9af633fb6af4cc,backfill-20260906-213201,simulator,DEL,BOM,DEL-BOM,2026-08-05,2026-08-04,2026-08-04T02:30:00+05:30,6E,6E481,ECONOMY,,1,6799,1190,0,7989,INR,,,,6c3f83fe0061369d786909e0f2d768b746b4b93f314aab185f495668f28fe0d9,VALID,1.0,,1,2026-08-04T02:30:00+05:30
b5ff9a189e3c430ba31ed1c74536f7f3,backfill-20260906-213201,simulator,DEL,BOM,DEL-BOM,2026-08-05,2026-08-04,2026-08-04T02:30:00+05:30,AI,AI440,ECONOMY,,1,8603,1280,0,9883,INR,,,,2003c60819e8fcb1cc52c2c4538915d1e717b4e9fdd99bca08f707fbac98cce7,VALID,1.0,,1,2026-08-04T02:30:00+05:30
21a8ecda600d456aabac00078ae5d34f,backfill-20260906-213201,simulator,DEL,BOM,DEL-BOM,2026-08-05,2026-08-04,2026-08-04T02:30:00+05:30,AI,AI641,ECONOMY,,1,9036,1302,0,10338,INR,,,,d804fb2a4a9cdf1b45369c3658f0c11ec7c90b1f21f53a6b38051b6d70b55b33,VALID,1.0,,1,2026-08-04T02:30:00+05:30
50854228f0d845e4a02cb1f82c216436,backfill-20260906-213201,simulator,DEL,BOM,DEL-BOM,2026-08-05,2026-08-04,2026-08-04T02:30:00+05:30,QP,QP889,ECONOMY,,1,7654,1233,0,8887,INR,,,,d4b6a4166512d4d5e6be8f6278b5099a551a47c5c6a64dc7e0e78924b72c11ff,VALID,1.0,,1,2026-08-04T02:30:00+05:30
afe2c6fb1849485b93129bdb6f7df4e7,backfill-20260906-213201,simulator,DEL,BOM,DEL-BOM,2026-08-05,2026-08-04,2026-08-04T02:30:00+05:30,SG,SG874,ECONOMY,,1,7792,1240,0,9032,INR,,,,024fe42353dc78159cbc0892be94f0b8374cfa85135ad99772dde7a6f6d3458f,VALID,1.0,,1,2026-08-04T02:30:00+05:30
712b2efa3c644d87bf87a532ac1948df,backfill-20260906-213201,simulator,DEL,BOM,DEL-BOM,2026-08-11,2026-08-04,2026-08-04T02:30:00+05:30,6E,6E769,ECONOMY,,7,5685,1134,0,6819,INR,,,,156f9235f9b638a7322d796b97c12345fc8f69ecf788050f75c9b68286d6d4d9,VALID,1.0,,1,2026-08-04T02:30:00+05:30
2256001a58f543318ea0dd01404b96ad,backfill-20260906-213201,simulator,DEL,BOM,DEL-BOM,2026-08-11,2026-08-04,2026-08-04T02:30:00+05:30,6E,6E633,ECONOMY,,7,5240,1112,0,6352,INR,,,,9984bf5e4a39a231359c0f099bfd60a64088c5aff73d8b1a707e815f0e8d6170,VALID,1.0,,1,2026-08-04T02:30:00+05:30
bf99fedf49e247aa8e554cc80f3e507c,backfill-20260906-213201,simulator,DEL,BOM,DEL-BOM,2026-08-11,2026-08-04,2026-08-04T02:30:00+05:30,6E,6E690,ECONOMY,,7,5145,1107,0,6252,INR,,,,0ef9694de3a4f39421b984c1aced8b37b0a59bf5004d076f1a978b191a4ab6b8,VALID,1.0,,1,2026-08-04T02:30:00+05:30
57934b2c464d41f1aa1d6a5fa105de7d,backfill-20260906-213201,simulator,DEL,BOM,DEL-BOM,2026-08-11,2026-08-04,2026-08-04T02:30:00+05:30,AI,AI345,ECONOMY,,7,5490,1125,0,6615,INR,,,,f251d8206f8d7fe942c870927b214e7b972aeb58d06d6200ac50492b726d68b4,VALID,1.0,,1,2026-08-04T02:30:00+05:30
1ff3a15f5f7046a494268823469b991b,backfill-20260906-213201,simulator,DEL,BOM,DEL-BOM,2026-08-11,2026-08-04,2026-08-04T02:30:00+05:30,AI,AI277,ECONOMY,,7,5604,1130,0,6734,INR,,,,4cf36d44a548b95533bc63c102fa0e9921652881130c5f936c13795de7e5aa78,VALID,1.0,,1,2026-08-04T02:30:00+05:30
fcf92d2d567c4ec5b1591798f8b50842,backfill-20260906-213201,simulator,DEL,BOM,DEL-BOM,2026-08-11,2026-08-04,2026-08-04T02:30:00+05:30,QP,QP973,ECONOMY,,7,5269,1113,0,6382,INR,,,,e10820e1e68c5645bf9d0023532e1101effa05e2756b304a679844b1429f8b4b,VALID,1.0,,1,2026-08-04T02:30:00+05:30
1aad442656f94a11b8a055a96f77fb03,backfill-20260906-213201,simulator,DEL,BOM,DEL-BOM,2026-08-11,2026-08-04,2026-08-04T02:30:00+05:30,SG,SG673,ECONOMY,,7,5164,1108,0,6272,INR,,,,24debef63553fa4dde4de375a3f8f9967471bc2e34b865cf397d6cb677f38d28,VALID,1.0,,1,2026-08-04T02:30:00+05:30
4824697b8aa74c76abeb5b07fcfa1a7d,backfill-20260906-213201,simulator,DEL,BOM,DEL-BOM,2026-08-19,2026-08-04,2026-08-04T02:30:00+05:30,6E,6E915,ECONOMY,,15,3818,1041,0,4859,INR,,,,47a5ac8683480dde2e7e822f5feafd5ba9ebda18cd5a820aa25bd35855bc7a4b,VALID,1.0,,1,2026-08-04T02:30:00+05:30
5b2a07d0c6aa4026b109404c1bd870d0,backfill-20260906-213201,simulator,DEL,BOM,DEL-BOM,2026-08-19,2026-08-04,2026-08-04T02:30:00+05:30,6E,6E853,ECONOMY,,15,3649,1032,0,4681,INR,,,,133bdc6a0b694c8eb93fc255939a6263d5048ee1be82baae3dd1c71139de3d14,VALID,1.0,,1,2026-08-04T02:30:00+05:30
b2104eed036449f58704239dcf8f344c,backfill-20260906-213201,simulator,DEL,BOM,DEL-BOM,2026-08-19,2026-08-04,2026-08-04T02:30:00+05:30,6E,6E973,ECONOMY,,15,3733,1037,0,4770,INR,,,,42d9ef6801c8cfd745ac7a60c6a86362291b7e17d0e3a0a9631bc39cafd7b265,VALID,1.0,,1,2026-08-04T02:30:00+05:30
f7c68d8dc15741cd9f671867242222eb,backfill-20260906-213201,simulator,DEL,BOM,DEL-BOM,2026-08-19,2026-08-04,2026-08-04T02:30:00+05:30,AI,AI631,ECONOMY,,15,4230,1061,0,5291,INR,,,,c1a1e7437ff3acc2ef6feace1fd5ff10686c6423b74ecff9e72c426cb2bf79c3,VALID,1.0,,1,2026-08-04T02:30:00+05:30
2abbe13bd24b44fbbe80ef59ddec16e5,backfill-20260906-213201,simulator,DEL,BOM,DEL-BOM,2026-08-19,2026-08-04,2026-08-04T02:30:00+05:30,AI,AI706,ECONOMY,,15,4120,1056,0,5176,INR,,,,79538ebecf04f6d6011dbd1f05a93eeb9a2d676d553c6766bb41458a576b6ea4,VALID,1.0,,1,2026-08-04T02:30:00+05:30
e9523a71c509488eac5e3e5b9839f595,backfill-20260906-213201,simulator,DEL,BOM,DEL-BOM,2026-08-19,2026-08-04,2026-08-04T02:30:00+05:30,QP,QP761,ECONOMY,,15,3926,1046,0,4972,INR,,,,afba6213782591d9dc07fa7edf30c5ce94ef7402c792bcb3a33081cee681966c,VALID,1.0,,1,2026-08-04T02:30:00+05:30
3f7040f73bf747a69332d37ebf31672d,backfill-20260906-213201,simulator,DEL,BOM,DEL-BOM,2026-08-19,2026-08-04,2026-08-04T02:30:00+05:30,SG,SG799,ECONOMY,,15,3593,1030,0,4623,INR,,,,78501363b4929033fae8d90ad9c586ad8e39eb859e9240415c6a70ad42606e93,VALID,1.0,,1,2026-08-04T02:30:00+05:30
10a200fbedba44b7909dc47d4879e1cb,backfill-20260906-213201,simulator,DEL,BOM,DEL-BOM,2026-09-03,2026-08-04,2026-08-04T02:30:00+05:30,6E,6.00E+299,ECONOMY,,30,3730,1037,0,4767,INR,,,,01550e9fee209e56372f3071e3adf85f7c1df706738004e504768a07491cdbb6,VALID,1.0,,1,2026-08-04T02:30:00+05:30
fb1fcbc2d70a46f7b45f427afbf253d7,backfill-20260906-213201,simulator,DEL,BOM,DEL-BOM,2026-09-03,2026-08-04,2026-08-04T02:30:00+05:30,6E,6.00E+251,ECONOMY,,30,3235,1012,0,4247,INR,,,,732ed656d7f24b17130470e765dca809f5c017593ac3503dbf96755fd15f5f2d,VALID,1.0,,1,2026-08-04T02:30:00+05:30
236470ff76924b27bfe13970806dff41,backfill-20260906-213201,simulator,DEL,BOM,DEL-BOM,2026-09-03,2026-08-04,2026-08-04T02:30:00+05:30,6E,6E955,ECONOMY,,30,3810,1040,0,4850,INR,,,,1d35ad272943bc178f55c10200f3ec215c2646f63803468b17f17b50fe405e28,VALID,1.0,,1,2026-08-04T02:30:00+05:30
7985af29d3d94118951b2fe8d628f946,backfill-20260906-213201,simulator,DEL,BOM,DEL-BOM,2026-09-03,2026-08-04,2026-08-04T02:30:00+05:30,AI,AI255,ECONOMY,,30,3685,1034,0,4719,INR,,,,fbbfd896cd50ebbe5128d99611e30f7522c5a9ca6723c3f4bea735b235a55898,VALID,1.0,,1,2026-08-04T02:30:00+05:30
4378fee129dd40d4884b9c741097f857,backfill-20260906-213201,simulator,DEL,BOM,DEL-BOM,2026-09-03,2026-08-04,2026-08-04T02:30:00+05:30,AI,AI510,ECONOMY,,30,3544,1027,0,4571,INR,,,,cdb45ef0df6b71427afde2b7529f22dcc605ff11d76bd1647cf3187b718acfd5,VALID,1.0,,1,2026-08-04T02:30:00+05:30
e7239ccb6c8c4d6d949b2943f6a2dfbc,backfill-20260906-213201,simulator,DEL,BOM,DEL-BOM,2026-09-03,2026-08-04,2026-08-04T02:30:00+05:30,QP,QP802,ECONOMY,,30,3502,1025,0,4527,INR,,,,222a6b0e8c9dccf5cf6ef0d31facfc0341f129a811ba26f7e2428c3c41c3be45,VALID,1.0,,1,2026-08-04T02:30:00+05:30
56de5401ddb3495e9415f8d470a68994,backfill-20260906-213201,simulator,DEL,BOM,DEL-BOM,2026-09-03,2026-08-04,2026-08-04T02:30:00+05:30,SG,SG992,ECONOMY,,30,3641,1032,0,4673,INR,,,,d16037ff86561f517f383f9f248557c414750eddff56cc989fc66a40b817ce23,VALID,1.0,,1,2026-08-04T02:30:00+05:30
a3ec79424eb94681812d179c31f49711,backfill-20260906-213201,simulator,DEL,BOM,DEL-BOM,2026-09-18,2026-08-04,2026-08-04T02:30:00+05:30,6E,6E533,ECONOMY,,45,4152,1058,0,5210,INR,,,,99eaf2b2ab11b543698d027d2acbf01f4539b6a607d5fcb02f5054dc57fee8e9,VALID,1.0,,1,2026-08-04T02:30:00+05:30
2deb71b0a55c4f0b995bb11dfce0f9f0,backfill-20260906-213201,simulator,DEL,BOM,DEL-BOM,2026-09-18,2026-08-04,2026-08-04T02:30:00+05:30,6E,6E633,ECONOMY,,45,3835,1042,0,4877,INR,,,,112bb2392d4c9491b1bc1d4d43b9935525ab8d5fc7b1b18c6a35fe1f29432a3d,VALID,1.0,,1,2026-08-04T02:30:00+05:30
e0928b3f24074839a772bf1b0ac0d3f8,backfill-20260906-213201,simulator,DEL,BOM,DEL-BOM,2026-09-18,2026-08-04,2026-08-04T02:30:00+05:30,6E,6E322,ECONOMY,,45,4122,1056,0,5178,INR,,,,7a896fc92ee21500e15b13bb1f34553177b6deafe0ca8f76ced4bd92ed34183e,VALID,1.0,,1,2026-08-04T02:30:00+05:30
4bfc27954a5341c8a88e27df18442735,backfill-20260906-213201,simulator,DEL,BOM,DEL-BOM,2026-09-18,2026-08-04,2026-08-04T02:30:00+05:30,AI,AI592,ECONOMY,,45,3593,1030,0,4623,INR,,,,051e733d2b4970a18e37a1489ee70e7d0a5ba22ceca149f48f26476e1a7215b2,VALID,1.0,,1,2026-08-04T02:30:00+05:30
0dd816ed82734f53b01b4646a53fbdd8,backfill-20260906-213201,simulator,DEL,BOM,DEL-BOM,2026-09-18,2026-08-04,2026-08-04T02:30:00+05:30,AI,AI808,ECONOMY,,45,4260,1063,0,5323,INR,,,,18159e13cb042b5dc75139ae60528628f516619eb475bae6b5c2dc34839cae67,VALID,1.0,,1,2026-08-04T02:30:00+05:30
ed65ce697b584180b2bb425f8b0f51b4,backfill-20260906-213201,simulator,DEL,BOM,DEL-BOM,2026-09-18,2026-08-04,2026-08-04T02:30:00+05:30,QP,QP711,ECONOMY,,45,4428,1071,0,5499,INR,,,,307fb32d9d473b6d843ffc6258c8cf163660b000fcb11a73824c6ab48fd3e4bf,VALID,1.0,,1,2026-08-04T02:30:00+05:30
ad74ea8b67644ddba1c848c45fa05b55,backfill-20260906-213201,simulator,DEL,BOM,DEL-BOM,2026-09-18,2026-08-04,2026-08-04T02:30:00+05:30,SG,SG845,ECONOMY,,45,3745,1037,0,4782,INR,,,,328a073d5de878d1496fffcf5cdb28bc68e5c3fcb3a2bf00186abb0b066f6809,VALID,1.0,,1,2026-08-04T02:30:00+05:30
704d2b726653411585e4ae25d30d513e,backfill-20260906-213201,simulator,DEL,BLR,DEL-BLR,2026-08-05,2026-08-04,2026-08-04T02:30:00+05:30,6E,6E366,ECONOMY,,1,9010,1301,0,10311,INR,,,,2ffb78f1672422287c000fbfec34dc9dcac3698630f6d9f210f28467ad2fd3cf,VALID,1.0,,1,2026-08-04T02:30:00+05:30
85631ec5936d4f8d9253dde9c78ca700,backfill-20260906-213201,simulator,DEL,BLR,DEL-BLR,2026-08-05,2026-08-04,2026-08-04T02:30:00+05:30,6E,6E518,ECONOMY,,1,9655,1333,0,10988,INR,,,,a70a964c9da3e2711fe2d45d14315bbefe8405f1571b2666a173d0ee9dd0a794,VALID,1.0,,1,2026-08-04T02:30:00+05:30
e3532f6b9b754b25b399f66ab299a931,backfill-20260906-213201,simulator,DEL,BLR,DEL-BLR,2026-08-05,2026-08-04,2026-08-04T02:30:00+05:30,6E,6.00E+307,ECONOMY,,1,9262,1313,0,10575,INR,,,,6ec53cd29a50021b38c371453b36b4c035db41b039c8a8cd0ea6720f4307de30,VALID,1.0,,1,2026-08-04T02:30:00+05:30
16028af60f2645b9a1fcdb15bf689dd7,backfill-20260906-213201,simulator,DEL,BLR,DEL-BLR,2026-08-05,2026-08-04,2026-08-04T02:30:00+05:30,AI,AI495,ECONOMY,,1,10626,1381,0,12007,INR,,,,8e1bed5421eb9632aa25b7c335e9ee75958b86feefd6f0b55698eedd6dd495e7,VALID,1.0,,1,2026-08-04T02:30:00+05:30
454631ccc8a84432a3f0e10b0877a9dc,backfill-20260906-213201,simulator,DEL,BLR,DEL-BLR,2026-08-05,2026-08-04,2026-08-04T02:30:00+05:30,AI,AI948,ECONOMY,,1,9149,1307,0,10456,INR,,,,b40e2375969a69a34388fa0877ace0c2dace4cdde9fad3cf3fcc829414ab7f8e,VALID,1.0,,1,2026-08-04T02:30:00+05:30
c582e2fc902f437fb5a33d98a4480763,backfill-20260906-213201,simulator,DEL,BLR,DEL-BLR,2026-08-05,2026-08-04,2026-08-04T02:30:00+05:30,QP,QP910,ECONOMY,,1,8697,1285,0,9982,INR,,,,26b33757ac6f2a4cda8c6a88d5a3855d4f47b4aa6983fba684cacabec4f180a8,VALID,1.0,,1,2026-08-04T02:30:00+05:30
11a1eb461acc4f54a77ab07536686546,backfill-20260906-213201,simulator,DEL,BLR,DEL-BLR,2026-08-05,2026-08-04,2026-08-04T02:30:00+05:30,SG,SG913,ECONOMY,,1,7819,1241,0,9060,INR,,,,85d80135251a1354d756c3c4a71640aa2a06727cde50bc187ecaa0f229c1cb6b,VALID,1.0,,1,2026-08-04T02:30:00+05:30
2db300e28c354624aa7773d27f063eec,backfill-20260906-213201,simulator,DEL,BLR,DEL-BLR,2026-08-11,2026-08-04,2026-08-04T02:30:00+05:30,6E,6E820,ECONOMY,,7,5410,1120,0,6530,INR,,,,b28b267ca2e016674a58da6e66c0da8e3e78b2ff494b96f5e11fa7a1815c8a07,VALID,1.0,,1,2026-08-04T02:30:00+05:30
1bd2539bc5a1413f8ad405a8524ebab1,backfill-20260906-213201,simulator,DEL,BLR,DEL-BLR,2026-08-11,2026-08-04,2026-08-04T02:30:00+05:30,6E,6E783,ECONOMY,,7,5104,1105,0,6209,INR,,,,f0a720a715a37ce3d56ae4dc62a40b13ac96cfa05d8023bf37c441a86c268685,VALID,1.0,,1,2026-08-04T02:30:00+05:30
6a4862cf889041edaa7c73349328728d,backfill-20260906-213201,simulator,DEL,BLR,DEL-BLR,2026-08-11,2026-08-04,2026-08-04T02:30:00+05:30,6E,6E499,ECONOMY,,7,5549,1127,0,6676,INR,,,,c07a6475dcb36ca3c1ef514e47d87af3c4050a3749452a20f0e42f1033b03e7b,VALID,1.0,,1,2026-08-04T02:30:00+05:30
10572e41fba847b5aca24b868fb02019,backfill-20260906-213201,simulator,DEL,BLR,DEL-BLR,2026-08-11,2026-08-04,2026-08-04T02:30:00+05:30,AI,AI625,ECONOMY,,7,6932,1197,0,8129,INR,,,,77b1aa4d92c7043cc9c1451ed4004c3654582d5999209a96b5b77015d005c552,VALID,1.0,,1,2026-08-04T02:30:00+05:30
3723225712784d2e883cc4a32ff2dc90,backfill-20260906-213201,simulator,DEL,BLR,DEL-BLR,2026-08-11,2026-08-04,2026-08-04T02:30:00+05:30,AI,AI641,ECONOMY,,7,5677,1134,0,6811,INR,,,,31bd5f9755cc3603b5d2a5ccd53ec22077dec75e2da705dc16c05ef98cc1ed0b,VALID,1.0,,1,2026-08-04T02:30:00+05:30
96ec6f6d0ea345259114b95a5650216d,backfill-20260906-213201,simulator,DEL,BLR,DEL-BLR,2026-08-11,2026-08-04,2026-08-04T02:30:00+05:30,QP,QP453,ECONOMY,,7,6116,1156,0,7272,INR,,,,06ee45ae6a400b323f3bd3ba4f83214664e3ad2b72473cba4a2312e38307f676,VALID,1.0,,1,2026-08-04T02:30:00+05:30
7618ef04347d4465a3eaa3bdb5c3f3ba,backfill-20260906-213201,simulator,DEL,BLR,DEL-BLR,2026-08-11,2026-08-04,2026-08-04T02:30:00+05:30,SG,SG656,ECONOMY,,7,5204,1110,0,6314,INR,,,,b7862ac58cde37ebe8fd359ec5179ac3f068eaad35508de311091449c6780e75,VALID,1.0,,1,2026-08-04T02:30:00+05:30
a56ead59559446558d38159d6fcddce1,backfill-20260906-213201,simulator,DEL,BLR,DEL-BLR,2026-08-19,2026-08-04,2026-08-04T02:30:00+05:30,6E,6E364,ECONOMY,,15,4007,1050,0,5057,INR,,,,e1fd7423382eb479c9df442eeeebc468be4bf5f0c24a245292403db1e0f86d1f,VALID,1.0,,1,2026-08-04T02:30:00+05:30
2e3e0aa3ad94450a9daf265550b29a21,backfill-20260906-213201,simulator,DEL,BLR,DEL-BLR,2026-08-19,2026-08-04,2026-08-04T02:30:00+05:30,6E,6E810,ECONOMY,,15,4050,1053,0,5103,INR,,,,f9d68789c0802041098fffb250b563b5b4f6c067f5fa952090fea06e306b02cd,VALID,1.0,,1,2026-08-04T02:30:00+05:30
d4cf9eb12f38443681d6ae8fa8b7a3ca,backfill-20260906-213201,simulator,DEL,BLR,DEL-BLR,2026-08-19,2026-08-04,2026-08-04T02:30:00+05:30,6E,6E986,ECONOMY,,15,4757,1088,0,5845,INR,,,,f601430852b0cf55a04d523c85f71883b1c57f43902011aa9347cad8df21ddb7,VALID,1.0,,1,2026-08-04T02:30:00+05:30
828c2fb6d5084a72a96ccfdb40e3a53b,backfill-20260906-213201,simulator,DEL,BLR,DEL-BLR,2026-08-19,2026-08-04,2026-08-04T02:30:00+05:30,AI,AI865,ECONOMY,,15,5271,1114,0,6385,INR,,,,f31f9c805894c6ecf9fa04738e3b7bf77e6da54e161a3b803c717641d79269e1,VALID,1.0,,1,2026-08-04T02:30:00+05:30
46eacc6bf0bd46e78fd9d6f8024454e8,backfill-20260906-213201,simulator,DEL,BLR,DEL-BLR,2026-08-19,2026-08-04,2026-08-04T02:30:00+05:30,AI,AI725,ECONOMY,,15,4515,1076,0,5591,INR,,,,151432b1ca4ab301207037b277db5afabccb0896b71bfc68dfc1fdaabca9791c,VALID,1.0,,1,2026-08-04T02:30:00+05:30
253093a321824b25ae26ec7e9abea420,backfill-20260906-213201,simulator,DEL,BLR,DEL-BLR,2026-08-19,2026-08-04,2026-08-04T02:30:00+05:30,QP,QP393,ECONOMY,,15,4079,1054,0,5133,INR,,,,12ba644605ed383dc02961c7e09e4297979a279edab77aabe5ed882005271a1f,VALID,1.0,,1,2026-08-04T02:30:00+05:30
c830f9907575479c97a1fc4a39bc312a,backfill-20260906-213201,simulator,DEL,BLR,DEL-BLR,2026-08-19,2026-08-04,2026-08-04T02:30:00+05:30,SG,SG640,ECONOMY,,15,4879,1094,0,5973,INR,,,,6f2db29a840d016e1cd8fc95c14ab9024ec8fdbc67df62a9ad747d7de673d7c9,VALID,1.0,,1,2026-08-04T02:30:00+05:30
e150f0f4dcd14fc59f042c886aaed6db,backfill-20260906-213201,simulator,DEL,BLR,DEL-BLR,2026-09-03,2026-08-04,2026-08-04T02:30:00+05:30,6E,6E765,ECONOMY,,30,4605,1080,0,5685,INR,,,,bc675d966882517b0155b4a860e3f76d3f26084655b229b3e683d43919b70be4,VALID,1.0,,1,2026-08-04T02:30:00+05:30
d7bc402700914b5d874a20f05ddfe48c,backfill-20260906-213201,simulator,DEL,BLR,DEL-BLR,2026-09-03,2026-08-04,2026-08-04T02:30:00+05:30,6E,6E746,ECONOMY,,30,4147,1057,0,5204,INR,,,,73fd0da17a73ad63aed19fb5594239b20f3cf81f2290c4f5d5a6d6608ee37ad5,VALID,1.0,,1,2026-08-04T02:30:00+05:30
845380a2c5454b2cbf33f26165516eda,backfill-20260906-213201,simulator,DEL,BLR,DEL-BLR,2026-09-03,2026-08-04,2026-08-04T02:30:00+05:30,6E,6.00E+214,ECONOMY,,30,3663,1033,0,4696,INR,,,,d03244b07c1ce8b25b6c44c0a7ba9ba009429d250b90b62a85fde267728c5391,VALID,1.0,,1,2026-08-04T02:30:00+05:30
bea52232f39246558801f3278e27ccad,backfill-20260906-213201,simulator,DEL,BLR,DEL-BLR,2026-09-03,2026-08-04,2026-08-04T02:30:00+05:30,AI,AI662,ECONOMY,,30,4455,1073,0,5528,INR,,,,19c70f2f227d46f85a620821a0b302c011a1d74a70c9ee6c7b4634f99c69fe37,VALID,1.0,,1,2026-08-04T02:30:00+05:30
47aaf41a1745421d88fe1df134512427,backfill-20260906-213201,simulator,DEL,BLR,DEL-BLR,2026-09-03,2026-08-04,2026-08-04T02:30:00+05:30,AI,AI913,ECONOMY,,30,4606,1080,0,5686,INR,,,,fe34af8f2557bdbd9fbd4a20f90b47ac367f9126b506eb232edcd1333b08437f,VALID,1.0,,1,2026-08-04T02:30:00+05:30
84b182fd92824b7399bd5ef44605d9f8,backfill-20260906-213201,simulator,DEL,BLR,DEL-BLR,2026-09-03,2026-08-04,2026-08-04T02:30:00+05:30,QP,QP331,ECONOMY,,30,3929,1046,0,4975,INR,,,,123b5a620960690e877fca6564c5ce11a460d2466ef8467bbb0705b9db017c97,VALID,1.0,,1,2026-08-04T02:30:00+05:30
a07078bdda2449f388a64600041d0d80,backfill-20260906-213201,simulator,DEL,BLR,DEL-BLR,2026-09-03,2026-08-04,2026-08-04T02:30:00+05:30,SG,SG441,ECONOMY,,30,3910,1045,0,4955,INR,,,,d8bbf292c4cc78e4732badfb167b6275ad0af75f69e4fe62f4be363048c32a10,VALID,1.0,,1,2026-08-04T02:30:00+05:30
329ee968530842f0982ef49447fcfd40,backfill-20260906-213201,simulator,DEL,BLR,DEL-BLR,2026-09-18,2026-08-04,2026-08-04T02:30:00+05:30,6E,6E573,ECONOMY,,45,4702,1085,0,5787,INR,,,,110fbcd8f2ef9c0584a62cc30f32dc92fe5cb26f2ffd4e7587224874884b248c,VALID,1.0,,1,2026-08-04T02:30:00+05:30
589d2e24a43f4f129a7741a70871060a,backfill-20260906-213201,simulator,DEL,BLR,DEL-BLR,2026-09-18,2026-08-04,2026-08-04T02:30:00+05:30,6E,6E637,ECONOMY,,45,4070,1053,0,5123,INR,,,,c6b8832665fa0671716e5dfcd954ca40ec400bf179aa9ff3554045cbccb5c8e8,VALID,1.0,,1,2026-08-04T02:30:00+05:30
765a47ab05644a43902c6549fcdae353,backfill-20260906-213201,simulator,DEL,BLR,DEL-BLR,2026-09-18,2026-08-04,2026-08-04T02:30:00+05:30,6E,6E908,ECONOMY,,45,4613,1081,0,5694,INR,,,,88794c3ca865227361ecb7d69522297a4097ba3777e137f58fdf039fa07f5702,VALID,1.0,,1,2026-08-04T02:30:00+05:30
c8cbffd30ca646978aa285362bd0b9fc,backfill-20260906-213201,simulator,DEL,BLR,DEL-BLR,2026-09-18,2026-08-04,2026-08-04T02:30:00+05:30,AI,AI750,ECONOMY,,45,5677,1134,0,6811,INR,,,,2bdbe0ab0bfe582c371db7d27a4c9574c2befe2676ade512f26e7ac34793daef,VALID,1.0,,1,2026-08-04T02:30:00+05:30
e8e44b15d0924c1fb42caba424face24,backfill-20260906-213201,simulator,DEL,BLR,DEL-BLR,2026-09-18,2026-08-04,2026-08-04T02:30:00+05:30,AI,AI321,ECONOMY,,45,4270,1064,0,5334,INR,,,,34e0bfc58c011657345428924acdcd622be4a283ce2d9ca07a9b7619dfbad720,VALID,1.0,,1,2026-08-04T02:30:00+05:30
bc6fb11a94fd4109ac3aac187f6d768a,backfill-20260906-213201,simulator,DEL,BLR,DEL-BLR,2026-09-18,2026-08-04,2026-08-04T02:30:00+05:30,QP,QP630,ECONOMY,,45,3967,1048,0,5015,INR,,,,5beec42893f866095e5cbf5e358e640a642edf4f7221a7bed0be04d5fe376fd1,VALID,1.0,,1,2026-08-04T02:30:00+05:30
6569f9ea2b2f4280a5186b597a8d722d,backfill-20260906-213201,simulator,DEL,BLR,DEL-BLR,2026-09-18,2026-08-04,2026-08-04T02:30:00+05:30,SG,SG282,ECONOMY,,45,3949,1047,0,4996,INR,,,,311b3138503e827b6347d91de0b6dac20ad9252984cdc61e7fcb0d1c322d348f,VALID,1.0,,1,2026-08-04T02:30:00+05:30
a4e14e142c934301a3d5f8d017f25bfa,backfill-20260906-213201,simulator,DEL,BOM,DEL-BOM,2026-08-06,2026-08-05,2026-08-05T02:30:00+05:30,6E,6E773,ECONOMY,,1,8075,1254,0,9329,INR,,,,ffd0260781e038669a3144c7912a6f5b2c8d3c21ed2933357805b2a6226e1d85,VALID,1.0,,1,2026-08-05T02:30:00+05:30
86465a248628447591c9b988466453ae,backfill-20260906-213201,simulator,DEL,BOM,DEL-BOM,2026-08-06,2026-08-05,2026-08-05T02:30:00+05:30,6E,6E539,ECONOMY,,1,7684,1234,0,8918,INR,,,,caa07aa64e10b3f8573bc2ff97faf953f5e600ba043dddb8606b6ad4febac0bf,VALID,1.0,,1,2026-08-05T02:30:00+05:30
17ccef4aac594b1e9e251bc3dc1903c4,backfill-20260906-213201,simulator,DEL,BOM,DEL-BOM,2026-08-06,2026-08-05,2026-08-05T02:30:00+05:30,6E,6E605,ECONOMY,,1,9600,1330,0,10930,INR,,,,26ed90171b731fb5ed105dfc84b98024aba3e8240c3881d8252e74503110648c,VALID,1.0,,1,2026-08-05T02:30:00+05:30
d265ff5c13074d93a605c39aa748cc86,backfill-20260906-213201,simulator,DEL,BOM,DEL-BOM,2026-08-06,2026-08-05,2026-08-05T02:30:00+05:30,AI,AI701,ECONOMY,,1,10114,1356,0,11470,INR,,,,36547d4ed1130841faf470fb001d0ef886b96773bf6cd918a663011d990b4822,VALID,1.0,,1,2026-08-05T02:30:00+05:30
79f943d1102f47f2a2cfd03d1f677f50,backfill-20260906-213201,simulator,DEL,BOM,DEL-BOM,2026-08-06,2026-08-05,2026-08-05T02:30:00+05:30,AI,AI238,ECONOMY,,1,9503,1325,0,10828,INR,,,,ac3d67e004e7f0cd4ac7280b3f6cfeb57d8a7cdb1be9fdc7245c325ee5ca35df,VALID,1.0,,1,2026-08-05T02:30:00+05:30
725442c8924c4903b174680a29f72029,backfill-20260906-213201,simulator,DEL,BOM,DEL-BOM,2026-08-06,2026-08-05,2026-08-05T02:30:00+05:30,QP,QP239,ECONOMY,,1,8204,1260,0,9464,INR,,,,52e83f0e6d72cf0a4d86791efba02aebe6b62d663f61b6dbdcace59f4dece0f3,VALID,1.0,,1,2026-08-05T02:30:00+05:30
a135cf33f77e4e69aa6adade07b67bbc,backfill-20260906-213201,simulator,DEL,BOM,DEL-BOM,2026-08-06,2026-08-05,2026-08-05T02:30:00+05:30,SG,SG494,ECONOMY,,1,8095,1255,0,9350,INR,,,,e49c9e26dc815f63627cded0804b3fb500730ba1603cd67bc80e768933630b3a,VALID,1.0,,1,2026-08-05T02:30:00+05:30
c6410875c84e448f9560baac2749c784,backfill-20260906-213201,simulator,DEL,BOM,DEL-BOM,2026-08-12,2026-08-05,2026-08-05T02:30:00+05:30,6E,6E342,ECONOMY,,7,4795,1090,0,5885,INR,,,,9b2175001945c025ea9d24ad2569feda03ada0c87bf6cf506e1bf39d614cc8cf,VALID,1.0,,1,2026-08-05T02:30:00+05:30
031e33e57bc7445a803d24f07342bb9b,backfill-20260906-213201,simulator,DEL,BOM,DEL-BOM,2026-08-12,2026-08-05,2026-08-05T02:30:00+05:30,6E,6.00E+229,ECONOMY,,7,4438,1072,0,5510,INR,,,,b0ea67f6932c714e82f32d297fae2cf2b26ac8fbf1c4cc110c04c309f1a80d27,VALID,1.0,,1,2026-08-05T02:30:00+05:30
e5dbe1e5e27641fa94263cdd04a16fc2,backfill-20260906-213201,simulator,DEL,BOM,DEL-BOM,2026-08-12,2026-08-05,2026-08-05T02:30:00+05:30,6E,6E326,ECONOMY,,7,5208,1110,0,6318,INR,,,,9ba5febb77df3dd4ecfb560f4655036dd52b57ce54c9bb6870ade4c9b6dd23d3,VALID,1.0,,1,2026-08-05T02:30:00+05:30
d26e1886ca5545d593ec571f9c28247f,backfill-20260906-213201,simulator,DEL,BOM,DEL-BOM,2026-08-12,2026-08-05,2026-08-05T02:30:00+05:30,AI,AI918,ECONOMY,,7,6068,1153,0,7221,INR,,,,80e892c6cae058719fa18e158bee43fc6daf45cd585fa85bc8dcf5ec5f6a7802,VALID,1.0,,1,2026-08-05T02:30:00+05:30
87fadc3889d24f9fb7c446d4ee68c42d,backfill-20260906-213201,simulator,DEL,BOM,DEL-BOM,2026-08-12,2026-08-05,2026-08-05T02:30:00+05:30,AI,AI246,ECONOMY,,7,5653,1133,0,6786,INR,,,,ebcec2054635e351f7456dcece378d1b9cf8c732ca834d83bdbf12527a121fb4,VALID,1.0,,1,2026-08-05T02:30:00+05:30
898492294c9642c486f6972e92cd6dcd,backfill-20260906-213201,simulator,DEL,BOM,DEL-BOM,2026-08-12,2026-08-05,2026-08-05T02:30:00+05:30,QP,QP250,ECONOMY,,7,5100,1105,0,6205,INR,,,,061ed05de6eec623bdca903f2c2c1f86ba88ae36c0d457e57b6bada553380d8e,VALID,1.0,,1,2026-08-05T02:30:00+05:30
00bce30f09934ffa9250a449789f2336,backfill-20260906-213201,simulator,DEL,BOM,DEL-BOM,2026-08-12,2026-08-05,2026-08-05T02:30:00+05:30,SG,SG707,ECONOMY,,7,5131,1107,0,6238,INR,,,,056675bc0a3d2ad165a49acd7d12415068ef227f5a9138ff22717b0e3074a399,VALID,1.0,,1,2026-08-05T02:30:00+05:30
91be11b5d0034d13a91e7184e50d62fb,backfill-20260906-213201,simulator,DEL,BOM,DEL-BOM,2026-08-20,2026-08-05,2026-08-05T02:30:00+05:30,6E,6E535,ECONOMY,,15,4025,1051,0,5076,INR,,,,eae5b61f12ac712e46b0cf315988a4fa2981378cfe5e98d06a84045706c84138,VALID,1.0,,1,2026-08-05T02:30:00+05:30
b0adce5819cc4fcd9ee82427828fe710,backfill-20260906-213201,simulator,DEL,BOM,DEL-BOM,2026-08-20,2026-08-05,2026-08-05T02:30:00+05:30,6E,6.00E+302,ECONOMY,,15,4173,1059,0,5232,INR,,,,331e55d510c6726bea03ca4b6fc6abf463492ca59214c185e3bce6ef548c3ef4,VALID,1.0,,1,2026-08-05T02:30:00+05:30
9e07a8b1c1b149f999a0049e7f71b14f,backfill-20260906-213201,simulator,DEL,BOM,DEL-BOM,2026-08-20,2026-08-05,2026-08-05T02:30:00+05:30,6E,6E914,ECONOMY,,15,4476,1074,0,5550,INR,,,,99ad1db2683c5d8ef554b750887d93e935c7ecee21df19b351fe1addc7f6b27a,VALID,1.0,,1,2026-08-05T02:30:00+05:30
1a71ae2fa4654ebc96ca459d61d6bc34,backfill-20260906-213201,simulator,DEL,BOM,DEL-BOM,2026-08-20,2026-08-05,2026-08-05T02:30:00+05:30,AI,AI723,ECONOMY,,15,4289,1064,0,5353,INR,,,,4721b763b066fc4c6dd9ae8ad1ff7fba666c369d88d66e18ff63621c601d6e87,VALID,1.0,,1,2026-08-05T02:30:00+05:30
b19ff99754e248688499a7a2d3481397,backfill-20260906-213201,simulator,DEL,BOM,DEL-BOM,2026-08-20,2026-08-05,2026-08-05T02:30:00+05:30,AI,AI743,ECONOMY,,15,4684,1084,0,5768,INR,,,,c13a766c4fb2d411fcb26c54c2cdda741f3e30c55033142135c81f90bb08495b,VALID,1.0,,1,2026-08-05T02:30:00+05:30
53dc5e0382bb4bd7991bbc9154993cbd,backfill-20260906-213201,simulator,DEL,BOM,DEL-BOM,2026-08-20,2026-08-05,2026-08-05T02:30:00+05:30,QP,QP278,ECONOMY,,15,4774,1089,0,5863,INR,,,,f8f000d0f4da60a43bd9b20aa00fc99c94fa4e36a6e2d91e6efc271fea163ed4,VALID,1.0,,1,2026-08-05T02:30:00+05:30
d7ea5bd3e0274b6a8b222ee6e15efc36,backfill-20260906-213201,simulator,DEL,BOM,DEL-BOM,2026-08-20,2026-08-05,2026-08-05T02:30:00+05:30,SG,SG858,ECONOMY,,15,3970,1048,0,5018,INR,,,,25e83170715a135e20000ca35c2eafb9deb0cc59c593f4932951392833ab2ea0,VALID,1.0,,1,2026-08-05T02:30:00+05:30
ce00e5e14f44447d86e6ddb5bada4698,backfill-20260906-213201,simulator,DEL,BOM,DEL-BOM,2026-09-04,2026-08-05,2026-08-05T02:30:00+05:30,6E,6E423,ECONOMY,,30,4031,1052,0,5083,INR,,,,dbf59daf6d724b041c8a5de99c6062f8497152b007dbbebbcf43f4fe55c00e04,VALID,1.0,,1,2026-08-05T02:30:00+05:30
d59b41c547fa4442ad19ba4153ec1c6d,backfill-20260906-213201,simulator,DEL,BOM,DEL-BOM,2026-09-04,2026-08-05,2026-08-05T02:30:00+05:30,6E,6E330,ECONOMY,,30,3937,1047,0,4984,INR,,,,0c7ea0cc66c37f9e4e890929a8b411d51ad7b82fa6d13d83cecd410fedcf4153,VALID,1.0,,1,2026-08-05T02:30:00+05:30
5d424023166d476db4301ef6bbac71ae,backfill-20260906-213201,simulator,DEL,BOM,DEL-BOM,2026-09-04,2026-08-05,2026-08-05T02:30:00+05:30,6E,6E819,ECONOMY,,30,3470,1023,0,4493,INR,,,,2fa5c079d15a0c97ae8f216622175f39a6e351653a498374672f2068c3ca486f,VALID,1.0,,1,2026-08-05T02:30:00+05:30
0a26e4455adf4511a99e1ad27b09d6e5,backfill-20260906-213201,simulator,DEL,BOM,DEL-BOM,2026-09-04,2026-08-05,2026-08-05T02:30:00+05:30,AI,AI533,ECONOMY,,30,4772,1089,0,5861,INR,,,,e8cbd3ecd359eba5a1f2577ec41c8a01c6676107dd0054f14f54b6f9994263d0,VALID,1.0,,1,2026-08-05T02:30:00+05:30
c7c0e968e45c4f8a968d6502078795f0,backfill-20260906-213201,simulator,DEL,BOM,DEL-BOM,2026-09-04,2026-08-05,2026-08-05T02:30:00+05:30,AI,AI950,ECONOMY,,30,4581,1079,0,5660,INR,,,,902770a3adc865339e541ccc338abbe12ac474f5a53431d51e33fce6b3a09490,VALID,1.0,,1,2026-08-05T02:30:00+05:30
3ab87bb69cd24ac684b40825b43f3309,backfill-20260906-213201,simulator,DEL,BOM,DEL-BOM,2026-09-04,2026-08-05,2026-08-05T02:30:00+05:30,QP,QP739,ECONOMY,,30,3467,1023,0,4490,INR,,,,79365f03ce529fc72cc98681b271faea8e098dba37ff7e9bf25327c16f1005b3,VALID,1.0,,1,2026-08-05T02:30:00+05:30
5aace26b3510427aa4724e3e2ef9b2e9,backfill-20260906-213201,simulator,DEL,BOM,DEL-BOM,2026-09-04,2026-08-05,2026-08-05T02:30:00+05:30,SG,SG685,ECONOMY,,30,3658,1033,0,4691,INR,,,,41617629d65b582dde18029a0f23b77bb3b871b8abb4bcb765c7e97e77660ad2,VALID,1.0,,1,2026-08-05T02:30:00+05:30
08c83dfab4ab43d2b1827abbcdaa2851,backfill-20260906-213201,simulator,DEL,BOM,DEL-BOM,2026-09-19,2026-08-05,2026-08-05T02:30:00+05:30,6E,6E466,ECONOMY,,45,3088,1004,0,4092,INR,,,,0df556431c5cc5837e3cf7eea0fd3bfeb1652525f29085fd2ab263a1202c538a,VALID,1.0,,1,2026-08-05T02:30:00+05:30
45626f941acd4ae890e62717e2088e6f,backfill-20260906-213201,simulator,DEL,BOM,DEL-BOM,2026-09-19,2026-08-05,2026-08-05T02:30:00+05:30,6E,6E470,ECONOMY,,45,3716,1036,0,4752,INR,,,,36d7e008e7c5cee76a7ad626d35ab5a16a26aa579e9a461032b93b9380877aa9,VALID,1.0,,1,2026-08-05T02:30:00+05:30
32f842cb583941d6bf694ca7a53c328b,backfill-20260906-213201,simulator,DEL,BOM,DEL-BOM,2026-09-19,2026-08-05,2026-08-05T02:30:00+05:30,6E,6.00E+306,ECONOMY,,45,2875,994,0,3869,INR,,,,3773b00c3c1c0496b9d363efeca24272c9a645052ecb4f5d070b4f56826aa8f9,VALID,1.0,,1,2026-08-05T02:30:00+05:30
5ea03a4e34264ebda3a3eb74044ffa32,backfill-20260906-213201,simulator,DEL,BOM,DEL-BOM,2026-09-19,2026-08-05,2026-08-05T02:30:00+05:30,AI,AI246,ECONOMY,,45,3359,1018,0,4377,INR,,,,c00bb35b4d9a5281bf40c9850a359920ac991c8f3b7bb01920cc85a829abd59b,VALID,1.0,,1,2026-08-05T02:30:00+05:30
a9cc69f431ee41f6ba5907164c955241,backfill-20260906-213201,simulator,DEL,BOM,DEL-BOM,2026-09-19,2026-08-05,2026-08-05T02:30:00+05:30,AI,AI209,ECONOMY,,45,3519,1026,0,4545,INR,,,,5f31727384d97b97a7e6281100622d4d9d145c6704d76ec5b14d8a0085bdcde8,VALID,1.0,,1,2026-08-05T02:30:00+05:30
281e2c2adf614dc59a5bacb86dd2aa5c,backfill-20260906-213201,simulator,DEL,BOM,DEL-BOM,2026-09-19,2026-08-05,2026-08-05T02:30:00+05:30,QP,QP429,ECONOMY,,45,3223,1011,0,4234,INR,,,,b5a82e63a3a35d627c4a99df1f2e26d8448dfcb8221755051aac15f79b9d2b21,VALID,1.0,,1,2026-08-05T02:30:00+05:30
289a1ade76294f7d8a8cefcd76015e31,backfill-20260906-213201,simulator,DEL,BOM,DEL-BOM,2026-09-19,2026-08-05,2026-08-05T02:30:00+05:30,SG,SG279,ECONOMY,,45,2609,980,0,3589,INR,,,,3916b4a4409e60a1a91107f859b05c9ab64c36e521a28c4cc5bf83a5c23b89ca,VALID,1.0,,1,2026-08-05T02:30:00+05:30
ea829420895e4991b2ef14ca6b325a7c,backfill-20260906-213201,simulator,DEL,BLR,DEL-BLR,2026-08-06,2026-08-05,2026-08-05T02:30:00+05:30,6E,6E501,ECONOMY,,1,10268,1363,0,11631,INR,,,,eddd74ad6f1aa6a68972c964d7a7d2f0bdfad6ba9945d8f62b1a2c5d7e1f0df3,VALID,1.0,,1,2026-08-05T02:30:00+05:30
d24c8f7b7dfa4b8fa31ddf4d010f3a9c,backfill-20260906-213201,simulator,DEL,BLR,DEL-BLR,2026-08-06,2026-08-05,2026-08-05T02:30:00+05:30,6E,6E480,ECONOMY,,1,9665,1333,0,10998,INR,,,,5428230a889d00801fb25609a9fba67491ad559705012f9e07064b9c611f6a45,VALID,1.0,,1,2026-08-05T02:30:00+05:30
9640432c52f14fc98a7f7a7cd60fa2f6,backfill-20260906-213201,simulator,DEL,BLR,DEL-BLR,2026-08-06,2026-08-05,2026-08-05T02:30:00+05:30,6E,6E324,ECONOMY,,1,9005,1300,0,10305,INR,,,,795b15155a6f469b12c7d5ed1f0e3a6badf26be934daf608052dd42fb3b08f5d,VALID,1.0,,1,2026-08-05T02:30:00+05:30
1d7790aed30546c0b5be71fe9d266969,backfill-20260906-213201,simulator,DEL,BLR,DEL-BLR,2026-08-06,2026-08-05,2026-08-05T02:30:00+05:30,AI,AI897,ECONOMY,,1,11354,1418,0,12772,INR,,,,a468c128b5fc31ec78703d7ccd263ae9bdfd6e04d5bc991526be8f201b17dc31,VALID,1.0,,1,2026-08-05T02:30:00+05:30
2e1d6e5c142942d291670a6a1712875a,backfill-20260906-213201,simulator,DEL,BLR,DEL-BLR,2026-08-06,2026-08-05,2026-08-05T02:30:00+05:30,AI,AI565,ECONOMY,,1,8752,1288,0,10040,INR,,,,299e76b0b2b4f9e972932d96934f4ec083a37340616b6226f2698fcd1658ebb5,VALID,1.0,,1,2026-08-05T02:30:00+05:30
32bbcec0971745e6b598cca3ec2846e3,backfill-20260906-213201,simulator,DEL,BLR,DEL-BLR,2026-08-06,2026-08-05,2026-08-05T02:30:00+05:30,QP,QP248,ECONOMY,,1,9609,1330,0,10939,INR,,,,1b1d65430ab64bdb62c730ad289bacf2266e871eb7c1779fa967fdb50870b566,VALID,1.0,,1,2026-08-05T02:30:00+05:30
a441b00e25004ded9f6d2801e760e396,backfill-20260906-213201,simulator,DEL,BLR,DEL-BLR,2026-08-06,2026-08-05,2026-08-05T02:30:00+05:30,SG,SG665,ECONOMY,,1,9280,1314,0,10594,INR,,,,c6738eef19e8141aa6281f36fbddbd29696a7156743aec7a7edd344f2219e3b8,VALID,1.0,,1,2026-08-05T02:30:00+05:30
396ded175bd14ab6b6bc5427230b0aa7,backfill-20260906-213201,simulator,DEL,BLR,DEL-BLR,2026-08-12,2026-08-05,2026-08-05T02:30:00+05:30,6E,6E675,ECONOMY,,7,6070,1154,0,7224,INR,,,,e5949034153fd1659b4747d82d96a3e675aa26d36e18a25b72be067c43689060,VALID,1.0,,1,2026-08-05T02:30:00+05:30
d200c3a0f61b451cbbd98e2279490cf4,backfill-20260906-213201,simulator,DEL,BLR,DEL-BLR,2026-08-12,2026-08-05,2026-08-05T02:30:00+05:30,6E,6E466,ECONOMY,,7,5775,1139,0,6914,INR,,,,149a5c34bc9214cf92fa216d61e166456fab732adff82d030900f92ec04ea814,VALID,1.0,,1,2026-08-05T02:30:00+05:30
62438f22612d4ded8a6fda0f058f02a7,backfill-20260906-213201,simulator,DEL,BLR,DEL-BLR,2026-08-12,2026-08-05,2026-08-05T02:30:00+05:30,6E,6.00E+278,ECONOMY,,7,5839,1142,0,6981,INR,,,,395f070483a7c7539f73f8a14c67a4f37a4f96e5eef56683d220ade6a3ece0b7,VALID,1.0,,1,2026-08-05T02:30:00+05:30
39a356c90a8e402a8ea3e62de5f88464,backfill-20260906-213201,simulator,DEL,BLR,DEL-BLR,2026-08-12,2026-08-05,2026-08-05T02:30:00+05:30,AI,AI809,ECONOMY,,7,6149,1157,0,7306,INR,,,,ba4122c9ea774cbfe8c44fc9bb044e0dd270d387259c067c414dbc481b4d8e86,VALID,1.0,,1,2026-08-05T02:30:00+05:30
14e35d8eefba43eeaf9f5fd4755c2288,backfill-20260906-213201,simulator,DEL,BLR,DEL-BLR,2026-08-12,2026-08-05,2026-08-05T02:30:00+05:30,AI,AI741,ECONOMY,,7,5698,1135,0,6833,INR,,,,486d4404b5669dace8269400e77cc7c0c0a711aa096ea29e51f0064c74d3ef87,VALID,1.0,,1,2026-08-05T02:30:00+05:30
fca3d80ad3234fc9943c35eeac563b20,backfill-20260906-213201,simulator,DEL,BLR,DEL-BLR,2026-08-12,2026-08-05,2026-08-05T02:30:00+05:30,QP,QP482,ECONOMY,,7,5834,1142,0,6976,INR,,,,dbf412edfbcd0611ffa40c5be406ae7cdfb624b3b65d7140b0e26178c388a9af,VALID,1.0,,1,2026-08-05T02:30:00+05:30
bafa0d6623034a19844ab215a5e0cd7e,backfill-20260906-213201,simulator,DEL,BLR,DEL-BLR,2026-08-12,2026-08-05,2026-08-05T02:30:00+05:30,SG,SG732,ECONOMY,,7,5705,1135,0,6840,INR,,,,fef75964eacc7f7028435d6f9ab3fc47ff4eaa3539e148f96214aa7405ebf3fa,VALID,1.0,,1,2026-08-05T02:30:00+05:30
fc2b220abd794f2b94c8736024e6e601,backfill-20260906-213201,simulator,DEL,BLR,DEL-BLR,2026-08-20,2026-08-05,2026-08-05T02:30:00+05:30,6E,6E932,ECONOMY,,15,4861,1093,0,5954,INR,,,,519c11b9e4042b3941d02c6463eac9bced4634c65886a0b17e916b6374901aef,VALID,1.0,,1,2026-08-05T02:30:00+05:30
4e650640162d4224b483c6da5fc03000,backfill-20260906-213201,simulator,DEL,BLR,DEL-BLR,2026-08-20,2026-08-05,2026-08-05T02:30:00+05:30,6E,6E551,ECONOMY,,15,4819,1091,0,5910,INR,,,,13f53c6fe51e4346a914aa180f9d4c3b70abbdb50f6804e3c3fa74d66802adab,VALID,1.0,,1,2026-08-05T02:30:00+05:30
e956a9de578f4f519d9805b29dc37f30,backfill-20260906-213201,simulator,DEL,BLR,DEL-BLR,2026-08-20,2026-08-05,2026-08-05T02:30:00+05:30,6E,6E802,ECONOMY,,15,4850,1092,0,5942,INR,,,,da471b662e2346e25c6a39f919f368d7d61957bc0ae72e804b38afeb2190bc4c,VALID,1.0,,1,2026-08-05T02:30:00+05:30
74d58cc665344275a5e8bca637777099,backfill-20260906-213201,simulator,DEL,BLR,DEL-BLR,2026-08-20,2026-08-05,2026-08-05T02:30:00+05:30,AI,AI961,ECONOMY,,15,5068,1103,0,6171,INR,,,,120af935a50084c48cc128680968ee5e65566463e489ed19db282f59c5d413e6,VALID,1.0,,1,2026-08-05T02:30:00+05:30
bdbfccc85dad4e0aa108b6bdf48842f5,backfill-20260906-213201,simulator,DEL,BLR,DEL-BLR,2026-08-20,2026-08-05,2026-08-05T02:30:00+05:30,AI,AI855,ECONOMY,,15,4954,1098,0,6052,INR,,,,2888d068861c55ed60a9e1691636a97c03ad19b5620079743a3abb4617615acd,VALID,1.0,,1,2026-08-05T02:30:00+05:30
4cbc002ab4e544b18db9d893ec98dc29,backfill-20260906-213201,simulator,DEL,BLR,DEL-BLR,2026-08-20,2026-08-05,2026-08-05T02:30:00+05:30,QP,QP235,ECONOMY,,15,4641,1082,0,5723,INR,,,,e810cd16356fa4edd1899f8d480e9126ac26129065ad627aec16f5fb303d624c,VALID,1.0,,1,2026-08-05T02:30:00+05:30
b972706e3c68413286b1ac6bf6db2f7f,backfill-20260906-213201,simulator,DEL,BLR,DEL-BLR,2026-08-20,2026-08-05,2026-08-05T02:30:00+05:30,SG,SG360,ECONOMY,,15,4504,1075,0,5579,INR,,,,ab2ba9410a129b2b7f7bce05e3607371a9d4ab28a2c076b645525dca44dff8f1,VALID,1.0,,1,2026-08-05T02:30:00+05:30
18e2907ecd2e4bb3a7f50c619219bf75,backfill-20260906-213201,simulator,DEL,BLR,DEL-BLR,2026-09-04,2026-08-05,2026-08-05T02:30:00+05:30,6E,6E806,ECONOMY,,30,5145,1107,0,6252,INR,,,,e6f1d4d3d3aaba6fb0ad6ee5ee964f124ffc7510c3e7d407bb8ba7b316fd974c,VALID,1.0,,1,2026-08-05T02:30:00+05:30
c671401ba0604d16a0d98cd612233b58,backfill-20260906-213201,simulator,DEL,BLR,DEL-BLR,2026-09-04,2026-08-05,2026-08-05T02:30:00+05:30,6E,6E852,ECONOMY,,30,4657,1083,0,5740,INR,,,,d1897cc0e6ebc50516558fb60eed6aedfa21f62a341bae22a4c62b1c593318a9,VALID,1.0,,1,2026-08-05T02:30:00+05:30
3d8c88a7319c42e787535949b5a31e5f,backfill-20260906-213201,simulator,DEL,BLR,DEL-BLR,2026-09-04,2026-08-05,2026-08-05T02:30:00+05:30,6E,6E967,ECONOMY,,30,4640,1082,0,5722,INR,,,,29c71859581d5c78119cf6851cfe2a3e68240545c2bb73fc875b0fe34aab4f08,VALID,1.0,,1,2026-08-05T02:30:00+05:30
7b686163420945b59db7d85bc8512b73,backfill-20260906-213201,simulator,DEL,BLR,DEL-BLR,2026-09-04,2026-08-05,2026-08-05T02:30:00+05:30,AI,AI384,ECONOMY,,30,6063,1153,0,7216,INR,,,,478e6407c94084dd549ac0ada19a27f169ff7be8f33c20b2a406ada3d7bed1ed,VALID,1.0,,1,2026-08-05T02:30:00+05:30
e08adb207ff745eeb2df83154fc0e4bf,backfill-20260906-213201,simulator,DEL,BLR,DEL-BLR,2026-09-04,2026-08-05,2026-08-05T02:30:00+05:30,AI,AI487,ECONOMY,,30,5408,1120,0,6528,INR,,,,8306d376c9aebd730da9b76e8b8f85751177e2abb746f13e1d1ae1ead0623a01,VALID,1.0,,1,2026-08-05T02:30:00+05:30
61fed7d1df4d4a22b8539dcfa0418288,backfill-20260906-213201,simulator,DEL,BLR,DEL-BLR,2026-09-04,2026-08-05,2026-08-05T02:30:00+05:30,QP,QP404,ECONOMY,,30,4626,1081,0,5707,INR,,,,6a529541715171fc94d13d9e93976f4d8c9f5f318cb94b29ffd19874ea4dd8b8,VALID,1.0,,1,2026-08-05T02:30:00+05:30
ec284fcad9fc4c4bb315819de4f37fbf,backfill-20260906-213201,simulator,DEL,BLR,DEL-BLR,2026-09-04,2026-08-05,2026-08-05T02:30:00+05:30,SG,SG800,ECONOMY,,30,4614,1081,0,5695,INR,,,,9719b563147eab86d5aedfbde6532aaf5c1d07289b2ad51b3134b3d3e0c1915f,VALID,1.0,,1,2026-08-05T02:30:00+05:30
fde0cd4dd42f4de7aa66a880f5a72622,backfill-20260906-213201,simulator,DEL,BLR,DEL-BLR,2026-09-19,2026-08-05,2026-08-05T02:30:00+05:30,6E,6.00E+273,ECONOMY,,45,4021,1051,0,5072,INR,,,,d84f2a38d41611061af47fa59b3c33bbe3cf9260c0019d873d41f2863154675b,VALID,1.0,,1,2026-08-05T02:30:00+05:30
360054798194406ea246a64e3616b0a6,backfill-20260906-213201,simulator,DEL,BLR,DEL-BLR,2026-09-19,2026-08-05,2026-08-05T02:30:00+05:30,6E,6E981,ECONOMY,,45,4131,1057,0,5188,INR,,,,2971fe8e2ac88ac5d5c1456fc79802100f583eb52b2b15d921a5d549448bfb27,VALID,1.0,,1,2026-08-05T02:30:00+05:30
f92551d7dcc24fe3a318bcda9c23ca7d,backfill-20260906-213201,simulator,DEL,BLR,DEL-BLR,2026-09-19,2026-08-05,2026-08-05T02:30:00+05:30,6E,6E385,ECONOMY,,45,3784,1039,0,4823,INR,,,,650c6672a4a19ca1588c98eafc9731ce7f209082c2013cfc65a95ddfd6c13c54,VALID,1.0,,1,2026-08-05T02:30:00+05:30
3c16472f98304b909aea1e419c35a261,backfill-20260906-213201,simulator,DEL,BLR,DEL-BLR,2026-09-19,2026-08-05,2026-08-05T02:30:00+05:30,AI,AI839,ECONOMY,,45,3681,1034,0,4715,INR,,,,5014385093cb39afc125987e26c17547c2373ab9b8032bc3bd659cfaa0d98127,VALID,1.0,,1,2026-08-05T02:30:00+05:30
4614e8e39c7747238f9cb1e945ac511c,backfill-20260906-213201,simulator,DEL,BLR,DEL-BLR,2026-09-19,2026-08-05,2026-08-05T02:30:00+05:30,AI,AI299,ECONOMY,,45,3964,1048,0,5012,INR,,,,f4fe94a39eb012f3e3410f2610073515f43fe688c38ebecfccc8c9c547bcf317,VALID,1.0,,1,2026-08-05T02:30:00+05:30
a7c5908e97ef4c56be0b70f3544901a7,backfill-20260906-213201,simulator,DEL,BLR,DEL-BLR,2026-09-19,2026-08-05,2026-08-05T02:30:00+05:30,QP,QP408,ECONOMY,,45,3354,1018,0,4372,INR,,,,b6839ddfa1224330a70b612f63bb2f939b8325cb09d605bf60c588e1f4e8cffb,VALID,1.0,,1,2026-08-05T02:30:00+05:30
cffc0ab3cf84443fbe7db93f4e3ebc0a,backfill-20260906-213201,simulator,DEL,BLR,DEL-BLR,2026-09-19,2026-08-05,2026-08-05T02:30:00+05:30,SG,SG823,ECONOMY,,45,4135,1057,0,5192,INR,,,,89431c6e1670943f555df1c00b96115e909b91dc39ac9ab1580c4f9c20581382,VALID,1.0,,1,2026-08-05T02:30:00+05:30
71e0ed6c5eab44d5b1eb0d76b19b8b35,backfill-20260906-213201,simulator,DEL,BOM,DEL-BOM,2026-08-07,2026-08-06,2026-08-06T02:30:00+05:30,6E,6E332,ECONOMY,,1,10209,1360,0,11569,INR,,,,86c0c13980522f20e670af51ca9806cea321d36b24bc2a44b4820d0c9f565571,VALID,1.0,,1,2026-08-06T02:30:00+05:30
813e213ae40e4d738586d6a27c2f0f3c,backfill-20260906-213201,simulator,DEL,BOM,DEL-BOM,2026-08-07,2026-08-06,2026-08-06T02:30:00+05:30,6E,6E823,ECONOMY,,1,8646,1282,0,9928,INR,,,,c8ccb1c0236c4d69e04866693272bd8f44c7961495884736f450ee4d502804fb,VALID,1.0,,1,2026-08-06T02:30:00+05:30
332ef857c36f4550be02f49be2bdbb6c,backfill-20260906-213201,simulator,DEL,BOM,DEL-BOM,2026-08-07,2026-08-06,2026-08-06T02:30:00+05:30,6E,6E992,ECONOMY,,1,10195,1360,0,11555,INR,,,,6dc6a1529ec502e7a07fca8db8d299463df2e263654271f27633bb4e1fba3f07,VALID,1.0,,1,2026-08-06T02:30:00+05:30
0f548d332dac4cb789372af8d9d89682,backfill-20260906-213201,simulator,DEL,BOM,DEL-BOM,2026-08-07,2026-08-06,2026-08-06T02:30:00+05:30,AI,AI668,ECONOMY,,1,9709,1335,0,11044,INR,,,,19cd3360fa4ef35b29ed91f2de8b6ccc4c49f273d29732ffae64ecdc89284e42,VALID,1.0,,1,2026-08-06T02:30:00+05:30
1d9a7f381b0e4e91ba0fe927bd66b700,backfill-20260906-213201,simulator,DEL,BOM,DEL-BOM,2026-08-07,2026-08-06,2026-08-06T02:30:00+05:30,AI,AI763,ECONOMY,,1,10585,1379,0,11964,INR,,,,1ca9b470f8c1fcb7d0a0b58774ea8e75f42453ed07ea21a2d95db44d3418eff2,VALID,1.0,,1,2026-08-06T02:30:00+05:30
9a44ed892904486cbef5d1d1605b6315,backfill-20260906-213201,simulator,DEL,BOM,DEL-BOM,2026-08-07,2026-08-06,2026-08-06T02:30:00+05:30,QP,QP784,ECONOMY,,1,9247,1312,0,10559,INR,,,,687644a9235e4039b12e5362e1348234e079906276bc0227bb6354fc47fbdd75,VALID,1.0,,1,2026-08-06T02:30:00+05:30
a57e354e28094a9c9297ae52876d9209,backfill-20260906-213201,simulator,DEL,BOM,DEL-BOM,2026-08-13,2026-08-06,2026-08-06T02:30:00+05:30,6E,6E486,ECONOMY,,7,5038,1102,0,6140,INR,,,,7037059961dadcc0108d25653f3ab2f5e2aa214714a5f93ad5e317d445fde82c,VALID,1.0,,1,2026-08-06T02:30:00+05:30
6ea72edb6f5d4762b92fedb3684b6f24,backfill-20260906-213201,simulator,DEL,BOM,DEL-BOM,2026-08-13,2026-08-06,2026-08-06T02:30:00+05:30,6E,6.00E+218,ECONOMY,,7,4950,1098,0,6048,INR,,,,bb4f2096895e8a52d759c5282066020382499c289b3ac93be6123411fb19921f,VALID,1.0,,1,2026-08-06T02:30:00+05:30
f741acf0cadc4309b574194c83bf796c,backfill-20260906-213201,simulator,DEL,BOM,DEL-BOM,2026-08-13,2026-08-06,2026-08-06T02:30:00+05:30,6E,6E620,ECONOMY,,7,5512,1126,0,6638,INR,,,,24bf1dd73379ea2fb5ffa14ce1ecad250cb773ba15caa01bf833f246f4190534,VALID,1.0,,1,2026-08-06T02:30:00+05:30
823a86bd392e4bba8f7c78fa88a26caa,backfill-20260906-213201,simulator,DEL,BOM,DEL-BOM,2026-08-13,2026-08-06,2026-08-06T02:30:00+05:30,AI,AI709,ECONOMY,,7,5180,1109,0,6289,INR,,,,e76cb0872558ac8cecb6435d61edd8e69deafd2ce8e1fa80d0e2941af596696b,VALID,1.0,,1,2026-08-06T02:30:00+05:30
be8852cb77b244da86be2a8e08376d78,backfill-20260906-213201,simulator,DEL,BOM,DEL-BOM,2026-08-13,2026-08-06,2026-08-06T02:30:00+05:30,AI,AI246,ECONOMY,,7,5874,1144,0,7018,INR,,,,713b4546700803427cb7a21ddac26be87a42563631bb626ce42949f0889fd368,VALID,1.0,,1,2026-08-06T02:30:00+05:30
60bf8ff28746440b93e8486f14c57322,backfill-20260906-213201,simulator,DEL,BOM,DEL-BOM,2026-08-13,2026-08-06,2026-08-06T02:30:00+05:30,QP,QP800,ECONOMY,,7,5624,1131,0,6755,INR,,,,6ef01d656fdf0a7f9102f891a76fae161042a42723e09243c7e6e1a657c38b07,VALID,1.0,,1,2026-08-06T02:30:00+05:30
e5a38e3cfd9b40219c54e592a259265f,backfill-20260906-213201,simulator,DEL,BOM,DEL-BOM,2026-08-13,2026-08-06,2026-08-06T02:30:00+05:30,SG,SG480,ECONOMY,,7,4718,1086,0,5804,INR,,,,056400dbac2f249b2404682dc50f3fbab610725dc8c02e166df6171ffae5570e,VALID,1.0,,1,2026-08-06T02:30:00+05:30
85464b9a29bb4ab7b87019a5c4d5e8b2,backfill-20260906-213201,simulator,DEL,BOM,DEL-BOM,2026-08-21,2026-08-06,2026-08-06T02:30:00+05:30,6E,6E765,ECONOMY,,15,4604,1080,0,5684,INR,,,,78f001862e797fa306c1aee16c698157f898fe54e18f23eb4430028def8ebef1,VALID,1.0,,1,2026-08-06T02:30:00+05:30
7048b9073cd44aa9b2166ab60a122f73,backfill-20260906-213201,simulator,DEL,BOM,DEL-BOM,2026-08-21,2026-08-06,2026-08-06T02:30:00+05:30,6E,6E993,ECONOMY,,15,5365,1118,0,6483,INR,,,,b5b91e6935380e49071d7b98f379daf1c5e58af1ef92fab83232b66a624cfd49,VALID,1.0,,1,2026-08-06T02:30:00+05:30
b503f6bcf5da4b9a8374f88c87e3eb6c,backfill-20260906-213201,simulator,DEL,BOM,DEL-BOM,2026-08-21,2026-08-06,2026-08-06T02:30:00+05:30,6E,6E760,ECONOMY,,15,4539,1077,0,5616,INR,,,,36648a7d01da5e1ace9d0c034fcd7c82a203436eb264f07614492f86fd158d26,VALID,1.0,,1,2026-08-06T02:30:00+05:30
49bb491c4ba6471aba5b49b11ba0563c,backfill-20260906-213201,simulator,DEL,BOM,DEL-BOM,2026-08-21,2026-08-06,2026-08-06T02:30:00+05:30,AI,AI531,ECONOMY,,15,5146,1107,0,6253,INR,,,,12a349cb5520a86d9ef4f37e058b8bf713d627247ce217402d792e292f65b117,VALID,1.0,,1,2026-08-06T02:30:00+05:30
6da0be9e1f0b47f8a66b04e4e1c29d40,backfill-20260906-213201,simulator,DEL,BOM,DEL-BOM,2026-08-21,2026-08-06,2026-08-06T02:30:00+05:30,AI,AI652,ECONOMY,,15,5678,1134,0,6812,INR,,,,96499b2be648b8f18ec270fc1da978172201ab7d2cc876fc25ea3878ebaa0484,VALID,1.0,,1,2026-08-06T02:30:00+05:30
4f7097a0da0c4e5e9cb935a5283ce0d5,backfill-20260906-213201,simulator,DEL,BOM,DEL-BOM,2026-08-21,2026-08-06,2026-08-06T02:30:00+05:30,QP,QP921,ECONOMY,,15,4999,1100,0,6099,INR,,,,602e49829f1a057470ac2990b70d9c621e38984206bfb290c58bc0f135f92138,VALID,1.0,,1,2026-08-06T02:30:00+05:30
8b4fc0df0b6340fca1ebb8537b3d63cb,backfill-20260906-213201,simulator,DEL,BOM,DEL-BOM,2026-08-21,2026-08-06,2026-08-06T02:30:00+05:30,SG,SG728,ECONOMY,,15,4827,1091,0,5918,INR,,,,bdc30fd2c2e95fcb448d8c053ec08671480c6d7df8d7bce488a44a14486ab2d9,VALID,1.0,,1,2026-08-06T02:30:00+05:30
55eeac9c08c646ac988587ffac672250,backfill-20260906-213201,simulator,DEL,BOM,DEL-BOM,2026-09-05,2026-08-06,2026-08-06T02:30:00+05:30,6E,6E788,ECONOMY,,30,3521,1026,0,4547,INR,,,,74172e09ce55f0a619807b59a787164a6ab9f8319969022f6e1aee4e392f9ad3,VALID,1.0,,1,2026-08-06T02:30:00+05:30
4f9a00e7902b462dabaf1e46eebf3333,backfill-20260906-213201,simulator,DEL,BOM,DEL-BOM,2026-09-05,2026-08-06,2026-08-06T02:30:00+05:30,6E,6E787,ECONOMY,,30,3550,1027,0,4577,INR,,,,3e9e20cb38f131523c890fb4b1c6f8b71b9aafb672d826ffd65142d080a9869b,VALID,1.0,,1,2026-08-06T02:30:00+05:30
d20da972b03f4756bf4eade9dd3ed653,backfill-20260906-213201,simulator,DEL,BOM,DEL-BOM,2026-09-05,2026-08-06,2026-08-06T02:30:00+05:30,6E,6E564,ECONOMY,,30,3245,1012,0,4257,INR,,,,2be60e8bb59daf37f2e14007148cd1f1002ff439926a766269c144079d008e0a,VALID,1.0,,1,2026-08-06T02:30:00+05:30
dbbc8688605e4a16a5eb7ad91227e482,backfill-20260906-213201,simulator,DEL,BOM,DEL-BOM,2026-09-05,2026-08-06,2026-08-06T02:30:00+05:30,AI,AI377,ECONOMY,,30,3568,1028,0,4596,INR,,,,d933367d0fd779a585aa02ef6dc45a93f83366f54ff071161836de7d163feb7a,VALID,1.0,,1,2026-08-06T02:30:00+05:30
2500b642ba9748ef8d558c2a129c4857,backfill-20260906-213201,simulator,DEL,BOM,DEL-BOM,2026-09-05,2026-08-06,2026-08-06T02:30:00+05:30,AI,AI618,ECONOMY,,30,3950,1047,0,4997,INR,,,,054d0f18f36d72fcb4e7e7096cc853b1d5e78965dcfd80ddcf2aed2adb6cea97,VALID,1.0,,1,2026-08-06T02:30:00+05:30
5c0e29bac1324dd6912522963709052a,backfill-20260906-213201,simulator,DEL,BOM,DEL-BOM,2026-09-05,2026-08-06,2026-08-06T02:30:00+05:30,QP,QP208,ECONOMY,,30,3391,1020,0,4411,INR,,,,0bd4bce00dac9d58fa6b546816868ca521db1d9ce5ab734b3304dd6e6e3d2447,VALID,1.0,,1,2026-08-06T02:30:00+05:30
49bb0bb5eb09434e838132eb0d32d34c,backfill-20260906-213201,simulator,DEL,BOM,DEL-BOM,2026-09-05,2026-08-06,2026-08-06T02:30:00+05:30,SG,SG990,ECONOMY,,30,2954,998,0,3952,INR,,,,905197a3555932c56b7f2576e05953b154d05e4d4f65cca7e4c1d0c5be955948,VALID,1.0,,1,2026-08-06T02:30:00+05:30
2b1099f78ca148fd83d05527464b5a44,backfill-20260906-213201,simulator,DEL,BOM,DEL-BOM,2026-09-20,2026-08-06,2026-08-06T02:30:00+05:30,6E,6.00E+221,ECONOMY,,45,4522,1076,0,5598,INR,,,,80e21d6e5a0bcc4639043b9f70be335cf4ae9faeb5797c9007c47da45d6118d4,VALID,1.0,,1,2026-08-06T02:30:00+05:30
0711819b23134e7d827f839e4ccec7f0,backfill-20260906-213201,simulator,DEL,BOM,DEL-BOM,2026-09-20,2026-08-06,2026-08-06T02:30:00+05:30,6E,6E600,ECONOMY,,45,4589,1079,0,5668,INR,,,,f3ce7b36cc9e519acc639ef341bca3c67178154041c12a0fff0d6f1cd96814f2,VALID,1.0,,1,2026-08-06T02:30:00+05:30
bb5189b5db3c43cca7c074a37bbd34e4,backfill-20260906-213201,simulator,DEL,BOM,DEL-BOM,2026-09-20,2026-08-06,2026-08-06T02:30:00+05:30,6E,6.00E+239,ECONOMY,,45,3696,1035,0,4731,INR,,,,9d050987f4d70d6df02e34f8f5f045ac957c0cc47f733c6253be610f58bbc63e,VALID,1.0,,1,2026-08-06T02:30:00+05:30
656702f2ace243caa53c99d2593d5df4,backfill-20260906-213201,simulator,DEL,BOM,DEL-BOM,2026-09-20,2026-08-06,2026-08-06T02:30:00+05:30,AI,AI617,ECONOMY,,45,3798,1040,0,4838,INR,,,,412a357b5e2af835e682082e47b8576721df8a5f29fb8489660d9bc5a0a5654c,VALID,1.0,,1,2026-08-06T02:30:00+05:30
5376b750a2994bd09c1bfbf52763735f,backfill-20260906-213201,simulator,DEL,BOM,DEL-BOM,2026-09-20,2026-08-06,2026-08-06T02:30:00+05:30,AI,AI288,ECONOMY,,45,3917,1046,0,4963,INR,,,,7d553d160b5ca683214b82564f8fc4d54269ff328069abde9feaab87400e4747,VALID,1.0,,1,2026-08-06T02:30:00+05:30
8b220a6256ff45f2adffe733881dd52b,backfill-20260906-213201,simulator,DEL,BOM,DEL-BOM,2026-09-20,2026-08-06,2026-08-06T02:30:00+05:30,QP,QP941,ECONOMY,,45,3301,1015,0,4316,INR,,,,bbad64e5c0bb8e7ff31f61b1aa5016bf48b60a8d81d5f10b9446d9ff6623d165,VALID,1.0,,1,2026-08-06T02:30:00+05:30
50f4d31f5748473880d2290695e12997,backfill-20260906-213201,simulator,DEL,BOM,DEL-BOM,2026-09-20,2026-08-06,2026-08-06T02:30:00+05:30,SG,SG585,ECONOMY,,45,3552,1028,0,4580,INR,,,,113490ac3fc29a5464cb2001b5bbd72ab7d8297b00c09a42aae369a90cfcd5c6,VALID,1.0,,1,2026-08-06T02:30:00+05:30
f6728fd1f9054495b7017adf21598652,backfill-20260906-213201,simulator,DEL,BLR,DEL-BLR,2026-08-07,2026-08-06,2026-08-06T02:30:00+05:30,6E,6E928,ECONOMY,,1,10001,1350,0,11351,INR,,,,cc634ea7748fd53ffc9316ea803ed457d28fd8c9260d53b1ed04bc466f2097bf,VALID,1.0,,1,2026-08-06T02:30:00+05:30
82af7482bc5a4ea6b88da2f4e1397158,backfill-20260906-213201,simulator,DEL,BLR,DEL-BLR,2026-08-07,2026-08-06,2026-08-06T02:30:00+05:30,6E,6E552,ECONOMY,,1,12045,1452,0,13497,INR,,,,1e1ff402ab95befdf451b9f674f0e643c41c5afa670725c332567fe0b8d1ce43,VALID,1.0,,1,2026-08-06T02:30:00+05:30
37072c5b25ca421f9a0ac2135613d093,backfill-20260906-213201,simulator,DEL,BLR,DEL-BLR,2026-08-07,2026-08-06,2026-08-06T02:30:00+05:30,AI,AI557,ECONOMY,,1,11059,1403,0,12462,INR,,,,af5f9681c4cd74de9aa6de15c99abbe787cb03e35450dca66892ab12aa384acc,VALID,1.0,,1,2026-08-06T02:30:00+05:30
b40c4335e5104a3eba63ba4768a0cddd,backfill-20260906-213201,simulator,DEL,BLR,DEL-BLR,2026-08-07,2026-08-06,2026-08-06T02:30:00+05:30,AI,AI680,ECONOMY,,1,10549,1377,0,11926,INR,,,,7a02172940942a1eb3a54ac34abb74bfb0c5af048fe3d36629878936093c700b,VALID,1.0,,1,2026-08-06T02:30:00+05:30
abbae0b7512445ca9645a614359fac9a,backfill-20260906-213201,simulator,DEL,BLR,DEL-BLR,2026-08-07,2026-08-06,2026-08-06T02:30:00+05:30,QP,QP984,ECONOMY,,1,9928,1346,0,11274,INR,,,,990c36d196ff51776542b87c1fe105096dd77dc2885ba171f2c8b3fa8ca39b4d,VALID,1.0,,1,2026-08-06T02:30:00+05:30
a3082e6c1fa54fffb5c506a2f8f6ed3c,backfill-20260906-213201,simulator,DEL,BLR,DEL-BLR,2026-08-07,2026-08-06,2026-08-06T02:30:00+05:30,SG,SG215,ECONOMY,,1,10683,1384,0,12067,INR,,,,4b5100b89a29de78d652264a861516d352aa21caf5052645be891170b7dd555c,VALID,1.0,,1,2026-08-06T02:30:00+05:30
500522263eed4a7fa18a44f72aca9989,backfill-20260906-213201,simulator,DEL,BLR,DEL-BLR,2026-08-13,2026-08-06,2026-08-06T02:30:00+05:30,6E,6E361,ECONOMY,,7,6930,1197,0,8127,INR,,,,28ec186a8de7b2192959325c8b14bf33b7537db9f90b54f74bb3d5c6a627ca31,VALID,1.0,,1,2026-08-06T02:30:00+05:30
148fee21e784418491342812bf9719b7,backfill-20260906-213201,simulator,DEL,BLR,DEL-BLR,2026-08-13,2026-08-06,2026-08-06T02:30:00+05:30,6E,6.00E+274,ECONOMY,,7,6716,1186,0,7902,INR,,,,c0a8a7b4370bddf3a55b10b3d9cf8572ba3aa8e926cb9aea5d38672f116c3289,VALID,1.0,,1,2026-08-06T02:30:00+05:30
ad53dafb50224137833a177509513ccd,backfill-20260906-213201,simulator,DEL,BLR,DEL-BLR,2026-08-13,2026-08-06,2026-08-06T02:30:00+05:30,6E,6.00E+234,ECONOMY,,7,5779,1139,0,6918,INR,,,,8b7c6c7df14e32da06b2fda740016295f9d9d0060d492d73f7ffb6b3575ffadc,VALID,1.0,,1,2026-08-06T02:30:00+05:30
17bcb38df36e4e8c92f83ba0cb2a12f4,backfill-20260906-213201,simulator,DEL,BLR,DEL-BLR,2026-08-13,2026-08-06,2026-08-06T02:30:00+05:30,AI,AI548,ECONOMY,,7,6794,1190,0,7984,INR,,,,7fc6861d0de7cbf4389365a358a5205b4f61fb2a52e74f5aa44ed42d4bd6659b,VALID,1.0,,1,2026-08-06T02:30:00+05:30
c74678e15f944a4ca3a60b7864ca0c21,backfill-20260906-213201,simulator,DEL,BLR,DEL-BLR,2026-08-13,2026-08-06,2026-08-06T02:30:00+05:30,AI,AI357,ECONOMY,,7,6771,1189,0,7960,INR,,,,85b062ee59ce909c2f67a9a6ef15eaa46040bf2e9561800aa09ab1733f518c6a,VALID,1.0,,1,2026-08-06T02:30:00+05:30
7bb339f6069e4ab0a2f4cd8280402cbb,backfill-20260906-213201,simulator,DEL,BLR,DEL-BLR,2026-08-13,2026-08-06,2026-08-06T02:30:00+05:30,QP,QP958,ECONOMY,,7,5618,1131,0,6749,INR,,,,b820156f680adcc5cc7b4fc5eb0e3e291e7fdab6814b91594fe905a5d282d4a0,VALID,1.0,,1,2026-08-06T02:30:00+05:30
1d0ce0cf7266417b9d0a05a3e0672a03,backfill-20260906-213201,simulator,DEL,BLR,DEL-BLR,2026-08-13,2026-08-06,2026-08-06T02:30:00+05:30,SG,SG694,ECONOMY,,7,5989,1149,0,7138,INR,,,,c1b75c88e0de8e7d8ebf3dc2de3dca6ffdd1ee8642485f289024c031258f7058,VALID,1.0,,1,2026-08-06T02:30:00+05:30
a250ac42e17b43a5b6943c25753d9cca,backfill-20260906-213201,simulator,DEL,BLR,DEL-BLR,2026-08-21,2026-08-06,2026-08-06T02:30:00+05:30,6E,6E671,ECONOMY,,15,5566,1128,0,6694,INR,,,,23f6ef0702a7f0600b645b92a5c3a44d86c01b6d2afed0d07acca9d63451ccd9,VALID,1.0,,1,2026-08-06T02:30:00+05:30
ab7b4a2c6d04455a8154bf53e9991e93,backfill-20260906-213201,simulator,DEL,BLR,DEL-BLR,2026-08-21,2026-08-06,2026-08-06T02:30:00+05:30,6E,6E822,ECONOMY,,15,5470,1123,0,6593,INR,,,,a1ff36b99c72db554ab1ebfcc3a51bd71e1415b9c3ef979015b6114fdaf34162,VALID,1.0,,1,2026-08-06T02:30:00+05:30
ca17c598f2974c2fa6e2f25bbac19c9f,backfill-20260906-213201,simulator,DEL,BLR,DEL-BLR,2026-08-21,2026-08-06,2026-08-06T02:30:00+05:30,6E,6E345,ECONOMY,,15,4465,1073,0,5538,INR,,,,8995048085b9cfa987fd169e95d894a25480612a130c5ba445d6a2abe5a8eb3e,VALID,1.0,,1,2026-08-06T02:30:00+05:30
f8f7ab1270374daebd3904e264251d94,backfill-20260906-213201,simulator,DEL,BLR,DEL-BLR,2026-08-21,2026-08-06,2026-08-06T02:30:00+05:30,AI,AI217,ECONOMY,,15,5389,1119,0,6508,INR,,,,91664a3398a11ffbfd3b6c289dc29755c547fd699e94f9b23c0746392edf9758,VALID,1.0,,1,2026-08-06T02:30:00+05:30
99cddedc9d9c4d5c82ebaae55843b900,backfill-20260906-213201,simulator,DEL,BLR,DEL-BLR,2026-08-21,2026-08-06,2026-08-06T02:30:00+05:30,AI,AI466,ECONOMY,,15,5389,1119,0,6508,INR,,,,537f58734ef61d3bbf8762546bbdcbb2c981cf04293de536517ebbebf2445b26,VALID,1.0,,1,2026-08-06T02:30:00+05:30
7f5bd843838b4c6a849fc31c9ef5807f,backfill-20260906-213201,simulator,DEL,BLR,DEL-BLR,2026-08-21,2026-08-06,2026-08-06T02:30:00+05:30,QP,QP635,ECONOMY,,15,5761,1138,0,6899,INR,,,,9f3a9d7ea69fe90f3ef86d616931553ffe83c13a33fc00e64ec67975d776c9c5,VALID,1.0,,1,2026-08-06T02:30:00+05:30
e35a50efe3b14a7e85047acc1addc9d8,backfill-20260906-213201,simulator,DEL,BLR,DEL-BLR,2026-08-21,2026-08-06,2026-08-06T02:30:00+05:30,SG,SG480,ECONOMY,,15,4738,1087,0,5825,INR,,,,5ce20327f23c1537637231edd8d59970107f94524409d21bcd81f0f7d5a2f9e1,VALID,1.0,,1,2026-08-06T02:30:00+05:30
2daf82a9267f4d5fa209d5395df351d4,backfill-20260906-213201,simulator,DEL,BLR,DEL-BLR,2026-09-05,2026-08-06,2026-08-06T02:30:00+05:30,6E,6E953,ECONOMY,,30,4361,1068,0,5429,INR,,,,411879a154daa09d541895f9fccbacaa932d51603e5c1e99427a07529602017d,VALID,1.0,,1,2026-08-06T02:30:00+05:30
50df6526bbcf4e1eb7896f33054cfa10,backfill-20260906-213201,simulator,DEL,BLR,DEL-BLR,2026-09-05,2026-08-06,2026-08-06T02:30:00+05:30,6E,6E664,ECONOMY,,30,3687,1034,0,4721,INR,,,,e9e1f775b684c83db43739092ea1e1350a3ea6a0633f5a129cde6972db878930,VALID,1.0,,1,2026-08-06T02:30:00+05:30
62652006f5ee4dfa9d010ec4d8a11be2,backfill-20260906-213201,simulator,DEL,BLR,DEL-BLR,2026-09-05,2026-08-06,2026-08-06T02:30:00+05:30,6E,6E900,ECONOMY,,30,3513,1026,0,4539,INR,,,,f79beb4e63d1c0ce591aa3b22b70b6df3c0756e275f95bc10a0b1ef0839cc1b8,VALID,1.0,,1,2026-08-06T02:30:00+05:30
f4d6cb5f9e164bf59927a36d458b71c2,backfill-20260906-213201,simulator,DEL,BLR,DEL-BLR,2026-09-05,2026-08-06,2026-08-06T02:30:00+05:30,AI,AI556,ECONOMY,,30,4942,1097,0,6039,INR,,,,c39df72bdca89bd2b3b138d075c4b8bff08b3a2d06d2afe46bf0a6ecc408f98b,VALID,1.0,,1,2026-08-06T02:30:00+05:30
347c6912fe0141d1addf953c5083eaad,backfill-20260906-213201,simulator,DEL,BLR,DEL-BLR,2026-09-05,2026-08-06,2026-08-06T02:30:00+05:30,AI,AI663,ECONOMY,,30,4449,1072,0,5521,INR,,,,33e5aa5da1e0df23b49a388617f63d7f92122376de8c785b1740cae5df5018cc,VALID,1.0,,1,2026-08-06T02:30:00+05:30
231a8e540b6349ffbf1bb498aad4ec79,backfill-20260906-213201,simulator,DEL,BLR,DEL-BLR,2026-09-05,2026-08-06,2026-08-06T02:30:00+05:30,QP,QP878,ECONOMY,,30,4066,1053,0,5119,INR,,,,9aa8d5fa32d2816fabf7e2443cdafc5554a6406aaee0063f0402a7aa93ddc0b7,VALID,1.0,,1,2026-08-06T02:30:00+05:30
bd43529aa57e49658d8a78b39fae6063,backfill-20260906-213201,simulator,DEL,BLR,DEL-BLR,2026-09-05,2026-08-06,2026-08-06T02:30:00+05:30,SG,SG463,ECONOMY,,30,3602,1030,0,4632,INR,,,,cdf379032344753538c6915f54fc0e66fa2ef3db40451066695275d4046fabb6,VALID,1.0,,1,2026-08-06T02:30:00+05:30
22da7c9bd1104c6688f6ed0c09d6e424,backfill-20260906-213201,simulator,DEL,BLR,DEL-BLR,2026-09-20,2026-08-06,2026-08-06T02:30:00+05:30,6E,6E322,ECONOMY,,45,3856,1043,0,4899,INR,,,,7bbb4268e106f79ec051815c79027f5a085691503d9f26e2be98af0a35adc9a8,VALID,1.0,,1,2026-08-06T02:30:00+05:30
58396042085e42a7b15a91a6947caa1e,backfill-20260906-213201,simulator,DEL,BLR,DEL-BLR,2026-09-20,2026-08-06,2026-08-06T02:30:00+05:30,6E,6E891,ECONOMY,,45,3997,1050,0,5047,INR,,,,9891840b4b7c656faf62cbcdd6881733d5b5499b8c8a804f7b91ef14fd1e4270,VALID,1.0,,1,2026-08-06T02:30:00+05:30
bcfdf13b8c0b4d5f985704d647a512b8,backfill-20260906-213201,simulator,DEL,BLR,DEL-BLR,2026-09-20,2026-08-06,2026-08-06T02:30:00+05:30,6E,6E628,ECONOMY,,45,3878,1044,0,4922,INR,,,,7be2dcb51f69bcd3c7220ce6ebb6eb171eb4f4f596b76d9feb2c6d85ed0bd202,VALID,1.0,,1,2026-08-06T02:30:00+05:30
d92ffeb3938949b2abecb5fa37066959,backfill-20260906-213201,simulator,DEL,BLR,DEL-BLR,2026-09-20,2026-08-06,2026-08-06T02:30:00+05:30,AI,AI577,ECONOMY,,45,4002,1050,0,5052,INR,,,,9e4a7eb7eca99a4796e5b5cf1402fcc78a60b01b15dc9844a9ba576639a170e8,VALID,1.0,,1,2026-08-06T02:30:00+05:30
3750813c88734970aa6cdcde993fd052,backfill-20260906-213201,simulator,DEL,BLR,DEL-BLR,2026-09-20,2026-08-06,2026-08-06T02:30:00+05:30,AI,AI951,ECONOMY,,45,4505,1075,0,5580,INR,,,,90dd2f486c75b5e807ce6041b0870666dfc93c86d8b981c7859a03651053a3d1,VALID,1.0,,1,2026-08-06T02:30:00+05:30
fcdca13c4eaa4172be07b14bf02843ea,backfill-20260906-213201,simulator,DEL,BLR,DEL-BLR,2026-09-20,2026-08-06,2026-08-06T02:30:00+05:30,QP,QP652,ECONOMY,,45,3990,1050,0,5040,INR,,,,b040529f84acbf5b1edf8c70fdc3e78693510608c983c75c10f3089204a70e1c,VALID,1.0,,1,2026-08-06T02:30:00+05:30
e1101b0a87494bbabc4e2fb986710a7a,backfill-20260906-213201,simulator,DEL,BLR,DEL-BLR,2026-09-20,2026-08-06,2026-08-06T02:30:00+05:30,SG,SG553,ECONOMY,,45,4895,1095,0,5990,INR,,,,da730b2605d981cfaf22d257bf9154a653da49e38ef8b07540c297a3eba7b885,VALID,1.0,,1,2026-08-06T02:30:00+05:30
f660b36baccf4c0daf65c4bf3c7b11b4,backfill-20260906-213201,simulator,DEL,BOM,DEL-BOM,2026-08-08,2026-08-07,2026-08-07T02:30:00+05:30,6E,6E760,ECONOMY,,1,7776,1239,0,9015,INR,,,,8a47fa9343063345fe1151121b25ad6af66f6f41ff7ecf00d36c705c4ce264e2,VALID,1.0,,1,2026-08-07T02:30:00+05:30
99e353ded6bb449e966fee538f52cd1e,backfill-20260906-213201,simulator,DEL,BOM,DEL-BOM,2026-08-08,2026-08-07,2026-08-07T02:30:00+05:30,6E,6E833,ECONOMY,,1,7554,1228,0,8782,INR,,,,0f6c47beb38296a6a053aaee8ed66844e94d32fc160ef3ec182a8311eb165f96,VALID,1.0,,1,2026-08-07T02:30:00+05:30
c74b09bc785c44f5839af0a08297c125,backfill-20260906-213201,simulator,DEL,BOM,DEL-BOM,2026-08-08,2026-08-07,2026-08-07T02:30:00+05:30,AI,AI297,ECONOMY,,1,8570,1279,0,9849,INR,,,,3c9da401adb5cfa2b773555a96e61f4775e885f874bf764f2f621ba4bacc0aa7,VALID,1.0,,1,2026-08-07T02:30:00+05:30
af798656437442ecbae8b231b58de6b2,backfill-20260906-213201,simulator,DEL,BOM,DEL-BOM,2026-08-08,2026-08-07,2026-08-07T02:30:00+05:30,AI,AI490,ECONOMY,,1,8473,1274,0,9747,INR,,,,e77fab288a8962bd6965c22e8d99a355ef82d87403f68731eb787eb69784b365,VALID,1.0,,1,2026-08-07T02:30:00+05:30
05fa638fc15f410e860f001ba509b0b4,backfill-20260906-213201,simulator,DEL,BOM,DEL-BOM,2026-08-08,2026-08-07,2026-08-07T02:30:00+05:30,QP,QP619,ECONOMY,,1,9833,1342,0,11175,INR,,,,b78de538ccd16c8bca8d12c6c7f8a7698f30e0253db3fe4c2d0f1252085bf049,VALID,1.0,,1,2026-08-07T02:30:00+05:30
0eb39ffd616746e8aa2ed9d1139f536e,backfill-20260906-213201,simulator,DEL,BOM,DEL-BOM,2026-08-14,2026-08-07,2026-08-07T02:30:00+05:30,6E,6E546,ECONOMY,,7,6595,1180,0,7775,INR,,,,d94ee28a1edecc65541d6c1ad5ee57108b2ee13b8eaefd579e10b165d89fd8a8,VALID,1.0,,1,2026-08-07T02:30:00+05:30
e2698f3945e44c849effecae53abf1cc,backfill-20260906-213201,simulator,DEL,BOM,DEL-BOM,2026-08-14,2026-08-07,2026-08-07T02:30:00+05:30,6E,6E718,ECONOMY,,7,6340,1167,0,7507,INR,,,,e6e19c06e01de51c5192c4d1a4aeb0febefd3654b60ee6669fd82702fe095882,VALID,1.0,,1,2026-08-07T02:30:00+05:30
ec1ef3e6b5414ed88932ab3e9f00627e,backfill-20260906-213201,simulator,DEL,BOM,DEL-BOM,2026-08-14,2026-08-07,2026-08-07T02:30:00+05:30,6E,6E841,ECONOMY,,7,5882,1144,0,7026,INR,,,,48015628b224b1e53086337ca514f144b8bee61389e24e2f34080c93c71eb080,VALID,1.0,,1,2026-08-07T02:30:00+05:30
915c6310bb294cd08c270804536a3000,backfill-20260906-213201,simulator,DEL,BOM,DEL-BOM,2026-08-14,2026-08-07,2026-08-07T02:30:00+05:30,AI,AI787,ECONOMY,,7,6982,1199,0,8181,INR,,,,a5f1a27a0d77f785d7cb0f328a93e3d6fe38b84bdf27ee0ae7d8e252ec0c034b,VALID,1.0,,1,2026-08-07T02:30:00+05:30
984633324c244a86b24ba594570d686f,backfill-20260906-213201,simulator,DEL,BOM,DEL-BOM,2026-08-14,2026-08-07,2026-08-07T02:30:00+05:30,AI,AI484,ECONOMY,,7,6775,1189,0,7964,INR,,,,219f71bc99c0a9ff1bdcfdb688b0dacb8005f889e8ec71fc57832efdb91fc643,VALID,1.0,,1,2026-08-07T02:30:00+05:30
4d356ad4afbf4e50ae7648189c0cbefd,backfill-20260906-213201,simulator,DEL,BOM,DEL-BOM,2026-08-14,2026-08-07,2026-08-07T02:30:00+05:30,QP,QP611,ECONOMY,,7,4570,1079,0,5649,INR,,,,609c34760733b70dd5da08da422ae688f049156c51d348966e869c32771ba96d,VALID,1.0,,1,2026-08-07T02:30:00+05:30
8a8ef10ba098417e82b47a29f9d0121e,backfill-20260906-213201,simulator,DEL,BOM,DEL-BOM,2026-08-14,2026-08-07,2026-08-07T02:30:00+05:30,SG,SG330,ECONOMY,,7,6361,1168,0,7529,INR,,,,699346ba8a3c813c36af29ab0aa2cdec70466f6de9dd8543cf15d0fa7829f6c5,VALID,1.0,,1,2026-08-07T02:30:00+05:30
d80ede5cefad4dc886e4872febf9c607,backfill-20260906-213201,simulator,DEL,BOM,DEL-BOM,2026-08-22,2026-08-07,2026-08-07T02:30:00+05:30,6E,6E715,ECONOMY,,15,3884,1044,0,4928,INR,,,,b417f6cf0eb2772be99f6499ed9323437bf4b1806ab92997ae929e46c61ce387,VALID,1.0,,1,2026-08-07T02:30:00+05:30
d25023a59ba948d99ac46f95db479648,backfill-20260906-213201,simulator,DEL,BOM,DEL-BOM,2026-08-22,2026-08-07,2026-08-07T02:30:00+05:30,6E,6E514,ECONOMY,,15,3640,1032,0,4672,INR,,,,9976298e19e26cfd4032acf6632ed0e1d3fa32d5758f988314e43665f33fe7b6,VALID,1.0,,1,2026-08-07T02:30:00+05:30
048ad915131e4c17939482b1b572a5ae,backfill-20260906-213201,simulator,DEL,BOM,DEL-BOM,2026-08-22,2026-08-07,2026-08-07T02:30:00+05:30,6E,6E915,ECONOMY,,15,4619,1081,0,5700,INR,,,,9a91309e3cbcafc6141865df341af945324528e2f7e39c0ed0f0ae5ec1655917,VALID,1.0,,1,2026-08-07T02:30:00+05:30
9e1b4ae5688646a9ab663a7ce9a1b9ad,backfill-20260906-213201,simulator,DEL,BOM,DEL-BOM,2026-08-22,2026-08-07,2026-08-07T02:30:00+05:30,AI,AI255,ECONOMY,,15,4642,1082,0,5724,INR,,,,abdb73ed9a2ac11ea6775f06d139b9f42d1eeeec3e44381c0976c53324eaa124,VALID,1.0,,1,2026-08-07T02:30:00+05:30
fb65b8dc9d674fd481e85e7835d1128d,backfill-20260906-213201,simulator,DEL,BOM,DEL-BOM,2026-08-22,2026-08-07,2026-08-07T02:30:00+05:30,AI,AI959,ECONOMY,,15,3929,1046,0,4975,INR,,,,63d726b7851ebd2cf313d46cf91a7170f0379028bdb73a9bd872db8c0c240d52,VALID,1.0,,1,2026-08-07T02:30:00+05:30
5213b7df142e459795ca0273968274c2,backfill-20260906-213201,simulator,DEL,BOM,DEL-BOM,2026-08-22,2026-08-07,2026-08-07T02:30:00+05:30,QP,QP608,ECONOMY,,15,3989,1049,0,5038,INR,,,,e5ea47cb475df7c0f3a7a0d398276d0c16288827382b08b7264edd8cdbcc7599,VALID,1.0,,1,2026-08-07T02:30:00+05:30
9426950d0ce142adbc8a58aaedd35493,backfill-20260906-213201,simulator,DEL,BOM,DEL-BOM,2026-08-22,2026-08-07,2026-08-07T02:30:00+05:30,SG,SG827,ECONOMY,,15,3934,1047,0,4981,INR,,,,a8a09a4eebc3a82081ce887d7b871db0210e7e1114ccd286e066256db27029ca,VALID,1.0,,1,2026-08-07T02:30:00+05:30
cd1c83e151f34832bb20fcf0ea0c0afc,backfill-20260906-213201,simulator,DEL,BOM,DEL-BOM,2026-09-06,2026-08-07,2026-08-07T02:30:00+05:30,6E,6E354,ECONOMY,,30,4274,1064,0,5338,INR,,,,a997bf45e94e98d0bc78f873c29de0a5d170f821781084175a7e557fceb737cd,VALID,1.0,,1,2026-08-07T02:30:00+05:30
f1d0c1af2f044ba0a6670c56abc5ef82,backfill-20260906-213201,simulator,DEL,BOM,DEL-BOM,2026-09-06,2026-08-07,2026-08-07T02:30:00+05:30,6E,6.00E+204,ECONOMY,,30,3699,1035,0,4734,INR,,,,2d541238ed01356d404b873660e3b7fc19a9c79bd1ae2c96800c25d4bb3d8ec4,VALID,1.0,,1,2026-08-07T02:30:00+05:30
0b53c185e6a74ceaa150640190dcbdc9,backfill-20260906-213201,simulator,DEL,BOM,DEL-BOM,2026-09-06,2026-08-07,2026-08-07T02:30:00+05:30,6E,6E929,ECONOMY,,30,4414,1071,0,5485,INR,,,,d909e60a2700fa29d1081313a90ab1460f1d9fcf4475558a7fc095835047a88f,VALID,1.0,,1,2026-08-07T02:30:00+05:30
ecbf4aa125d146ea9ba89f6f727007ff,backfill-20260906-213201,simulator,DEL,BOM,DEL-BOM,2026-09-06,2026-08-07,2026-08-07T02:30:00+05:30,AI,AI733,ECONOMY,,30,4368,1068,0,5436,INR,,,,f16cbdd6e1fc2875982906115e5518280ca112e2144d24dc0747bf37d6564059,VALID,1.0,,1,2026-08-07T02:30:00+05:30
ed280c5ca972476da1396b0fdc4e7e26,backfill-20260906-213201,simulator,DEL,BOM,DEL-BOM,2026-09-06,2026-08-07,2026-08-07T02:30:00+05:30,AI,AI694,ECONOMY,,30,4562,1078,0,5640,INR,,,,15e91d2808afd18adc2ad2ace41f268c91288cec9950d746b3cceffed9c75310,VALID,1.0,,1,2026-08-07T02:30:00+05:30
31b3a39a8f3b4883aadadc19eed8c19d,backfill-20260906-213201,simulator,DEL,BOM,DEL-BOM,2026-09-06,2026-08-07,2026-08-07T02:30:00+05:30,QP,QP349,ECONOMY,,30,3713,1036,0,4749,INR,,,,0ff50c997c556c823219c87b108c7153febb3f53dc266937d75e940f3b6d8f9b,VALID,1.0,,1,2026-08-07T02:30:00+05:30
3dd47fc2977142fbb61b6965dce01c85,backfill-20260906-213201,simulator,DEL,BOM,DEL-BOM,2026-09-06,2026-08-07,2026-08-07T02:30:00+05:30,SG,SG392,ECONOMY,,30,3597,1030,0,4627,INR,,,,0a9fa14e0680c0e5b786dd29e93520d0a7390b19e55740831dbdae8e8ff31647,VALID,1.0,,1,2026-08-07T02:30:00+05:30
ddecc85d941a44dda224e6329fe7d471,backfill-20260906-213201,simulator,DEL,BOM,DEL-BOM,2026-09-21,2026-08-07,2026-08-07T02:30:00+05:30,6E,6E845,ECONOMY,,45,3367,1018,0,4385,INR,,,,7cd4d5efc88e230757a1f7388eaddb7c8e5c797cf73be0ca495861712de34555,VALID,1.0,,1,2026-08-07T02:30:00+05:30
e74c30b0c5bb475caa21a9bab2df18d3,backfill-20260906-213201,simulator,DEL,BOM,DEL-BOM,2026-09-21,2026-08-07,2026-08-07T02:30:00+05:30,6E,6.00E+252,ECONOMY,,45,2503,975,0,3478,INR,,,,a3590199fbdf9b333c56e661837c073f307fbd74695d22734946efc2e4362424,VALID,1.0,,1,2026-08-07T02:30:00+05:30
a7c2a195019d4a8e8b652b423a7a2622,backfill-20260906-213201,simulator,DEL,BOM,DEL-BOM,2026-09-21,2026-08-07,2026-08-07T02:30:00+05:30,6E,6E876,ECONOMY,,45,3522,1026,0,4548,INR,,,,f548c2d0ba5cac6605844d3ec0c3286e7eb4bf61c7c88718ff333d39d5e82aa0,VALID,1.0,,1,2026-08-07T02:30:00+05:30
8814bbe0ac1c44fc95d1e483c3d5c8e1,backfill-20260906-213201,simulator,DEL,BOM,DEL-BOM,2026-09-21,2026-08-07,2026-08-07T02:30:00+05:30,AI,AI870,ECONOMY,,45,3869,1043,0,4912,INR,,,,6379ed0922165335f08c2d28c8d0824fd7eacced4265db95700bdab50105e58a,VALID,1.0,,1,2026-08-07T02:30:00+05:30
5a39cb4433c94a3fb8078c6ed5353114,backfill-20260906-213201,simulator,DEL,BOM,DEL-BOM,2026-09-21,2026-08-07,2026-08-07T02:30:00+05:30,AI,AI254,ECONOMY,,45,3779,1039,0,4818,INR,,,,92c76ceae6ed3e0e489f7c6d8e90f2a1340e9eb617807f946d3b0c297cd2cb00,VALID,1.0,,1,2026-08-07T02:30:00+05:30
77bb60d118524d1294e7538da6d0aac1,backfill-20260906-213201,simulator,DEL,BOM,DEL-BOM,2026-09-21,2026-08-07,2026-08-07T02:30:00+05:30,QP,QP774,ECONOMY,,45,3239,1012,0,4251,INR,,,,1f59e30c4490680ffbaac60c0052c79db68de4faedf28b95b55ce3e2753bc486,VALID,1.0,,1,2026-08-07T02:30:00+05:30
7744e9f4fd36490ba5dcf3a0dbe99480,backfill-20260906-213201,simulator,DEL,BOM,DEL-BOM,2026-09-21,2026-08-07,2026-08-07T02:30:00+05:30,SG,SG416,ECONOMY,,45,3172,1009,0,4181,INR,,,,9d654efd24fb04280f8528c583976489569547a8bb5a7b26c4a5f360adb53800,VALID,1.0,,1,2026-08-07T02:30:00+05:30
a17e762efe794e1aba51c8e5682cd792,backfill-20260906-213201,simulator,DEL,BLR,DEL-BLR,2026-08-08,2026-08-07,2026-08-07T02:30:00+05:30,6E,6E642,ECONOMY,,1,9785,1339,0,11124,INR,,,,5ac8fad0bbc7535239bba547d152b79de18b277ccc582bf7b19f2e1d2193af58,VALID,1.0,,1,2026-08-07T02:30:00+05:30
e0212f1abc9443e6912cbb7fe01054cd,backfill-20260906-213201,simulator,DEL,BLR,DEL-BLR,2026-08-08,2026-08-07,2026-08-07T02:30:00+05:30,6E,6E996,ECONOMY,,1,9759,1338,0,11097,INR,,,,7c4ce40c62a0e8f9d64378eff844a1eeb0c159ef7b9c5be9e3111c4fa334cf9b,VALID,1.0,,1,2026-08-07T02:30:00+05:30
7bcf099a2ba7438fabefafd9f2c10df1,backfill-20260906-213201,simulator,DEL,BLR,DEL-BLR,2026-08-08,2026-08-07,2026-08-07T02:30:00+05:30,6E,6E714,ECONOMY,,1,9091,1305,0,10396,INR,,,,47f0859a4688d04c9bf2001a37f3d1cd960e18d508cdc7b67db43ce4d137b966,VALID,1.0,,1,2026-08-07T02:30:00+05:30
9ce8f8d48f7642a79ba650f681a67ed1,backfill-20260906-213201,simulator,DEL,BLR,DEL-BLR,2026-08-08,2026-08-07,2026-08-07T02:30:00+05:30,AI,AI782,ECONOMY,,1,11137,1407,0,12544,INR,,,,e0e85ffcfd2308b7ea5db75482f63694bcf1dbe577ca584cc026001f57981c35,VALID,1.0,,1,2026-08-07T02:30:00+05:30
6a98cfd5815e457aba8b5dce8a4f1702,backfill-20260906-213201,simulator,DEL,BLR,DEL-BLR,2026-08-08,2026-08-07,2026-08-07T02:30:00+05:30,AI,AI774,ECONOMY,,1,9165,1308,0,10473,INR,,,,ee1d7b872d71a15b9d30a93c01012fa7d74ac79d87db897d2c2f018370c1d649,VALID,1.0,,1,2026-08-07T02:30:00+05:30
a41d189c70ef4192b1af8df3ad03fd20,backfill-20260906-213201,simulator,DEL,BLR,DEL-BLR,2026-08-08,2026-08-07,2026-08-07T02:30:00+05:30,QP,QP372,ECONOMY,,1,9661,1333,0,10994,INR,,,,0924b799765d37702dc781b1e287ce566cdba1b53880afa2512e6f0d10534c0f,VALID,1.0,,1,2026-08-07T02:30:00+05:30
62b69ea1f3094860accb9053f7502760,backfill-20260906-213201,simulator,DEL,BLR,DEL-BLR,2026-08-08,2026-08-07,2026-08-07T02:30:00+05:30,SG,SG527,ECONOMY,,1,10007,1350,0,11357,INR,,,,4bc025aaa01f990e6bc0055c612237a58f59dcc62f38ff1790a915c4ada75623,VALID,1.0,,1,2026-08-07T02:30:00+05:30
44ca1fa7b14141e796bfcd9c01ea947e,backfill-20260906-213201,simulator,DEL,BLR,DEL-BLR,2026-08-14,2026-08-07,2026-08-07T02:30:00+05:30,6E,6E370,ECONOMY,,7,7674,1234,0,8908,INR,,,,42df94b38f82f5b9b8a6c016a646753183fcf2f4f830cd1d810c60e6f900c7df,VALID,1.0,,1,2026-08-07T02:30:00+05:30
fcaeeda7e6804839a63a9cfce710eed7,backfill-20260906-213201,simulator,DEL,BLR,DEL-BLR,2026-08-14,2026-08-07,2026-08-07T02:30:00+05:30,6E,6E886,ECONOMY,,7,6330,1167,0,7497,INR,,,,202c1b9c2df4d175fd5b53ea07943dcc93d942db39dc5ec522bd245d634cd56e,VALID,1.0,,1,2026-08-07T02:30:00+05:30
f3ac10afcd9044f3a960fd0bfc14030e,backfill-20260906-213201,simulator,DEL,BLR,DEL-BLR,2026-08-14,2026-08-07,2026-08-07T02:30:00+05:30,6E,6E502,ECONOMY,,7,7245,1212,0,8457,INR,,,,16db69d81a25e7c50758875fa282ff41b8235e4efbd32b2f867aead3998cc880,VALID,1.0,,1,2026-08-07T02:30:00+05:30
c91da81419ad4c32be70e15f67be23a4,backfill-20260906-213201,simulator,DEL,BLR,DEL-BLR,2026-08-14,2026-08-07,2026-08-07T02:30:00+05:30,AI,AI906,ECONOMY,,7,9019,1301,0,10320,INR,,,,0cd885a30deb00e9af236b56cb8713d7d1d617426122d992fc3f47fab4f6189a,VALID,1.0,,1,2026-08-07T02:30:00+05:30
b0a5c098961b42ca8c760cb3317954fb,backfill-20260906-213201,simulator,DEL,BLR,DEL-BLR,2026-08-14,2026-08-07,2026-08-07T02:30:00+05:30,AI,AI325,ECONOMY,,7,7728,1236,0,8964,INR,,,,9f0599cc031e97d5a58718e72f997d105e327fb275dd8dbdf107c4d86ca6fbb1,VALID,1.0,,1,2026-08-07T02:30:00+05:30
dcb596a177cb4f46be4b22293cb71981,backfill-20260906-213201,simulator,DEL,BLR,DEL-BLR,2026-08-14,2026-08-07,2026-08-07T02:30:00+05:30,QP,QP249,ECONOMY,,7,8207,1260,0,9467,INR,,,,95fe230f14d8240a04b3ac694e0127be74c3ec1217250b535a65c46b59b3b277,VALID,1.0,,1,2026-08-07T02:30:00+05:30
0916ce0953ee421c9c5d8dcb7681de8d,backfill-20260906-213201,simulator,DEL,BLR,DEL-BLR,2026-08-14,2026-08-07,2026-08-07T02:30:00+05:30,SG,SG674,ECONOMY,,7,6850,1192,0,8042,INR,,,,e94dd9ba4876d47b03571c0774bc6fda607f168aab3d74b60ce090300542d660,VALID,1.0,,1,2026-08-07T02:30:00+05:30
bd92a43f182c4cd8b2b80faef4a97034,backfill-20260906-213201,simulator,DEL,BLR,DEL-BLR,2026-08-22,2026-08-07,2026-08-07T02:30:00+05:30,6E,6.00E+237,ECONOMY,,15,4899,1095,0,5994,INR,,,,2bcb9de4791c0be8f0a7d435c844eb95f86b70b63847232e0a1a164fdd72524d,VALID,1.0,,1,2026-08-07T02:30:00+05:30
b7056c61e69f46a7a4c9512673c2c6f0,backfill-20260906-213201,simulator,DEL,BLR,DEL-BLR,2026-08-22,2026-08-07,2026-08-07T02:30:00+05:30,6E,6.00E+271,ECONOMY,,15,4449,1072,0,5521,INR,,,,3466a984464a4ecb83015843cbd3134ee975575e603d2118c4f0668c93902cd2,VALID,1.0,,1,2026-08-07T02:30:00+05:30
83ad717deb1f4fdda0dd80f3a92062a8,backfill-20260906-213201,simulator,DEL,BLR,DEL-BLR,2026-08-22,2026-08-07,2026-08-07T02:30:00+05:30,6E,6E559,ECONOMY,,15,5982,1149,0,7131,INR,,,,f223eed739d8f9308ef8d8c7b85f308411934f32c41ab580f4cc088615c2b16e,VALID,1.0,,1,2026-08-07T02:30:00+05:30
a567bb52621c40c99601dd64c4fccf1e,backfill-20260906-213201,simulator,DEL,BLR,DEL-BLR,2026-08-22,2026-08-07,2026-08-07T02:30:00+05:30,AI,AI741,ECONOMY,,15,4996,1100,0,6096,INR,,,,07d4023213626a2b0485f0bd56542dbd419867f1f04347f1e9fdecebcc780d39,VALID,1.0,,1,2026-08-07T02:30:00+05:30
c52d3d9253f64b94a8be72127c13831d,backfill-20260906-213201,simulator,DEL,BLR,DEL-BLR,2026-08-22,2026-08-07,2026-08-07T02:30:00+05:30,AI,AI667,ECONOMY,,15,5013,1101,0,6114,INR,,,,e72c88770eabac02a31b1166e13c2b01414eb2148ad02b68864194fe2ee7e488,VALID,1.0,,1,2026-08-07T02:30:00+05:30
56df8f5ee3b8490f8ec3821942ef1810,backfill-20260906-213201,simulator,DEL,BLR,DEL-BLR,2026-08-22,2026-08-07,2026-08-07T02:30:00+05:30,QP,QP763,ECONOMY,,15,4679,1084,0,5763,INR,,,,2697f6323076cc50e98ecb8456c4b65c1b0e3f56c0315e8c0489d7b0c6f8d26e,VALID,1.0,,1,2026-08-07T02:30:00+05:30
3479a5f38b814e3c9bc9f2e0e6f10f94,backfill-20260906-213201,simulator,DEL,BLR,DEL-BLR,2026-08-22,2026-08-07,2026-08-07T02:30:00+05:30,SG,SG799,ECONOMY,,15,4396,1070,0,5466,INR,,,,ff1c8cd5065fd7581e7c3bb858283796600405990b813a40b35113ae363d0693,VALID,1.0,,1,2026-08-07T02:30:00+05:30
c146f0cdcc234c1a9ee77a33667e9222,backfill-20260906-213201,simulator,DEL,BLR,DEL-BLR,2026-09-06,2026-08-07,2026-08-07T02:30:00+05:30,6E,6E908,ECONOMY,,30,4519,1076,0,5595,INR,,,,baa3c67fd20f5c20d954c8a05cb7fc8033f787da5ca86a0a003efd530da358e5,VALID,1.0,,1,2026-08-07T02:30:00+05:30
18f31d4901014f8598cb82a076bb0cbd,backfill-20260906-213201,simulator,DEL,BLR,DEL-BLR,2026-09-06,2026-08-07,2026-08-07T02:30:00+05:30,6E,6.00E+288,ECONOMY,,30,5051,1103,0,6154,INR,,,,9ab09a202c3528811d3195d7b67bb31a5d9332f9df7efbfa0ee8a302c3cb19a0,VALID,1.0,,1,2026-08-07T02:30:00+05:30
838510f1c47a45f1b96c335744a4156c,backfill-20260906-213201,simulator,DEL,BLR,DEL-BLR,2026-09-06,2026-08-07,2026-08-07T02:30:00+05:30,6E,6E894,ECONOMY,,30,4429,1071,0,5500,INR,,,,db46bd90a5ee343b8d61b3451ee879bc07fbdcbafde47abf78bdd3c749aff6c7,VALID,1.0,,1,2026-08-07T02:30:00+05:30
24f2df4121a84c4fab533c2f7570fd77,backfill-20260906-213201,simulator,DEL,BLR,DEL-BLR,2026-09-06,2026-08-07,2026-08-07T02:30:00+05:30,AI,AI484,ECONOMY,,30,5592,1130,0,6722,INR,,,,63337b6ee12bca1afa4b48eb8d9b0b8855781897aca58c2d58a30aec106446fc,VALID,1.0,,1,2026-08-07T02:30:00+05:30
e16e699ad6ad47b2b49f625b67936795,backfill-20260906-213201,simulator,DEL,BLR,DEL-BLR,2026-09-06,2026-08-07,2026-08-07T02:30:00+05:30,AI,AI949,ECONOMY,,30,5226,1111,0,6337,INR,,,,eb07ef3f1ad31bd69aa145961e1434f423a017e509497612d1f070a5a1b60945,VALID,1.0,,1,2026-08-07T02:30:00+05:30
a33ca2d244ee4421af03c94d7f770bbe,backfill-20260906-213201,simulator,DEL,BLR,DEL-BLR,2026-09-06,2026-08-07,2026-08-07T02:30:00+05:30,QP,QP518,ECONOMY,,30,4238,1062,0,5300,INR,,,,1ae2dd18f6c2d843a12b28984a54b8e89ca41f79379f03b4ff266b5c1ba3f923,VALID,1.0,,1,2026-08-07T02:30:00+05:30
842f3003d8de4046869a91df3822a841,backfill-20260906-213201,simulator,DEL,BLR,DEL-BLR,2026-09-06,2026-08-07,2026-08-07T02:30:00+05:30,SG,SG822,ECONOMY,,30,3727,1036,0,4763,INR,,,,69dbef73b0bd4acc750f0673ef3355a48aae7cc85b19c10234c3e56f59d2fc44,VALID,1.0,,1,2026-08-07T02:30:00+05:30
c407e59e2ae245d991f077b363747423,backfill-20260906-213201,simulator,DEL,BLR,DEL-BLR,2026-09-21,2026-08-07,2026-08-07T02:30:00+05:30,6E,6E309,ECONOMY,,45,3806,1040,0,4846,INR,,,,9d165bb47a1fb00ea14133d4979a53ed522f4e5e1240f7b75e6f522df2ba7b19,VALID,1.0,,1,2026-08-07T02:30:00+05:30
fbeb67da33d94402b36591e88bcf827e,backfill-20260906-213201,simulator,DEL,BLR,DEL-BLR,2026-09-21,2026-08-07,2026-08-07T02:30:00+05:30,6E,6E658,ECONOMY,,45,3663,1033,0,4696,INR,,,,bbfbf5a7488221938ade9bb1c215aa7dd01d18f02707a12bdcb597af72080415,VALID,1.0,,1,2026-08-07T02:30:00+05:30
3cc6d4e37e47445b8fe802f39f1e5ce1,backfill-20260906-213201,simulator,DEL,BLR,DEL-BLR,2026-09-21,2026-08-07,2026-08-07T02:30:00+05:30,6E,6.00E+234,ECONOMY,,45,3178,1009,0,4187,INR,,,,d9519f4ab404b54d3cf6065e795412279b91da348e2e870aa25e73b4d7e6c396,VALID,1.0,,1,2026-08-07T02:30:00+05:30
7784c4351f824afd92b7395d1505b569,backfill-20260906-213201,simulator,DEL,BLR,DEL-BLR,2026-09-21,2026-08-07,2026-08-07T02:30:00+05:30,AI,AI728,ECONOMY,,45,4507,1075,0,5582,INR,,,,12b5cfa84838412dfe1edd0e8106ac9670a7fe3d745cca66d3613c2db53c5802,VALID,1.0,,1,2026-08-07T02:30:00+05:30
112644d1233f49e0a5c839dc11c454a2,backfill-20260906-213201,simulator,DEL,BLR,DEL-BLR,2026-09-21,2026-08-07,2026-08-07T02:30:00+05:30,AI,AI772,ECONOMY,,45,3710,1035,0,4745,INR,,,,a0bb24e5c7e17915a72ec8e2b414851fb3a0de2cf960e7c68f8d81e43a37e9d3,VALID,1.0,,1,2026-08-07T02:30:00+05:30
e8ba59dc2867480aaa168de6b7a9e056,backfill-20260906-213201,simulator,DEL,BLR,DEL-BLR,2026-09-21,2026-08-07,2026-08-07T02:30:00+05:30,QP,QP215,ECONOMY,,45,3581,1029,0,4610,INR,,,,c331038af225d3562931442c732c4c2d2b904c1d37978ae36fd24f37186abfa8,VALID,1.0,,1,2026-08-07T02:30:00+05:30
505bba090a72422fa031c96a8bd5e85d,backfill-20260906-213201,simulator,DEL,BLR,DEL-BLR,2026-09-21,2026-08-07,2026-08-07T02:30:00+05:30,SG,SG497,ECONOMY,,45,3651,1033,0,4684,INR,,,,87197599aed793a4b43b221afa9f0773cfc248c31ce42489f4c55fb1498591b2,VALID,1.0,,1,2026-08-07T02:30:00+05:30
488846b89e39497baecab34bca7cd96c,backfill-20260906-213201,simulator,DEL,BOM,DEL-BOM,2026-08-09,2026-08-08,2026-08-08T02:30:00+05:30,6E,6E763,ECONOMY,,1,9740,1337,0,11077,INR,,,,9f78e62f21aacd1d5e6d2d74040df2137c0293969147ea6c50dedc894ff0bec5,VALID,1.0,,1,2026-08-08T02:30:00+05:30
50e8aa290ad74a948f6294f804b898d6,backfill-20260906-213201,simulator,DEL,BOM,DEL-BOM,2026-08-09,2026-08-08,2026-08-08T02:30:00+05:30,6E,6.00E+252,ECONOMY,,1,9646,1332,0,10978,INR,,,,ab8887e3cb1402b16bd8f1655a9a916f32455a5008a0cc328f13c1e537b4a90e,VALID,1.0,,1,2026-08-08T02:30:00+05:30
4e21ec89bab24b3a89b7cfd3ce894521,backfill-20260906-213201,simulator,DEL,BOM,DEL-BOM,2026-08-09,2026-08-08,2026-08-08T02:30:00+05:30,6E,6E561,ECONOMY,,1,8056,1253,0,9309,INR,,,,fafc5ef0f2dcbee4344ef67edd40ef7062fcfbd05862486884dec46b020aaff4,VALID,1.0,,1,2026-08-08T02:30:00+05:30
ec1bc6b58af040908775a7e4aea431b5,backfill-20260906-213201,simulator,DEL,BOM,DEL-BOM,2026-08-09,2026-08-08,2026-08-08T02:30:00+05:30,AI,AI343,ECONOMY,,1,9396,1320,0,10716,INR,,,,58500dfb9dbb41fe41faeab380c540e4b278372d984801b364aa56636b4e52ef,VALID,1.0,,1,2026-08-08T02:30:00+05:30
4ba9a45e0c55404aaadc8588f4ecdc79,backfill-20260906-213201,simulator,DEL,BOM,DEL-BOM,2026-08-09,2026-08-08,2026-08-08T02:30:00+05:30,QP,QP771,ECONOMY,,1,7971,1249,0,9220,INR,,,,88b263fd6fb500d52938fc4cbc6be51eb91d328b9a853e8d17bd96b3ba278861,VALID,1.0,,1,2026-08-08T02:30:00+05:30
c964fb56e8f64917b55340fbf53c0abe,backfill-20260906-213201,simulator,DEL,BOM,DEL-BOM,2026-08-15,2026-08-08,2026-08-08T02:30:00+05:30,6E,6E863,ECONOMY,,7,5320,1116,0,6436,INR,,,,133561fc1e55457f6c2d0e68dc765453cc03bc344d9f05673644ae0de8325b53,VALID,1.0,,1,2026-08-08T02:30:00+05:30
8684e8f3175a40ddb8bb1cab1157a9a7,backfill-20260906-213201,simulator,DEL,BOM,DEL-BOM,2026-08-15,2026-08-08,2026-08-08T02:30:00+05:30,6E,6E433,ECONOMY,,7,5442,1122,0,6564,INR,,,,079783ca0b8705b614369886dd46516c72de749944123bd14df773adc0e04ad9,VALID,1.0,,1,2026-08-08T02:30:00+05:30
ff0352526a714834847f58ef7523691d,backfill-20260906-213201,simulator,DEL,BOM,DEL-BOM,2026-08-15,2026-08-08,2026-08-08T02:30:00+05:30,6E,6E657,ECONOMY,,7,5856,1143,0,6999,INR,,,,a8d78cbdc81085e6eea824fe1ea6e3ad2f58dee4590e6f7c4014d69b937492d0,VALID,1.0,,1,2026-08-08T02:30:00+05:30
6d90e6be5a8e421d8675de55604d11c4,backfill-20260906-213201,simulator,DEL,BOM,DEL-BOM,2026-08-15,2026-08-08,2026-08-08T02:30:00+05:30,AI,AI718,ECONOMY,,7,5333,1117,0,6450,INR,,,,f10d734a3caeb4a24d31af9db8879f2179b5117bcd8cd51c38010dfbcb614326,VALID,1.0,,1,2026-08-08T02:30:00+05:30
8cd59796a1964e47b7294faf6d496bdb,backfill-20260906-213201,simulator,DEL,BOM,DEL-BOM,2026-08-15,2026-08-08,2026-08-08T02:30:00+05:30,AI,AI276,ECONOMY,,7,5693,1135,0,6828,INR,,,,a493fffd399234091afbfcce8541b5cfbaf8b7df8ae8e62b81f9b1304ee3c909,VALID,1.0,,1,2026-08-08T02:30:00+05:30
7d19e3104de642278f6bc5c6693611d2,backfill-20260906-213201,simulator,DEL,BOM,DEL-BOM,2026-08-15,2026-08-08,2026-08-08T02:30:00+05:30,QP,QP288,ECONOMY,,7,5255,1113,0,6368,INR,,,,fdb4b55b32897f26ab16595e44c61302bae24be1a282402d24c53aab94156b05,VALID,1.0,,1,2026-08-08T02:30:00+05:30
1fdd454998004888bcb3252ecf983df3,backfill-20260906-213201,simulator,DEL,BOM,DEL-BOM,2026-08-15,2026-08-08,2026-08-08T02:30:00+05:30,SG,SG246,ECONOMY,,7,5317,1116,0,6433,INR,,,,d89e67f9974e5e5fe3ac2257c8c3792665facc75d933464637e3cc19a21a16d8,VALID,1.0,,1,2026-08-08T02:30:00+05:30
5d305ebbbde0421782a49ace4d7f8ca1,backfill-20260906-213201,simulator,DEL,BOM,DEL-BOM,2026-08-23,2026-08-08,2026-08-08T02:30:00+05:30,6E,6E605,ECONOMY,,15,4618,1081,0,5699,INR,,,,3e872ba380c7e84acc14ff95d79937c279e722f677283a6ba45dffc77dac67e7,VALID,1.0,,1,2026-08-08T02:30:00+05:30
44b32a3db8bc41339501c3cba100bda9,backfill-20260906-213201,simulator,DEL,BOM,DEL-BOM,2026-08-23,2026-08-08,2026-08-08T02:30:00+05:30,6E,6E809,ECONOMY,,15,4130,1056,0,5186,INR,,,,d54b644d95fe28f20935b2ad4f88e873c29a667c9b2cba6c051669a85d806d01,VALID,1.0,,1,2026-08-08T02:30:00+05:30
bc9fe4d1acec45d48e02cd5758c41419,backfill-20260906-213201,simulator,DEL,BOM,DEL-BOM,2026-08-23,2026-08-08,2026-08-08T02:30:00+05:30,6E,6E936,ECONOMY,,15,5205,1110,0,6315,INR,,,,99f768c6b2637a28ccc00db89b32846dec8c00ad30076949f4488dd332caac01,VALID,1.0,,1,2026-08-08T02:30:00+05:30
df4d03225e16434b9110baa0a967f934,backfill-20260906-213201,simulator,DEL,BOM,DEL-BOM,2026-08-23,2026-08-08,2026-08-08T02:30:00+05:30,AI,AI779,ECONOMY,,15,4639,1082,0,5721,INR,,,,1eae605cd65608e8312ab4e9405848abccda6da873ae5261d60618387383f7f8,VALID,1.0,,1,2026-08-08T02:30:00+05:30
2702c2d294e54840bc82dd8fadb79964,backfill-20260906-213201,simulator,DEL,BOM,DEL-BOM,2026-08-23,2026-08-08,2026-08-08T02:30:00+05:30,AI,AI392,ECONOMY,,15,4496,1075,0,5571,INR,,,,55f810fc90879433f76596837b60dd6f2f046dac4b4d90dfe8b2e9facde2aa30,VALID,1.0,,1,2026-08-08T02:30:00+05:30
00566e1e509a4d6eab0449d54af0d816,backfill-20260906-213201,simulator,DEL,BOM,DEL-BOM,2026-08-23,2026-08-08,2026-08-08T02:30:00+05:30,QP,QP273,ECONOMY,,15,4604,1080,0,5684,INR,,,,b0e7a85ec975f8dd6fcae22456738bf96e53922f2120c535a9ed101f85018594,VALID,1.0,,1,2026-08-08T02:30:00+05:30
0ce6397b000540f49def719011028303,backfill-20260906-213201,simulator,DEL,BOM,DEL-BOM,2026-08-23,2026-08-08,2026-08-08T02:30:00+05:30,SG,SG917,ECONOMY,,15,4095,1055,0,5150,INR,,,,a3b877d2fcbf5c15500fcff1e51dd1220a2f21fc1ddc87e7f33507bb1b07c09d,VALID,1.0,,1,2026-08-08T02:30:00+05:30
5544d9a2428045309c63e7401da3bb51,backfill-20260906-213201,simulator,DEL,BOM,DEL-BOM,2026-09-07,2026-08-08,2026-08-08T02:30:00+05:30,6E,6E888,ECONOMY,,30,4058,1053,0,5111,INR,,,,34d11db0b62f3f47d967746f2d1ca794703e75f7cec795e897a399deea2d6f85,VALID,1.0,,1,2026-08-08T02:30:00+05:30
d771268e8e824b1a97e0179a03d578ab,backfill-20260906-213201,simulator,DEL,BOM,DEL-BOM,2026-09-07,2026-08-08,2026-08-08T02:30:00+05:30,6E,6E460,ECONOMY,,30,3403,1020,0,4423,INR,,,,34c2b7e7ccd67d3922492ea05e5a2a0d7db5371900e2d96de18452f24da3779c,VALID,1.0,,1,2026-08-08T02:30:00+05:30
89375040adb6440cb855d21ae46a6fb8,backfill-20260906-213201,simulator,DEL,BOM,DEL-BOM,2026-09-07,2026-08-08,2026-08-08T02:30:00+05:30,6E,6E322,ECONOMY,,30,3566,1028,0,4594,INR,,,,6c48516f120c37a51f581dbd7558d2578a8a2ec2ef6dfb64e816773ba077063b,VALID,1.0,,1,2026-08-08T02:30:00+05:30
83698898d5fc4feca47c7fc0fab5cda8,backfill-20260906-213201,simulator,DEL,BOM,DEL-BOM,2026-09-07,2026-08-08,2026-08-08T02:30:00+05:30,AI,AI827,ECONOMY,,30,3810,1041,0,4851,INR,,,,9a46f599430d70736e0e32fbb4209131646057caf3844d2afc542de64cd192ca,VALID,1.0,,1,2026-08-08T02:30:00+05:30
96c38796aec14dd1883adacdda9bd6e5,backfill-20260906-213201,simulator,DEL,BOM,DEL-BOM,2026-09-07,2026-08-08,2026-08-08T02:30:00+05:30,AI,AI917,ECONOMY,,30,3975,1049,0,5024,INR,,,,a09c869bedc30770071df368ac0c4d4c475b0c2d4f59a8d48593cd7bc0d4ade0,VALID,1.0,,1,2026-08-08T02:30:00+05:30
daf68b249e714f88baf2460733714636,backfill-20260906-213201,simulator,DEL,BOM,DEL-BOM,2026-09-07,2026-08-08,2026-08-08T02:30:00+05:30,QP,QP313,ECONOMY,,30,3137,1007,0,4144,INR,,,,8c2ba08d3ec9bcfece35fe9759fa2c1b6eb982ccdcaa10fb60eac155def3a28b,VALID,1.0,,1,2026-08-08T02:30:00+05:30
0d306769e2304386bd73d3ed87db34a6,backfill-20260906-213201,simulator,DEL,BOM,DEL-BOM,2026-09-07,2026-08-08,2026-08-08T02:30:00+05:30,SG,SG893,ECONOMY,,30,3223,1011,0,4234,INR,,,,9ef4a81b2b4c3a34135690ea674dba3897ca84a7e3e04fc84123f47736500b26,VALID,1.0,,1,2026-08-08T02:30:00+05:30
f267243b7d7748caa91ac28b5df7cbd3,backfill-20260906-213201,simulator,DEL,BOM,DEL-BOM,2026-09-22,2026-08-08,2026-08-08T02:30:00+05:30,6E,6E431,ECONOMY,,45,3396,1020,0,4416,INR,,,,b6613dfa0bf1bd70599454e378f196e12a96770d63ed000dd4e91babcb177d4f,VALID,1.0,,1,2026-08-08T02:30:00+05:30
6f436b7a5f644fd1b1cf11b675b8165f,backfill-20260906-213201,simulator,DEL,BOM,DEL-BOM,2026-09-22,2026-08-08,2026-08-08T02:30:00+05:30,6E,6E505,ECONOMY,,45,3375,1019,0,4394,INR,,,,ccaf4837537fc53febb2714c1c67c5bd8d9161d89763e819bff5b3ad35250f9d,VALID,1.0,,1,2026-08-08T02:30:00+05:30
3ce76dfd8a2243e288715ecdd959c748,backfill-20260906-213201,simulator,DEL,BOM,DEL-BOM,2026-09-22,2026-08-08,2026-08-08T02:30:00+05:30,6E,6E873,ECONOMY,,45,2789,989,0,3778,INR,,,,0e58e5c57bbf4240ecad2110d3209876ae910334aad49d6b6f5de8882099ac8e,VALID,1.0,,1,2026-08-08T02:30:00+05:30
12f44bbd8e6049b584e85e5288f5f433,backfill-20260906-213201,simulator,DEL,BOM,DEL-BOM,2026-09-22,2026-08-08,2026-08-08T02:30:00+05:30,AI,AI882,ECONOMY,,45,3017,1001,0,4018,INR,,,,cfa4ac188a2e0a9f237c0d3180dc7ef8c3799ffd7a5203f615c3a7732eef1717,VALID,1.0,,1,2026-08-08T02:30:00+05:30
27a8b9ab107442448adefd31cb826875,backfill-20260906-213201,simulator,DEL,BOM,DEL-BOM,2026-09-22,2026-08-08,2026-08-08T02:30:00+05:30,AI,AI725,ECONOMY,,45,3662,1033,0,4695,INR,,,,7f1ede47f0caef93de3dc3fc50fe33a96625827797b2435b0b137b3bbcd40363,VALID,1.0,,1,2026-08-08T02:30:00+05:30
f54b004c4a6e46ce99c98b44b6bb5f05,backfill-20260906-213201,simulator,DEL,BOM,DEL-BOM,2026-09-22,2026-08-08,2026-08-08T02:30:00+05:30,QP,QP721,ECONOMY,,45,2925,996,0,3921,INR,,,,bc5ac3f310a4198348c0d82e40e335f5721c9435b566d6cee66cee1a123e44cc,VALID,1.0,,1,2026-08-08T02:30:00+05:30
652033dd7c044ae19a8cb843e3658c77,backfill-20260906-213201,simulator,DEL,BOM,DEL-BOM,2026-09-22,2026-08-08,2026-08-08T02:30:00+05:30,SG,SG525,ECONOMY,,45,3064,1003,0,4067,INR,,,,aa3d7d8050e306f7cd90d91c814243c81626df64ad83b2b456e818e0eabec251,VALID,1.0,,1,2026-08-08T02:30:00+05:30
0acd238b29424fc7b59499e4d70e62e2,backfill-20260906-213201,simulator,DEL,BLR,DEL-BLR,2026-08-09,2026-08-08,2026-08-08T02:30:00+05:30,6E,6.00E+244,ECONOMY,,1,10174,1359,0,11533,INR,,,,7c348b8090f14e18e13eaf303bb716bf2186a4bd4c096d06500c43c3e1d8bebd,VALID,1.0,,1,2026-08-08T02:30:00+05:30
aec736cd036a4e7d93a6b680f6e5bf85,backfill-20260906-213201,simulator,DEL,BLR,DEL-BLR,2026-08-09,2026-08-08,2026-08-08T02:30:00+05:30,6E,6E763,ECONOMY,,1,10683,1384,0,12067,INR,,,,e69b5069d4e64d3a6d5303ad6c7be2c1d34964f2986ddb3a6d6a716d0f241645,VALID,1.0,,1,2026-08-08T02:30:00+05:30
f063de1b6d3541d5a3200b206ca78fad,backfill-20260906-213201,simulator,DEL,BLR,DEL-BLR,2026-08-09,2026-08-08,2026-08-08T02:30:00+05:30,6E,6.00E+269,ECONOMY,,1,12291,1465,0,13756,INR,,,,f93d09118d27b52506b81776c27ba85e41d7cdb630b64b2c967e05eea6dc0ee9,VALID,1.0,,1,2026-08-08T02:30:00+05:30
ba7510d1438c4cd384a04ff6a0446dec,backfill-20260906-213201,simulator,DEL,BLR,DEL-BLR,2026-08-09,2026-08-08,2026-08-08T02:30:00+05:30,AI,AI629,ECONOMY,,1,11036,1402,0,12438,INR,,,,36bcda99533204d0735f615d7c251e57d451a69f303e3acd35f8991371798624,VALID,1.0,,1,2026-08-08T02:30:00+05:30
ca8e59c29f45431e8faeadc6c709cf7d,backfill-20260906-213201,simulator,DEL,BLR,DEL-BLR,2026-08-09,2026-08-08,2026-08-08T02:30:00+05:30,AI,AI689,ECONOMY,,1,12111,1456,0,13567,INR,,,,c1b80c13656b7b33ed71eb14f40ec7f1b0e3c6bb53550d08b73d934ade45813e,VALID,1.0,,1,2026-08-08T02:30:00+05:30
1949c384f0df4a79b00a84a004c72e3d,backfill-20260906-213201,simulator,DEL,BLR,DEL-BLR,2026-08-09,2026-08-08,2026-08-08T02:30:00+05:30,QP,QP752,ECONOMY,,1,9790,1339,0,11129,INR,,,,7567fcabc0f89ea9778814575b8bde004fe992f3a7f89ae9ef7a03cefadd139c,VALID,1.0,,1,2026-08-08T02:30:00+05:30
d85584cc09a843dbae267d0bdd54ef1b,backfill-20260906-213201,simulator,DEL,BLR,DEL-BLR,2026-08-09,2026-08-08,2026-08-08T02:30:00+05:30,SG,SG828,ECONOMY,,1,9617,1331,0,10948,INR,,,,0c2cce9fdd0a0dc7aaf8933ac4fb04f2f70f06ba28bbae89c5e8bd0139acce28,VALID,1.0,,1,2026-08-08T02:30:00+05:30
469e392675234b99ae992a505c2dd7f0,backfill-20260906-213201,simulator,DEL,BLR,DEL-BLR,2026-08-15,2026-08-08,2026-08-08T02:30:00+05:30,6E,6E534,ECONOMY,,7,6392,1170,0,7562,INR,,,,6aa9935765b723d75ab81339170749421667cbd6220960c05f511a931f015848,VALID,1.0,,1,2026-08-08T02:30:00+05:30
41827daa2dfd4915a84ef29108f7aec3,backfill-20260906-213201,simulator,DEL,BLR,DEL-BLR,2026-08-15,2026-08-08,2026-08-08T02:30:00+05:30,6E,6E903,ECONOMY,,7,6477,1174,0,7651,INR,,,,ef689c1875e792c4b831167901f576464075336fd37c4bd428cb1b4d660fecf8,VALID,1.0,,1,2026-08-08T02:30:00+05:30
e1ca3192c95044deb113cad0a3064e5f,backfill-20260906-213201,simulator,DEL,BLR,DEL-BLR,2026-08-15,2026-08-08,2026-08-08T02:30:00+05:30,6E,6E351,ECONOMY,,7,5961,1148,0,7109,INR,,,,23b305de2b0424e4ca5d75a4b58570a8218297f57cccd84173d9348c0a30ec52,VALID,1.0,,1,2026-08-08T02:30:00+05:30
8ec84507ffad4239b37a48b01b2bad08,backfill-20260906-213201,simulator,DEL,BLR,DEL-BLR,2026-08-15,2026-08-08,2026-08-08T02:30:00+05:30,AI,AI333,ECONOMY,,7,6324,1166,0,7490,INR,,,,3e32c5cd8d1787d8a4009e27b2c0f1ede5195aef78511c6dac16f350f81e1c91,VALID,1.0,,1,2026-08-08T02:30:00+05:30
6974a84936434253972968eb15701892,backfill-20260906-213201,simulator,DEL,BLR,DEL-BLR,2026-08-15,2026-08-08,2026-08-08T02:30:00+05:30,AI,AI964,ECONOMY,,7,7358,1218,0,8576,INR,,,,a38111bafd088b8c170ba182d9f66560354c315bc18f1f0ff0082669586deb25,VALID,1.0,,1,2026-08-08T02:30:00+05:30
ebe67ad348244e7d87c263985ddf5ce6,backfill-20260906-213201,simulator,DEL,BLR,DEL-BLR,2026-08-15,2026-08-08,2026-08-08T02:30:00+05:30,QP,QP419,ECONOMY,,7,6234,1162,0,7396,INR,,,,e564e4f3ef86c4ab13a392cebdccfa4a101aa707896394fcdd21f306f3877af6,VALID,1.0,,1,2026-08-08T02:30:00+05:30
d0982025991b442e84804fca31931454,backfill-20260906-213201,simulator,DEL,BLR,DEL-BLR,2026-08-15,2026-08-08,2026-08-08T02:30:00+05:30,SG,SG557,ECONOMY,,7,5814,1141,0,6955,INR,,,,5e01b22279828af73967a3959accade8c0fcbf73b550b1e7644e9f478e658b11,VALID,1.0,,1,2026-08-08T02:30:00+05:30
735cf1e39a884d2eba3fb3889f27798c,backfill-20260906-213201,simulator,DEL,BLR,DEL-BLR,2026-08-23,2026-08-08,2026-08-08T02:30:00+05:30,6E,6E908,ECONOMY,,15,5663,1133,0,6796,INR,,,,8fd22f6a73ec568cb9befb4aa8e2584e3d66844198942b3d519fd51ce268bf75,VALID,1.0,,1,2026-08-08T02:30:00+05:30
61ab0f67d375405db9cd30b4c83fa907,backfill-20260906-213201,simulator,DEL,BLR,DEL-BLR,2026-08-23,2026-08-08,2026-08-08T02:30:00+05:30,6E,6E883,ECONOMY,,15,5238,1112,0,6350,INR,,,,0a577b054dd4c3bfdb17b254dfcf92b3d01ba8c909cbaba72c84ce40f7faf4ec,VALID,1.0,,1,2026-08-08T02:30:00+05:30
9eb0defdf8844744997f5e71800a8194,backfill-20260906-213201,simulator,DEL,BLR,DEL-BLR,2026-08-23,2026-08-08,2026-08-08T02:30:00+05:30,6E,6E932,ECONOMY,,15,5088,1104,0,6192,INR,,,,1208171069cc2cfee25a0326b312e66468df88cad9418f992831be6ac858db6d,VALID,1.0,,1,2026-08-08T02:30:00+05:30
a09ff7f526fd4caa89232f488b267475,backfill-20260906-213201,simulator,DEL,BLR,DEL-BLR,2026-08-23,2026-08-08,2026-08-08T02:30:00+05:30,AI,AI826,ECONOMY,,15,4999,1100,0,6099,INR,,,,4df3ce5779d6bb8ae482f38cabea28b9b1a055a27a47a81e3b6963177298ed36,VALID,1.0,,1,2026-08-08T02:30:00+05:30
53039611e9f34294a286b88f29130018,backfill-20260906-213201,simulator,DEL,BLR,DEL-BLR,2026-08-23,2026-08-08,2026-08-08T02:30:00+05:30,AI,AI636,ECONOMY,,15,4704,1085,0,5789,INR,,,,22d784645f11fa7063b2ac147a5836f79c48d25a05be5cf3c79a82db9f0ee862,VALID,1.0,,1,2026-08-08T02:30:00+05:30
bbca61132faa4d9a942704d8e8c6f243,backfill-20260906-213201,simulator,DEL,BLR,DEL-BLR,2026-08-23,2026-08-08,2026-08-08T02:30:00+05:30,QP,QP621,ECONOMY,,15,5923,1146,0,7069,INR,,,,dca7471e0712a5ba9f035f5ff613cfbb42660115a603b8dfb319cb71115e1835,VALID,1.0,,1,2026-08-08T02:30:00+05:30
0f079c819a4e4a4e9e2070e6cfa4831a,backfill-20260906-213201,simulator,DEL,BLR,DEL-BLR,2026-08-23,2026-08-08,2026-08-08T02:30:00+05:30,SG,SG717,ECONOMY,,15,4809,1090,0,5899,INR,,,,3b3a6e3ea2ee76153df8009f9b29ba9ddf20c8a8828167a0dbb905cfa9fa5395,VALID,1.0,,1,2026-08-08T02:30:00+05:30
cde40a12def248d0b8c9015981171c18,backfill-20260906-213201,simulator,DEL,BLR,DEL-BLR,2026-09-07,2026-08-08,2026-08-08T02:30:00+05:30,6E,6E501,ECONOMY,,30,3927,1046,0,4973,INR,,,,89d2a9ca3c46677122e5ea8608064b22bafeeef58c7eca71a2b9b1a22d62174f,VALID,1.0,,1,2026-08-08T02:30:00+05:30
d001f16c0d524d49a422a5faa8c0ee41,backfill-20260906-213201,simulator,DEL,BLR,DEL-BLR,2026-09-07,2026-08-08,2026-08-08T02:30:00+05:30,6E,6E648,ECONOMY,,30,3985,1049,0,5034,INR,,,,9cf364464c9f525cd08e4370e38ee0ede8e92fa98e9486d97bb98490b80c51b1,VALID,1.0,,1,2026-08-08T02:30:00+05:30
39d53ef1c338412895208a58fe6929a3,backfill-20260906-213201,simulator,DEL,BLR,DEL-BLR,2026-09-07,2026-08-08,2026-08-08T02:30:00+05:30,6E,6E927,ECONOMY,,30,4700,1085,0,5785,INR,,,,374d02ddb62205c89f9415fbe09191b346ad0e1914c57b86326c15a0da3b2aea,VALID,1.0,,1,2026-08-08T02:30:00+05:30
9f249344c5b2482ba67e58a8330bc33e,backfill-20260906-213201,simulator,DEL,BLR,DEL-BLR,2026-09-07,2026-08-08,2026-08-08T02:30:00+05:30,AI,AI227,ECONOMY,,30,5133,1107,0,6240,INR,,,,98359dd0e4d27dd3b3190521bdcb896b2bf8a12598374f09ce3660906b996102,VALID,1.0,,1,2026-08-08T02:30:00+05:30
1d61b55b901344c88b64410f2761674b,backfill-20260906-213201,simulator,DEL,BLR,DEL-BLR,2026-09-07,2026-08-08,2026-08-08T02:30:00+05:30,AI,AI976,ECONOMY,,30,4447,1072,0,5519,INR,,,,2f875b57e97f3fb9e37c8c30170f3deea2a40ab1943071465b052e8b040fc410,VALID,1.0,,1,2026-08-08T02:30:00+05:30
4d7f899c2bb84ce4ac10390e6ae08cae,backfill-20260906-213201,simulator,DEL,BLR,DEL-BLR,2026-09-07,2026-08-08,2026-08-08T02:30:00+05:30,QP,QP416,ECONOMY,,30,3919,1046,0,4965,INR,,,,e8008f2e1207638ea3be794c4bba419f6b9bcfea45b94695950c2cc3e950d9d7,VALID,1.0,,1,2026-08-08T02:30:00+05:30
b779466cee6f485aaba4754c387e68e3,backfill-20260906-213201,simulator,DEL,BLR,DEL-BLR,2026-09-07,2026-08-08,2026-08-08T02:30:00+05:30,SG,SG495,ECONOMY,,30,3943,1047,0,4990,INR,,,,0334801b671957f6409daae196351f8e5a15921d62dd6373f32593663bc34384,VALID,1.0,,1,2026-08-08T02:30:00+05:30
dbaae23a930b4447ab7ae0e17630cf2e,backfill-20260906-213201,simulator,DEL,BLR,DEL-BLR,2026-09-22,2026-08-08,2026-08-08T02:30:00+05:30,6E,6E575,ECONOMY,,45,3837,1042,0,4879,INR,,,,f48d2c6217fca0fe584f33f30cabc22d83a77d045ff5e5c26e819d9fd12d05ec,VALID,1.0,,1,2026-08-08T02:30:00+05:30
a6e09c1512cd4cdf964c677104bf28ab,backfill-20260906-213201,simulator,DEL,BLR,DEL-BLR,2026-09-22,2026-08-08,2026-08-08T02:30:00+05:30,6E,6.00E+291,ECONOMY,,45,3750,1037,0,4787,INR,,,,a4c81da901ba7f000fbfd757c8ec05f01f369dcfaffd24d12ff88e75f87d2199,VALID,1.0,,1,2026-08-08T02:30:00+05:30
ba0ae69d81ef4a5dab1f1f56d298dc5b,backfill-20260906-213201,simulator,DEL,BLR,DEL-BLR,2026-09-22,2026-08-08,2026-08-08T02:30:00+05:30,6E,6E473,ECONOMY,,45,3862,1043,0,4905,INR,,,,90ab86227d03bceda43920b7f180b583ad0c96ca69206b86dabe4a8a3e7d035c,VALID,1.0,,1,2026-08-08T02:30:00+05:30
27d7f000ee4c450faf1046e4a0caad8f,backfill-20260906-213201,simulator,DEL,BLR,DEL-BLR,2026-09-22,2026-08-08,2026-08-08T02:30:00+05:30,AI,AI492,ECONOMY,,45,3937,1047,0,4984,INR,,,,d6f71ee8f89613228ed98dbe3595944dc28f03e2efcd9b7dab4d92c00ae73ff4,VALID,1.0,,1,2026-08-08T02:30:00+05:30
a0570d2bf6ec455bb047164a8cba5a2a,backfill-20260906-213201,simulator,DEL,BLR,DEL-BLR,2026-09-22,2026-08-08,2026-08-08T02:30:00+05:30,AI,AI911,ECONOMY,,45,4233,1062,0,5295,INR,,,,f890e4a44d111fe3559695ae2c60d3315035bfa4e506da9c302921ae07b49c23,VALID,1.0,,1,2026-08-08T02:30:00+05:30
f72b854cfef44586871f96e5f27b6003,backfill-20260906-213201,simulator,DEL,BLR,DEL-BLR,2026-09-22,2026-08-08,2026-08-08T02:30:00+05:30,QP,QP530,ECONOMY,,45,3410,1020,0,4430,INR,,,,61e61c5e2f80abcc218d56b933bde0223ec9f3a4e313834e4001754ba01a8df2,VALID,1.0,,1,2026-08-08T02:30:00+05:30
cef042774ae04990b4b3872ff705af84,backfill-20260906-213201,simulator,DEL,BLR,DEL-BLR,2026-09-22,2026-08-08,2026-08-08T02:30:00+05:30,SG,SG443,ECONOMY,,45,2974,999,0,3973,INR,,,,aa1374df41f371fab7cc8f8b7040bb582c12453ee43082ecef701307e44302df,VALID,1.0,,1,2026-08-08T02:30:00+05:30
55869acebbba4372b5f7e0ba9e62f4de,backfill-20260906-213201,simulator,DEL,BOM,DEL-BOM,2026-08-10,2026-08-09,2026-08-09T02:30:00+05:30,6E,6E894,ECONOMY,,1,7418,1221,0,8639,INR,,,,85df97fe4236986583e0e256b9ebd6e24bf199f0dcd221de7cc24ac06fd03fa0,VALID,1.0,,1,2026-08-09T02:30:00+05:30
640216aac7264690b0b160c102b2efd3,backfill-20260906-213201,simulator,DEL,BOM,DEL-BOM,2026-08-10,2026-08-09,2026-08-09T02:30:00+05:30,6E,6E688,ECONOMY,,1,7577,1229,0,8806,INR,,,,535b96967c513687407d34faa68b928151c99e4c23596220f9a7e4a91a86ff80,VALID,1.0,,1,2026-08-09T02:30:00+05:30
b487066211b84054bb1cc97c84fb3ad9,backfill-20260906-213201,simulator,DEL,BOM,DEL-BOM,2026-08-10,2026-08-09,2026-08-09T02:30:00+05:30,6E,6E455,ECONOMY,,1,8703,1285,0,9988,INR,,,,8d0f62a68469e2e46aee9f42e77899fb88e2ef81ae6c9e801de8e2587d93920d,VALID,1.0,,1,2026-08-09T02:30:00+05:30
9a7a447bf04348c5858089fb53c242f9,backfill-20260906-213201,simulator,DEL,BOM,DEL-BOM,2026-08-10,2026-08-09,2026-08-09T02:30:00+05:30,AI,AI552,ECONOMY,,1,8155,1258,0,9413,INR,,,,33abf76a368e9fe42c8f1153d9569a28a8d81cb3147cb1a8cac75484fa5686e7,VALID,1.0,,1,2026-08-09T02:30:00+05:30
0d510f844a3247e2ba384378213980b8,backfill-20260906-213201,simulator,DEL,BOM,DEL-BOM,2026-08-10,2026-08-09,2026-08-09T02:30:00+05:30,AI,AI942,ECONOMY,,1,10075,1354,0,11429,INR,,,,7c1c14e3f7225f7a813a7b1caacc30517ad73a513d0a16fcc1158b38233a4283,VALID,1.0,,1,2026-08-09T02:30:00+05:30
c195a34b6c6444d9b5aad013abc55461,backfill-20260906-213201,simulator,DEL,BOM,DEL-BOM,2026-08-10,2026-08-09,2026-08-09T02:30:00+05:30,QP,QP990,ECONOMY,,1,7751,1238,0,8989,INR,,,,9f755a095f8fdfaae530600d30ba7a469b43c800b5993f2ca5ab3a78d1c874bb,VALID,1.0,,1,2026-08-09T02:30:00+05:30
d55ab510769d4f16abaad3972c1f5216,backfill-20260906-213201,simulator,DEL,BOM,DEL-BOM,2026-08-16,2026-08-09,2026-08-09T02:30:00+05:30,6E,6E865,ECONOMY,,7,5913,1146,0,7059,INR,,,,5c6980e2c98288b311fd340683ace7ab7382f5a02c585404619c27b137c80c65,VALID,1.0,,1,2026-08-09T02:30:00+05:30
7f12c21694de4092b0e66dfa76399898,backfill-20260906-213201,simulator,DEL,BOM,DEL-BOM,2026-08-16,2026-08-09,2026-08-09T02:30:00+05:30,6E,6E916,ECONOMY,,7,6490,1174,0,7664,INR,,,,65b6aaf6bd82c6aaded9ad6f657c383e09ec371981e3af99b7ccd22382dcf7f3,VALID,1.0,,1,2026-08-09T02:30:00+05:30
dbc4862cfc554f5e8a8c73c9d6d3d49e,backfill-20260906-213201,simulator,DEL,BOM,DEL-BOM,2026-08-16,2026-08-09,2026-08-09T02:30:00+05:30,6E,6E853,ECONOMY,,7,6066,1153,0,7219,INR,,,,5413ff894de54ef93abab052158849e3a7c1cc5299b0bae71e8ed948bb439e00,VALID,1.0,,1,2026-08-09T02:30:00+05:30
00c4d7b7606c4b35bf1e28b3189ae47d,backfill-20260906-213201,simulator,DEL,BOM,DEL-BOM,2026-08-16,2026-08-09,2026-08-09T02:30:00+05:30,AI,AI958,ECONOMY,,7,6436,1172,0,7608,INR,,,,f6e217b3b0be953bdd4992fced2e48572a7ada896a6c2bbadfe878f94f86cbff,VALID,1.0,,1,2026-08-09T02:30:00+05:30
9ee0de34a2c14eabae81c3025d2b3463,backfill-20260906-213201,simulator,DEL,BOM,DEL-BOM,2026-08-16,2026-08-09,2026-08-09T02:30:00+05:30,AI,AI822,ECONOMY,,7,6104,1155,0,7259,INR,,,,3df23dad8f5049d6a795817ee71b9721370870b410f4e361abb5809b9ed40bda,VALID,1.0,,1,2026-08-09T02:30:00+05:30
76c888f0f6574d83bcaf594f6ad5376e,backfill-20260906-213201,simulator,DEL,BOM,DEL-BOM,2026-08-16,2026-08-09,2026-08-09T02:30:00+05:30,QP,QP277,ECONOMY,,7,5805,1140,0,6945,INR,,,,f411b74c454de0049076f4cee2451d7b335f1e556b7142a1b8ab524720269505,VALID,1.0,,1,2026-08-09T02:30:00+05:30
e761487ddf6d4016bc9225713355e8ff,backfill-20260906-213201,simulator,DEL,BOM,DEL-BOM,2026-08-16,2026-08-09,2026-08-09T02:30:00+05:30,SG,SG692,ECONOMY,,7,5351,1118,0,6469,INR,,,,0450b11558dcdd4a533cc11956119c9cd30f780280c69d40c8d0b451896bfb24,VALID,1.0,,1,2026-08-09T02:30:00+05:30
8fc7bd8019934290ae5fc92201678e79,backfill-20260906-213201,simulator,DEL,BOM,DEL-BOM,2026-08-24,2026-08-09,2026-08-09T02:30:00+05:30,6E,6E739,ECONOMY,,15,4301,1065,0,5366,INR,,,,d2d2f29197367e8973cdf4fa9510d405e9196de0f8fe5df7ec979834d8e7d032,VALID,1.0,,1,2026-08-09T02:30:00+05:30
2f12a8e5d8bf4428af2fbabf14b997ab,backfill-20260906-213201,simulator,DEL,BOM,DEL-BOM,2026-08-24,2026-08-09,2026-08-09T02:30:00+05:30,6E,6E641,ECONOMY,,15,4361,1068,0,5429,INR,,,,40faeef62846d47f7463d771b0d3721ff49169bc0ec1544bc0d307f872a4e0ad,VALID,1.0,,1,2026-08-09T02:30:00+05:30
1d35f84c419a4fc29b610102705b0820,backfill-20260906-213201,simulator,DEL,BOM,DEL-BOM,2026-08-24,2026-08-09,2026-08-09T02:30:00+05:30,6E,6E454,ECONOMY,,15,4286,1064,0,5350,INR,,,,25bd2f5d38b8cc8ee29cfdfddcbde7a6ac2b881c2d744b567f7db77b9a1fe14b,VALID,1.0,,1,2026-08-09T02:30:00+05:30
94da31ddef634ae4876cf9311235febc,backfill-20260906-213201,simulator,DEL,BOM,DEL-BOM,2026-08-24,2026-08-09,2026-08-09T02:30:00+05:30,AI,AI400,ECONOMY,,15,5084,1104,0,6188,INR,,,,78c91fe0ca1b5b076d5e41eebbe5f31f0e9e2f2a29fa3318719b97749db1db2d,VALID,1.0,,1,2026-08-09T02:30:00+05:30
6b88c3034a2f48c29d2d56131ef90f64,backfill-20260906-213201,simulator,DEL,BOM,DEL-BOM,2026-08-24,2026-08-09,2026-08-09T02:30:00+05:30,AI,AI971,ECONOMY,,15,4252,1063,0,5315,INR,,,,adcfc29da378b84b70f1e5b122d9423f88931dff0b53960b071cab66f153634c,VALID,1.0,,1,2026-08-09T02:30:00+05:30
20fe36f7319d4c5aa798be78cad89598,backfill-20260906-213201,simulator,DEL,BOM,DEL-BOM,2026-08-24,2026-08-09,2026-08-09T02:30:00+05:30,QP,QP965,ECONOMY,,15,3813,1041,0,4854,INR,,,,4a5ed73390c979774183a146184c8c8749956faf38d6be715c597fdbf95ad232,VALID,1.0,,1,2026-08-09T02:30:00+05:30
babcad5188e54ddbbffcbf4856a8b922,backfill-20260906-213201,simulator,DEL,BOM,DEL-BOM,2026-08-24,2026-08-09,2026-08-09T02:30:00+05:30,SG,SG615,ECONOMY,,15,3925,1046,0,4971,INR,,,,e18c93cc5f16603e1dae5baa9540dbc8265028f4fbce26554bfcc266bf55b20e,VALID,1.0,,1,2026-08-09T02:30:00+05:30
d63b486e140445fa9afd1d682a8f2cf3,backfill-20260906-213201,simulator,DEL,BOM,DEL-BOM,2026-09-08,2026-08-09,2026-08-09T02:30:00+05:30,6E,6E667,ECONOMY,,30,4043,1052,0,5095,INR,,,,b0b86eb213ed1cbbd8bae73dd231cfc4a5d4394fadc775fca15168ba1ad92695,VALID,1.0,,1,2026-08-09T02:30:00+05:30
57f40afae3924f3488dda49f1a31daa3,backfill-20260906-213201,simulator,DEL,BOM,DEL-BOM,2026-09-08,2026-08-09,2026-08-09T02:30:00+05:30,6E,6E400,ECONOMY,,30,3497,1025,0,4522,INR,,,,c827ea04ef16b7860970561d35c3df49e94b4ebf8011a9410bf20a1abef0930b,VALID,1.0,,1,2026-08-09T02:30:00+05:30
fb6eb4605fe84c709459cd638e271d0b,backfill-20260906-213201,simulator,DEL,BOM,DEL-BOM,2026-09-08,2026-08-09,2026-08-09T02:30:00+05:30,6E,6E493,ECONOMY,,30,3829,1041,0,4870,INR,,,,16ee64b311a8d379208146437dfaac2a35fad66ee8ff51efceb23b46924fe986,VALID,1.0,,1,2026-08-09T02:30:00+05:30
b808995239b445fcab705eca7658dd92,backfill-20260906-213201,simulator,DEL,BOM,DEL-BOM,2026-09-08,2026-08-09,2026-08-09T02:30:00+05:30,AI,AI999,ECONOMY,,30,3520,1026,0,4546,INR,,,,8a71eba05f5d7267eaf8ece243aaafd3b5a588010f47c5e76d6a984785c1eb0b,VALID,1.0,,1,2026-08-09T02:30:00+05:30
911fc41718374536b4bc739946f5079c,backfill-20260906-213201,simulator,DEL,BOM,DEL-BOM,2026-09-08,2026-08-09,2026-08-09T02:30:00+05:30,AI,AI287,ECONOMY,,30,3949,1047,0,4996,INR,,,,950fc2cd2da09bc78601a8f791cf20cad09f401d03e60585fd65d81320a9bb53,VALID,1.0,,1,2026-08-09T02:30:00+05:30
20d9d763f8e9447d881956552aac76ac,backfill-20260906-213201,simulator,DEL,BOM,DEL-BOM,2026-09-08,2026-08-09,2026-08-09T02:30:00+05:30,QP,QP728,ECONOMY,,30,2667,983,0,3650,INR,,,,98d870de2e49b64ad332aa0ce02e757100d4cd59eb348dafd59529f4d41affad,VALID,1.0,,1,2026-08-09T02:30:00+05:30
2bd0a4c018e142a29b0e1ec848b0176b,backfill-20260906-213201,simulator,DEL,BOM,DEL-BOM,2026-09-08,2026-08-09,2026-08-09T02:30:00+05:30,SG,SG693,ECONOMY,,30,2663,983,0,3646,INR,,,,7457d21f7488e3e6cbd7d661b493f9a098cc76900ebd5c696d5d80f9e97d89a0,VALID,1.0,,1,2026-08-09T02:30:00+05:30
0baa0a4e442b4e5f9dddce432486a9df,backfill-20260906-213201,simulator,DEL,BOM,DEL-BOM,2026-09-23,2026-08-09,2026-08-09T02:30:00+05:30,6E,6E481,ECONOMY,,45,3646,1032,0,4678,INR,,,,0be487a8d5d6ce1f7fce066cfcd7b51f457997c4eea8cbbf40308c850479b64c,VALID,1.0,,1,2026-08-09T02:30:00+05:30
936c55cd46724b0f9cfc8c76f5c37812,backfill-20260906-213201,simulator,DEL,BOM,DEL-BOM,2026-09-23,2026-08-09,2026-08-09T02:30:00+05:30,6E,6E676,ECONOMY,,45,3606,1030,0,4636,INR,,,,8e94ab7f0eb8e158d67388ad0a1d00f773a933f965575586fbdecff419a6a10a,VALID,1.0,,1,2026-08-09T02:30:00+05:30
4f0b939d11b543968caace3795668d0d,backfill-20260906-213201,simulator,DEL,BOM,DEL-BOM,2026-09-23,2026-08-09,2026-08-09T02:30:00+05:30,6E,6E728,ECONOMY,,45,2871,994,0,3865,INR,,,,4b6ce646019d1a6f7fbc9c90416f8fe9288bd884d15bbc579d9fec2b807cbfbf,VALID,1.0,,1,2026-08-09T02:30:00+05:30
8dca864b40ac4e05b08bfeb9c4b0e941,backfill-20260906-213201,simulator,DEL,BOM,DEL-BOM,2026-09-23,2026-08-09,2026-08-09T02:30:00+05:30,AI,AI521,ECONOMY,,45,3102,1005,0,4107,INR,,,,7d30dac5b9f21cfb0f573ee57ef7d9f1c9faad80539f90389cd01432bc9a4c22,VALID,1.0,,1,2026-08-09T02:30:00+05:30
2565461dfde5449e82ed65ab6e3187a4,backfill-20260906-213201,simulator,DEL,BOM,DEL-BOM,2026-09-23,2026-08-09,2026-08-09T02:30:00+05:30,AI,AI211,ECONOMY,,45,3211,1011,0,4222,INR,,,,f054e177a01fa07ea5981820de6cbbef93ee704fafe4ea5db9f80aa38ed77427,VALID,1.0,,1,2026-08-09T02:30:00+05:30
da64ac063fb642df97d1f9f3683085d6,backfill-20260906-213201,simulator,DEL,BOM,DEL-BOM,2026-09-23,2026-08-09,2026-08-09T02:30:00+05:30,QP,QP368,ECONOMY,,45,2356,968,0,3324,INR,,,,156241f8bd8a40adf700f3662427d6a1c27be79380cd2934dbc7cc64f22521f2,VALID,1.0,,1,2026-08-09T02:30:00+05:30
f1187f4ffeb0477fb417fcabc1ede6e6,backfill-20260906-213201,simulator,DEL,BOM,DEL-BOM,2026-09-23,2026-08-09,2026-08-09T02:30:00+05:30,SG,SG758,ECONOMY,,45,3003,1000,0,4003,INR,,,,5aa454df9d42e2fa62a7afd0107e0aed84d4e0fb542a0eb25f9364a42b78cba3,VALID,1.0,,1,2026-08-09T02:30:00+05:30
bda0b84c78bf4da484e6dd3831ceb3c6,backfill-20260906-213201,simulator,DEL,BLR,DEL-BLR,2026-08-10,2026-08-09,2026-08-09T02:30:00+05:30,6E,6E347,ECONOMY,,1,10205,1360,0,11565,INR,,,,ff2054b49d0eb086fcee104f213c33394fa7d0f8b01f736bf1234e68ecfdc415,VALID,1.0,,1,2026-08-09T02:30:00+05:30
6bc0ad06055a4f74aff707e779b17108,backfill-20260906-213201,simulator,DEL,BLR,DEL-BLR,2026-08-10,2026-08-09,2026-08-09T02:30:00+05:30,6E,6E694,ECONOMY,,1,9278,1314,0,10592,INR,,,,98156a96604c54e341aeb82bfe7f3a5a86c23ac614d2c61674b4175cc2e3c9a4,VALID,1.0,,1,2026-08-09T02:30:00+05:30
7005abf26003472b92bf641b99973946,backfill-20260906-213201,simulator,DEL,BLR,DEL-BLR,2026-08-10,2026-08-09,2026-08-09T02:30:00+05:30,6E,6E638,ECONOMY,,1,9352,1318,0,10670,INR,,,,81a26f64717baee37ebe4df88a1840d38809a7ae667dcf17ccd9c90c491d0c38,VALID,1.0,,1,2026-08-09T02:30:00+05:30
2eed262cfbe24516b400ede137f4d245,backfill-20260906-213201,simulator,DEL,BLR,DEL-BLR,2026-08-10,2026-08-09,2026-08-09T02:30:00+05:30,AI,AI512,ECONOMY,,1,10919,1396,0,12315,INR,,,,5827511fdc5d444839a685d89f3cc910c869ac905a11f6e1abd773ebc9434590,VALID,1.0,,1,2026-08-09T02:30:00+05:30
ffc84f9b35e349cfaeae92976370552d,backfill-20260906-213201,simulator,DEL,BLR,DEL-BLR,2026-08-10,2026-08-09,2026-08-09T02:30:00+05:30,AI,AI649,ECONOMY,,1,9505,1325,0,10830,INR,,,,d62de8e3832ed5589e93fbe70544c58a547bfe6d5a643753ae744815a2c41f05,VALID,1.0,,1,2026-08-09T02:30:00+05:30
11277769aecd4cf0a28ad8c4bd5bbc55,backfill-20260906-213201,simulator,DEL,BLR,DEL-BLR,2026-08-10,2026-08-09,2026-08-09T02:30:00+05:30,QP,QP285,ECONOMY,,1,8600,1280,0,9880,INR,,,,7403df06fc6837629494b55c189462e2d5b7a3b136a910557a1b6bc10ce2ed53,VALID,1.0,,1,2026-08-09T02:30:00+05:30
4c9ed846292f4aee92f5cfa024d4d9b5,backfill-20260906-213201,simulator,DEL,BLR,DEL-BLR,2026-08-10,2026-08-09,2026-08-09T02:30:00+05:30,SG,SG391,ECONOMY,,1,9457,1323,0,10780,INR,,,,f640eda1c82820463c4d5e81058a68a63f4e8decab0f0fa8db652b7336db389e,VALID,1.0,,1,2026-08-09T02:30:00+05:30
5307aef430f841ee9223ad96f9b4db77,backfill-20260906-213201,simulator,DEL,BLR,DEL-BLR,2026-08-16,2026-08-09,2026-08-09T02:30:00+05:30,6E,6E845,ECONOMY,,7,6859,1193,0,8052,INR,,,,2135f46dac5ee24a5a029e2ea6c40ee0f0f213fd011918b441bd2754a60fca0e,VALID,1.0,,1,2026-08-09T02:30:00+05:30
07145c15cb744cd684cba1d4334ff9d2,backfill-20260906-213201,simulator,DEL,BLR,DEL-BLR,2026-08-16,2026-08-09,2026-08-09T02:30:00+05:30,6E,6E834,ECONOMY,,7,7599,1230,0,8829,INR,,,,67c478ead1bf9369ac05e3cf5c4ce046d96df6136ca439460b815d5af9fe775d,VALID,1.0,,1,2026-08-09T02:30:00+05:30
1ffa5917bae347c2acb257de0e7edd8a,backfill-20260906-213201,simulator,DEL,BLR,DEL-BLR,2026-08-16,2026-08-09,2026-08-09T02:30:00+05:30,6E,6E345,ECONOMY,,7,7035,1202,0,8237,INR,,,,2c1bc182800ba85fe06fca284fd154534af5ed5c2a71cadca40488e7f3162f09,VALID,1.0,,1,2026-08-09T02:30:00+05:30
38d392e2c3d64398989131fa79284454,backfill-20260906-213201,simulator,DEL,BLR,DEL-BLR,2026-08-16,2026-08-09,2026-08-09T02:30:00+05:30,AI,AI698,ECONOMY,,7,6379,1169,0,7548,INR,,,,983db3a59b5d76bcea1308731cdf3c92eacc7719cdedfe3054b633b3c149e4a0,VALID,1.0,,1,2026-08-09T02:30:00+05:30
f3b581518dc4423eb465a259dc838aa9,backfill-20260906-213201,simulator,DEL,BLR,DEL-BLR,2026-08-16,2026-08-09,2026-08-09T02:30:00+05:30,AI,AI408,ECONOMY,,7,6691,1185,0,7876,INR,,,,dafb3ffec743b8cad24a33e6d2a371e2775a5a6170aff42dabb95264de6acc59,VALID,1.0,,1,2026-08-09T02:30:00+05:30
87a53290f19b42d08f11f20cb573120a,backfill-20260906-213201,simulator,DEL,BLR,DEL-BLR,2026-08-16,2026-08-09,2026-08-09T02:30:00+05:30,QP,QP740,ECONOMY,,7,5902,1145,0,7047,INR,,,,bbc62d6457f0d942dd8667a9c5590649717aad263753fc76679f607a54719ff7,VALID,1.0,,1,2026-08-09T02:30:00+05:30
aa7f28c3bfd9415ab3b4901410387833,backfill-20260906-213201,simulator,DEL,BLR,DEL-BLR,2026-08-16,2026-08-09,2026-08-09T02:30:00+05:30,SG,SG348,ECONOMY,,7,6577,1179,0,7756,INR,,,,b6f39a15ca075bbd0ede0c840144e4b1757ec408082edfe522721eaa343f84d0,VALID,1.0,,1,2026-08-09T02:30:00+05:30
198563d5da7944f48ce08b326397b363,backfill-20260906-213201,simulator,DEL,BLR,DEL-BLR,2026-08-24,2026-08-09,2026-08-09T02:30:00+05:30,6E,6E970,ECONOMY,,15,4127,1056,0,5183,INR,,,,f31a4992818cb875bdb3ff8667cab817230a8eb779ab742d5644a58ff0eeab62,VALID,1.0,,1,2026-08-09T02:30:00+05:30
eb63dcfb2ec746cc99c44ca0cc9b7ddb,backfill-20260906-213201,simulator,DEL,BLR,DEL-BLR,2026-08-24,2026-08-09,2026-08-09T02:30:00+05:30,6E,6E820,ECONOMY,,15,5486,1124,0,6610,INR,,,,67950072aa1ca5a12953ef28dcc2799d4255380752d84a8048f1a047b6b6d7de,VALID,1.0,,1,2026-08-09T02:30:00+05:30
fa6f0c4ebda446f1a26cfb21e8ebacdf,backfill-20260906-213201,simulator,DEL,BLR,DEL-BLR,2026-08-24,2026-08-09,2026-08-09T02:30:00+05:30,6E,6E525,ECONOMY,,15,4506,1075,0,5581,INR,,,,620fb6f8e789213fe1ed34ee31c16ec40fcba4bf44ff1aa331c319b50b190be6,VALID,1.0,,1,2026-08-09T02:30:00+05:30
29e6ab21e78043c2a378b21ce6e59891,backfill-20260906-213201,simulator,DEL,BLR,DEL-BLR,2026-08-24,2026-08-09,2026-08-09T02:30:00+05:30,AI,AI904,ECONOMY,,15,4964,1098,0,6062,INR,,,,c31407da9c2da7587a5668e4f7da4ee62868f816cf7eea26b69a5c052068b9b5,VALID,1.0,,1,2026-08-09T02:30:00+05:30
e380ae83f1ac40f4a73d83c77df26e76,backfill-20260906-213201,simulator,DEL,BLR,DEL-BLR,2026-08-24,2026-08-09,2026-08-09T02:30:00+05:30,AI,AI977,ECONOMY,,15,5457,1123,0,6580,INR,,,,1fce48831ecae0df6278acf8fb556ac2301a85e870da333f2b50f47a21f329a0,VALID,1.0,,1,2026-08-09T02:30:00+05:30
e75ceafe60164d8f87887da5f038be92,backfill-20260906-213201,simulator,DEL,BLR,DEL-BLR,2026-08-24,2026-08-09,2026-08-09T02:30:00+05:30,QP,QP888,ECONOMY,,15,4618,1081,0,5699,INR,,,,882e86ea09f36f6603cba8b2584196546433778525f23cf2d195876330bf7e32,VALID,1.0,,1,2026-08-09T02:30:00+05:30
51a65c91f6d24404ad5f2732fc874d2c,backfill-20260906-213201,simulator,DEL,BLR,DEL-BLR,2026-08-24,2026-08-09,2026-08-09T02:30:00+05:30,SG,SG692,ECONOMY,,15,4257,1063,0,5320,INR,,,,615c6dd46cac3cfaaf765400e2724a58f388e7a3997dd5a91d911db434f200bc,VALID,1.0,,1,2026-08-09T02:30:00+05:30
196864288a5e4b3aab7ab9307994b637,backfill-20260906-213201,simulator,DEL,BLR,DEL-BLR,2026-09-08,2026-08-09,2026-08-09T02:30:00+05:30,6E,6E705,ECONOMY,,30,3683,1034,0,4717,INR,,,,959c428f448ee53d03cd0ec12fad6ea8faec003be98590c9cc899b3e7fac979c,VALID,1.0,,1,2026-08-09T02:30:00+05:30
c123e92e662443339bf8a53b22f4f533,backfill-20260906-213201,simulator,DEL,BLR,DEL-BLR,2026-09-08,2026-08-09,2026-08-09T02:30:00+05:30,6E,6.00E+209,ECONOMY,,30,3321,1016,0,4337,INR,,,,31e518a51eaa524b4fdd820125f060832271871b9722ef8bd757d36eb0e116b7,VALID,1.0,,1,2026-08-09T02:30:00+05:30
b6f721134c6d499ba65ab6518f86adbf,backfill-20260906-213201,simulator,DEL,BLR,DEL-BLR,2026-09-08,2026-08-09,2026-08-09T02:30:00+05:30,6E,6E505,ECONOMY,,30,3864,1043,0,4907,INR,,,,80805228b87d61c031f2a7d110df46ff79f534fac1bc663d57dc4cc655bab8ba,VALID,1.0,,1,2026-08-09T02:30:00+05:30
7616a5a5c60b476893a48f87bafcac94,backfill-20260906-213201,simulator,DEL,BLR,DEL-BLR,2026-09-08,2026-08-09,2026-08-09T02:30:00+05:30,AI,AI382,ECONOMY,,30,4151,1058,0,5209,INR,,,,d76da0c78b880967b9db3f0ca9a8bdd8fa50bf0dc0888af5db8b488160a6430d,VALID,1.0,,1,2026-08-09T02:30:00+05:30
1a2b7118f9484ef1ae990642478594fc,backfill-20260906-213201,simulator,DEL,BLR,DEL-BLR,2026-09-08,2026-08-09,2026-08-09T02:30:00+05:30,AI,AI699,ECONOMY,,30,4180,1059,0,5239,INR,,,,c5721fddcb72f055dbe6b4c41a186a57a64a1d29e677cf40892cc32d06d1dec0,VALID,1.0,,1,2026-08-09T02:30:00+05:30
0b257c3f27304d7ca447f0132ca5b25b,backfill-20260906-213201,simulator,DEL,BLR,DEL-BLR,2026-09-08,2026-08-09,2026-08-09T02:30:00+05:30,QP,QP264,ECONOMY,,30,3811,1041,0,4852,INR,,,,9e68ea5a8172d3dcf5cc1b672367d6bcc336eb5659cc9d5c88277456082be7b4,VALID,1.0,,1,2026-08-09T02:30:00+05:30
7604a8d16fdb436499eaf1def72bf442,backfill-20260906-213201,simulator,DEL,BLR,DEL-BLR,2026-09-08,2026-08-09,2026-08-09T02:30:00+05:30,SG,SG713,ECONOMY,,30,3728,1036,0,4764,INR,,,,12b2ebe335f04387f2d8dfab9564d3b274e4c7e213a48f2a87553f309de39241,VALID,1.0,,1,2026-08-09T02:30:00+05:30
a33f33ce35a5418d91e3d13f31fea4fd,backfill-20260906-213201,simulator,DEL,BLR,DEL-BLR,2026-09-23,2026-08-09,2026-08-09T02:30:00+05:30,6E,6E711,ECONOMY,,45,3562,1028,0,4590,INR,,,,4e49cb581e8d952fea4dbea59bdbdcc867af5e716958c86582fadc993801ca64,VALID,1.0,,1,2026-08-09T02:30:00+05:30
f5a263443bcc45e798e047b8d551e96d,backfill-20260906-213201,simulator,DEL,BLR,DEL-BLR,2026-09-23,2026-08-09,2026-08-09T02:30:00+05:30,6E,6E483,ECONOMY,,45,3504,1025,0,4529,INR,,,,a24881bcdfcf4790a3642acd91924586f0eca407bdfd75665285a69bec7c7df3,VALID,1.0,,1,2026-08-09T02:30:00+05:30
a2cb74500b1b4fcf96d26054c1116e28,backfill-20260906-213201,simulator,DEL,BLR,DEL-BLR,2026-09-23,2026-08-09,2026-08-09T02:30:00+05:30,6E,6E442,ECONOMY,,45,2931,997,0,3928,INR,,,,bcc7aa486566ef42ef5536e77dc8d2b2bfc6ad38707bb9a23f9ca8bf1af010b9,VALID,1.0,,1,2026-08-09T02:30:00+05:30
740b2a2bf0174f1c851cc7fe4911224c,backfill-20260906-213201,simulator,DEL,BLR,DEL-BLR,2026-09-23,2026-08-09,2026-08-09T02:30:00+05:30,AI,AI626,ECONOMY,,45,3532,1027,0,4559,INR,,,,fff98420a842f0f8f36c1e01259c31509afda0d7369845968f93f7d74384153c,VALID,1.0,,1,2026-08-09T02:30:00+05:30
e69d24efcb114beda513977d4a61d9d4,backfill-20260906-213201,simulator,DEL,BLR,DEL-BLR,2026-09-23,2026-08-09,2026-08-09T02:30:00+05:30,AI,AI986,ECONOMY,,45,3466,1023,0,4489,INR,,,,de4c5efbb8b507e8818fee4233de498dea5f0e3a3757735e55c13c4aedbd7d5a,VALID,1.0,,1,2026-08-09T02:30:00+05:30
9e1eb42fa9e9498ea1ebf12e3874bec0,backfill-20260906-213201,simulator,DEL,BLR,DEL-BLR,2026-09-23,2026-08-09,2026-08-09T02:30:00+05:30,QP,QP470,ECONOMY,,45,3623,1031,0,4654,INR,,,,3ffb8edd57835f5e8e6162f4bc93d732afd1e986fd749615b09f382810b5173c,VALID,1.0,,1,2026-08-09T02:30:00+05:30
db2f72d311aa453c9b9dc9e4afb839bc,backfill-20260906-213201,simulator,DEL,BLR,DEL-BLR,2026-09-23,2026-08-09,2026-08-09T02:30:00+05:30,SG,SG791,ECONOMY,,45,3151,1008,0,4159,INR,,,,b7b856579685baae39e307064e007d2f5184274e692edfef04fe31b2b321634c,VALID,1.0,,1,2026-08-09T02:30:00+05:30
dc3de0e82f36484f97c6a69602d49368,backfill-20260906-213201,simulator,DEL,BOM,DEL-BOM,2026-08-11,2026-08-10,2026-08-10T02:30:00+05:30,6E,6E461,ECONOMY,,1,7672,1234,0,8906,INR,,,,5de8530a572207ba9639201f1596cbebe7141b776913d90f7fb4e62db02e08cc,VALID,1.0,,1,2026-08-10T02:30:00+05:30
d618dd317aaa44508934e6960dd845ae,backfill-20260906-213201,simulator,DEL,BOM,DEL-BOM,2026-08-11,2026-08-10,2026-08-10T02:30:00+05:30,6E,6E842,ECONOMY,,1,8637,1282,0,9919,INR,,,,d701ff5ce41ca4a0556c1950c46f3d9d3eee87149819e1833cc5490fd30275a8,VALID,1.0,,1,2026-08-10T02:30:00+05:30
535db9f4ea904026a5c2f948081217e3,backfill-20260906-213201,simulator,DEL,BOM,DEL-BOM,2026-08-11,2026-08-10,2026-08-10T02:30:00+05:30,AI,AI257,ECONOMY,,1,8467,1273,0,9740,INR,,,,385deffaf7e3bc1aa71169a07c9d3339652525e070028a471256bfcd1cf6944a,VALID,1.0,,1,2026-08-10T02:30:00+05:30
d36df3f1a6784d178c1bd1e957f0d02e,backfill-20260906-213201,simulator,DEL,BOM,DEL-BOM,2026-08-11,2026-08-10,2026-08-10T02:30:00+05:30,AI,AI701,ECONOMY,,1,8177,1259,0,9436,INR,,,,aa49e002a63422152480fe53e996756c6d8ecd731b88289fd19cb6cbb1cb2a52,VALID,1.0,,1,2026-08-10T02:30:00+05:30
170a422baad049e8aa469246f4bfd5f0,backfill-20260906-213201,simulator,DEL,BOM,DEL-BOM,2026-08-11,2026-08-10,2026-08-10T02:30:00+05:30,QP,QP858,ECONOMY,,1,7753,1238,0,8991,INR,,,,b5bf02d6db0f753aa4a71f4d5a2087e44bb4235840f1403874940b005713cc12,VALID,1.0,,1,2026-08-10T02:30:00+05:30
26a58a55c45c4fb0af9b5ffee88d7409,backfill-20260906-213201,simulator,DEL,BOM,DEL-BOM,2026-08-11,2026-08-10,2026-08-10T02:30:00+05:30,SG,SG223,ECONOMY,,1,7691,1235,0,8926,INR,,,,5b6ce611a7267932fd7c146644fbe44f9178f6a4105f26762f1663ddb27bfcc4,VALID,1.0,,1,2026-08-10T02:30:00+05:30
91f3f791c4784426a8ff184a55813159,backfill-20260906-213201,simulator,DEL,BOM,DEL-BOM,2026-08-17,2026-08-10,2026-08-10T02:30:00+05:30,6E,6.00E+200,ECONOMY,,7,5061,1103,0,6164,INR,,,,afc50986a041ddde65b7d4f74d60c39283e0af1f540eef57beca875cf6526a5b,VALID,1.0,,1,2026-08-10T02:30:00+05:30
18074d1c9b4a431ebbb8d13941804bb3,backfill-20260906-213201,simulator,DEL,BOM,DEL-BOM,2026-08-17,2026-08-10,2026-08-10T02:30:00+05:30,6E,6E917,ECONOMY,,7,4706,1085,0,5791,INR,,,,f1efb03e8206e48d5f8fd4a2e1f3d332f7263978523dd613d95c4bdc9e022bb1,VALID,1.0,,1,2026-08-10T02:30:00+05:30
69cacd5620c84c769010affbaca35427,backfill-20260906-213201,simulator,DEL,BOM,DEL-BOM,2026-08-17,2026-08-10,2026-08-10T02:30:00+05:30,6E,6E567,ECONOMY,,7,5092,1105,0,6197,INR,,,,76377dd307e97739c500a1a453576537be4372f800a95b906be261eb17b53fa5,VALID,1.0,,1,2026-08-10T02:30:00+05:30
176c1ab55a47460bbe9687c6cd128d35,backfill-20260906-213201,simulator,DEL,BOM,DEL-BOM,2026-08-17,2026-08-10,2026-08-10T02:30:00+05:30,AI,AI631,ECONOMY,,7,5516,1126,0,6642,INR,,,,83c2efd9a4b4b66b336b4717dfcbc80e0ad5de42dcb35f9533db1d9965987959,VALID,1.0,,1,2026-08-10T02:30:00+05:30
ecfb56584c5145f2b4f059a43f487dd7,backfill-20260906-213201,simulator,DEL,BOM,DEL-BOM,2026-08-17,2026-08-10,2026-08-10T02:30:00+05:30,AI,AI869,ECONOMY,,7,6095,1155,0,7250,INR,,,,a14a66c808c55a5ea9479509ff7584a203be3724871331bc7483d4d13a1e653c,VALID,1.0,,1,2026-08-10T02:30:00+05:30
d7ff2ce974774aed88945f91894cd48e,backfill-20260906-213201,simulator,DEL,BOM,DEL-BOM,2026-08-17,2026-08-10,2026-08-10T02:30:00+05:30,QP,QP328,ECONOMY,,7,4296,1065,0,5361,INR,,,,9a876608f446574571d8eb4b029b04ea0079d06e5adc412a628e59a55ffb19b0,VALID,1.0,,1,2026-08-10T02:30:00+05:30
9e843e97e486476cb33e23cce028d9ab,backfill-20260906-213201,simulator,DEL,BOM,DEL-BOM,2026-08-17,2026-08-10,2026-08-10T02:30:00+05:30,SG,SG798,ECONOMY,,7,5225,1111,0,6336,INR,,,,697acfcfe68985dd28af3f0990cd8c6517c345823b3251345c3c081b5299e927,VALID,1.0,,1,2026-08-10T02:30:00+05:30
8fe94618c389494b95c8912a0f499f83,backfill-20260906-213201,simulator,DEL,BOM,DEL-BOM,2026-08-25,2026-08-10,2026-08-10T02:30:00+05:30,6E,6E648,ECONOMY,,15,3658,1033,0,4691,INR,,,,e150068b2c23c88ce28e66cb0a8968d573f3fbebd698850f73898218cee63eba,VALID,1.0,,1,2026-08-10T02:30:00+05:30
8d3fedb8452d4b0993e7087eaedc7d8f,backfill-20260906-213201,simulator,DEL,BOM,DEL-BOM,2026-08-25,2026-08-10,2026-08-10T02:30:00+05:30,6E,6E744,ECONOMY,,15,4069,1053,0,5122,INR,,,,6335de4d9aea07d01566659f4b69b69d247323205404d965fd06ce3b96bff85c,VALID,1.0,,1,2026-08-10T02:30:00+05:30
e36f46b777b54f9abe9541a6be615fdc,backfill-20260906-213201,simulator,DEL,BOM,DEL-BOM,2026-08-25,2026-08-10,2026-08-10T02:30:00+05:30,6E,6.00E+239,ECONOMY,,15,3998,1050,0,5048,INR,,,,dd6d2b96bcdf2992a6b63e72a101f9c44819454644477dbe4f50fc519bcf09d8,VALID,1.0,,1,2026-08-10T02:30:00+05:30
45649f845ea64834bb931f232d6f8d3f,backfill-20260906-213201,simulator,DEL,BOM,DEL-BOM,2026-08-25,2026-08-10,2026-08-10T02:30:00+05:30,AI,AI763,ECONOMY,,15,4513,1076,0,5589,INR,,,,33575ea25252d43d60b8fcfa79de63c963aaae174747061ee74f7c686a98ba24,VALID,1.0,,1,2026-08-10T02:30:00+05:30
250250af09a24a359f1fda41eb31e514,backfill-20260906-213201,simulator,DEL,BOM,DEL-BOM,2026-08-25,2026-08-10,2026-08-10T02:30:00+05:30,AI,AI561,ECONOMY,,15,4482,1074,0,5556,INR,,,,276b7783586204ac36bcfa2fc2a782606759c012bfdcc0a6d496336844750e6b,VALID,1.0,,1,2026-08-10T02:30:00+05:30
5c4e683ea1204f8caf8ca7385f943734,backfill-20260906-213201,simulator,DEL,BOM,DEL-BOM,2026-08-25,2026-08-10,2026-08-10T02:30:00+05:30,QP,QP356,ECONOMY,,15,4278,1064,0,5342,INR,,,,ad5120bdc9c1010b3d16f0577d52cf55696494524b04c859a66d6e62404ceb11,VALID,1.0,,1,2026-08-10T02:30:00+05:30
5d6f020611594f84b36749d3736ad450,backfill-20260906-213201,simulator,DEL,BOM,DEL-BOM,2026-08-25,2026-08-10,2026-08-10T02:30:00+05:30,SG,SG614,ECONOMY,,15,3774,1039,0,4813,INR,,,,0bcbfd06a2e55e7000388e5946bca607f2e053f5af4fbe2d22d0403106f3cd0d,VALID,1.0,,1,2026-08-10T02:30:00+05:30
f77f10c34bca4f4fb439e5e0d28bb2b1,backfill-20260906-213201,simulator,DEL,BOM,DEL-BOM,2026-09-09,2026-08-10,2026-08-10T02:30:00+05:30,6E,6E311,ECONOMY,,30,3551,1028,0,4579,INR,,,,331d9250b02cb59fcd9b9367273a2b7d675514080d9e43c4c472e70d7badacfe,VALID,1.0,,1,2026-08-10T02:30:00+05:30
f7209c6060ea4665a4fe59c6ac0aef3b,backfill-20260906-213201,simulator,DEL,BOM,DEL-BOM,2026-09-09,2026-08-10,2026-08-10T02:30:00+05:30,6E,6E485,ECONOMY,,30,3436,1022,0,4458,INR,,,,3052ef191de050a15f3b7c8e23264f7b83e96a8bbd64fe78e25f87cfcd8e290a,VALID,1.0,,1,2026-08-10T02:30:00+05:30
09a6d708a09f44f6b8a9f3242d7c6ba2,backfill-20260906-213201,simulator,DEL,BOM,DEL-BOM,2026-09-09,2026-08-10,2026-08-10T02:30:00+05:30,6E,6E607,ECONOMY,,30,3932,1047,0,4979,INR,,,,b9fa557f42bf6bbf0f683ec6fea26182f8555e2844fd0ec890f27098128bc19a,VALID,1.0,,1,2026-08-10T02:30:00+05:30
1a5edde8f49a47878ade1040e74f7bc3,backfill-20260906-213201,simulator,DEL,BOM,DEL-BOM,2026-09-09,2026-08-10,2026-08-10T02:30:00+05:30,AI,AI505,ECONOMY,,30,3950,1047,0,4997,INR,,,,79157725b5b2731f0d8928cd1aef21e00d4d57b3737b191eacf1ba8d398e60d4,VALID,1.0,,1,2026-08-10T02:30:00+05:30
73abb4437ef34c7491be1a93b82baf50,backfill-20260906-213201,simulator,DEL,BOM,DEL-BOM,2026-09-09,2026-08-10,2026-08-10T02:30:00+05:30,AI,AI791,ECONOMY,,30,4392,1070,0,5462,INR,,,,06d502669c745a0bedd3223a1be2cab16f9c17a188a86ad5954a5a93171d43ae,VALID,1.0,,1,2026-08-10T02:30:00+05:30
ab99dcdcf80d4ea8b9a81b49cfa466d5,backfill-20260906-213201,simulator,DEL,BOM,DEL-BOM,2026-09-09,2026-08-10,2026-08-10T02:30:00+05:30,QP,QP945,ECONOMY,,30,3406,1020,0,4426,INR,,,,524bf203f6f66a23be97ad9cca42f52308e1286dd04dc85e0639f7e6edfda42d,VALID,1.0,,1,2026-08-10T02:30:00+05:30
49f649da972a48bc9c04bfc4eb7b826a,backfill-20260906-213201,simulator,DEL,BOM,DEL-BOM,2026-09-09,2026-08-10,2026-08-10T02:30:00+05:30,SG,SG731,ECONOMY,,30,3010,1000,0,4010,INR,,,,b48907e0fe934ddd450f8fe7ccae8aab682a4e26ea3db122e591db915b0e76af,VALID,1.0,,1,2026-08-10T02:30:00+05:30
2d37e857b13b47908285ea22e5458c0f,backfill-20260906-213201,simulator,DEL,BOM,DEL-BOM,2026-09-24,2026-08-10,2026-08-10T02:30:00+05:30,6E,6E884,ECONOMY,,45,3208,1010,0,4218,INR,,,,0365d720b08c2a5a27b8f0d2c2edc4af0254004ac4f6c3ad279ef339940c3665,VALID,1.0,,1,2026-08-10T02:30:00+05:30
92ccb08d147b4a25ae62ce2d6d351676,backfill-20260906-213201,simulator,DEL,BOM,DEL-BOM,2026-09-24,2026-08-10,2026-08-10T02:30:00+05:30,6E,6E866,ECONOMY,,45,3672,1034,0,4706,INR,,,,90770e13ecc2e19328c5bc1989d47cc9215de0c7089f75d310f8bf0fbd6b5c0c,VALID,1.0,,1,2026-08-10T02:30:00+05:30
f86c140697c34ed897da5a08f7eb89d0,backfill-20260906-213201,simulator,DEL,BOM,DEL-BOM,2026-09-24,2026-08-10,2026-08-10T02:30:00+05:30,6E,6E434,ECONOMY,,45,3357,1018,0,4375,INR,,,,fb277afc7053202a73fdcc5456224b68a9a84cc02b7b1edb71a2411f7495d277,VALID,1.0,,1,2026-08-10T02:30:00+05:30
50c864d0b2fe4b7589de50fe54976acd,backfill-20260906-213201,simulator,DEL,BOM,DEL-BOM,2026-09-24,2026-08-10,2026-08-10T02:30:00+05:30,AI,AI227,ECONOMY,,45,3765,1038,0,4803,INR,,,,82be7339a6df26f8f0d7a5a9c24893ccbc56caa2bdf9e1b61ed6bd6477f98c96,VALID,1.0,,1,2026-08-10T02:30:00+05:30
887d36c88ab24478bc8c7812c5cf5344,backfill-20260906-213201,simulator,DEL,BOM,DEL-BOM,2026-09-24,2026-08-10,2026-08-10T02:30:00+05:30,AI,AI216,ECONOMY,,45,3663,1033,0,4696,INR,,,,0be53ee95dbe5ae0e0ddbbcb978a6e0bbef3eab1da0e5fd6dcb1c654a56d2608,VALID,1.0,,1,2026-08-10T02:30:00+05:30
0fcefb054d4a43a6ad450f928f646362,backfill-20260906-213201,simulator,DEL,BOM,DEL-BOM,2026-09-24,2026-08-10,2026-08-10T02:30:00+05:30,QP,QP230,ECONOMY,,45,2722,986,0,3708,INR,,,,cd0ca18406d17997801db4f9fbe5d36f4c0258effa82d67efea74c88adf27245,VALID,1.0,,1,2026-08-10T02:30:00+05:30
fb66fdd4a0ae4d918b49a717bfbe24d0,backfill-20260906-213201,simulator,DEL,BOM,DEL-BOM,2026-09-24,2026-08-10,2026-08-10T02:30:00+05:30,SG,SG891,ECONOMY,,45,2925,996,0,3921,INR,,,,73092b08beaeabdb6658a33d42d7f42b29c3c006cd03f03dd6eab55d8e7dd3a9,VALID,1.0,,1,2026-08-10T02:30:00+05:30
0cbda82dbcb74bb8b384907fd6358cbc,backfill-20260906-213201,simulator,DEL,BLR,DEL-BLR,2026-08-11,2026-08-10,2026-08-10T02:30:00+05:30,6E,6E484,ECONOMY,,1,9382,1319,0,10701,INR,,,,4e533dea387879967c3c73de940436dbbed70abfda8597da6145dc54b5a39dfc,VALID,1.0,,1,2026-08-10T02:30:00+05:30
ad510e9eb1b44d31935f46c451559beb,backfill-20260906-213201,simulator,DEL,BLR,DEL-BLR,2026-08-11,2026-08-10,2026-08-10T02:30:00+05:30,6E,6E799,ECONOMY,,1,9174,1309,0,10483,INR,,,,d7400fd908dd785d7f7542a7b6e19e8cc390271da48c5f3e8dda239da5c5646b,VALID,1.0,,1,2026-08-10T02:30:00+05:30
2db9b5313e47420797f7132ce14b647a,backfill-20260906-213201,simulator,DEL,BLR,DEL-BLR,2026-08-11,2026-08-10,2026-08-10T02:30:00+05:30,6E,6E343,ECONOMY,,1,9256,1313,0,10569,INR,,,,99f291e62e0df139782c78006c0d582ac7a186478be55562b62e15fa0326ad85,VALID,1.0,,1,2026-08-10T02:30:00+05:30
691d8fe113cb4a828a13b2a41c6810bc,backfill-20260906-213201,simulator,DEL,BLR,DEL-BLR,2026-08-11,2026-08-10,2026-08-10T02:30:00+05:30,AI,AI291,ECONOMY,,1,9130,1307,0,10437,INR,,,,acaf3b5bf5f4fdc503e14b484335dc9a95648c9595bb942beb14322b8e12474e,VALID,1.0,,1,2026-08-10T02:30:00+05:30
147eb61e3f5f4312a09aaa2081c9d3c2,backfill-20260906-213201,simulator,DEL,BLR,DEL-BLR,2026-08-11,2026-08-10,2026-08-10T02:30:00+05:30,AI,AI594,ECONOMY,,1,8607,1280,0,9887,INR,,,,ebfc1e446566d5e4992d2d0a2a8e899579da3eff061655c34f76d5e556b181fe,VALID,1.0,,1,2026-08-10T02:30:00+05:30
77da9c472f9b4d0db10dbb098290683c,backfill-20260906-213201,simulator,DEL,BLR,DEL-BLR,2026-08-11,2026-08-10,2026-08-10T02:30:00+05:30,QP,QP403,ECONOMY,,1,9675,1334,0,11009,INR,,,,3ba25d7d05bc3c1dcf38267a195462917373e492aa8380d9b7fa34f64b98b6dc,VALID,1.0,,1,2026-08-10T02:30:00+05:30
fcf97cfee0c24161aa75b475fc908dbd,backfill-20260906-213201,simulator,DEL,BLR,DEL-BLR,2026-08-11,2026-08-10,2026-08-10T02:30:00+05:30,SG,SG730,ECONOMY,,1,8268,1263,0,9531,INR,,,,a6151ae731ed85a588a295f4d2344922199010ae6462c374551c229ee884adb0,VALID,1.0,,1,2026-08-10T02:30:00+05:30
1bcb478cb9954404ac3a91f06ff75c87,backfill-20260906-213201,simulator,DEL,BLR,DEL-BLR,2026-08-17,2026-08-10,2026-08-10T02:30:00+05:30,6E,6E727,ECONOMY,,7,5881,1144,0,7025,INR,,,,dbcbfa558c9ff3c8d99bc086cfe2ce5e3cdc129868bdd6760561b68b89ed5284,VALID,1.0,,1,2026-08-10T02:30:00+05:30
dc62feaa3f1c4676988e21107c274cd8,backfill-20260906-213201,simulator,DEL,BLR,DEL-BLR,2026-08-17,2026-08-10,2026-08-10T02:30:00+05:30,6E,6E441,ECONOMY,,7,5920,1146,0,7066,INR,,,,fa39dfd52115d554f966047aeab465dd4e44d1b65f4c5c07bcbe23548d151c95,VALID,1.0,,1,2026-08-10T02:30:00+05:30
3bd950c5fa99440bb78a42a89b48b874,backfill-20260906-213201,simulator,DEL,BLR,DEL-BLR,2026-08-17,2026-08-10,2026-08-10T02:30:00+05:30,6E,6E320,ECONOMY,,7,5761,1138,0,6899,INR,,,,962764bf60f743e8184fc95a7a6c4f4158758fd6dbe9d5a20477a9fd243b6455,VALID,1.0,,1,2026-08-10T02:30:00+05:30
deb381c81e0a4e69817fc9032b44c44b,backfill-20260906-213201,simulator,DEL,BLR,DEL-BLR,2026-08-17,2026-08-10,2026-08-10T02:30:00+05:30,AI,AI326,ECONOMY,,7,6673,1184,0,7857,INR,,,,9dc4bc11a4eb97f83a77424bfb63b2506005d8810e4c42bc4f10414105dab066,VALID,1.0,,1,2026-08-10T02:30:00+05:30
6efe89fcdbd042a6bcd8748a6a845de2,backfill-20260906-213201,simulator,DEL,BLR,DEL-BLR,2026-08-17,2026-08-10,2026-08-10T02:30:00+05:30,AI,AI343,ECONOMY,,7,7203,1210,0,8413,INR,,,,a0f751eed1f2621cce0b826cbfbaf7a9b27629e95475a5741da08ac5108c122a,VALID,1.0,,1,2026-08-10T02:30:00+05:30
ce7d7766936947a2a92a1924f68854b6,backfill-20260906-213201,simulator,DEL,BLR,DEL-BLR,2026-08-17,2026-08-10,2026-08-10T02:30:00+05:30,QP,QP414,ECONOMY,,7,5337,1117,0,6454,INR,,,,0646aad01cfcc3995e424e2986e7c688abe96e99a1f85745b052e7fa87f79c40,VALID,1.0,,1,2026-08-10T02:30:00+05:30
5ea44db4a8b74ae2997838a2eef42651,backfill-20260906-213201,simulator,DEL,BLR,DEL-BLR,2026-08-17,2026-08-10,2026-08-10T02:30:00+05:30,SG,SG819,ECONOMY,,7,5347,1117,0,6464,INR,,,,8dae0bcbbe4212afaa0dd71c8edbb2c6a074730b05d938fcd5cd79c22a022a57,VALID,1.0,,1,2026-08-10T02:30:00+05:30
8104995776c3448c82fe39c59fb536dc,backfill-20260906-213201,simulator,DEL,BLR,DEL-BLR,2026-08-25,2026-08-10,2026-08-10T02:30:00+05:30,6E,6E495,ECONOMY,,15,4462,1073,0,5535,INR,,,,6e0d5685834e6f5d280b96d74c607141f07bea1c1288ad6a9e6ac001d3926877,VALID,1.0,,1,2026-08-10T02:30:00+05:30
c7727a767e634db181cabfd93e44cc57,backfill-20260906-213201,simulator,DEL,BLR,DEL-BLR,2026-08-25,2026-08-10,2026-08-10T02:30:00+05:30,6E,6E477,ECONOMY,,15,4738,1087,0,5825,INR,,,,a6017fe45d534a3266090a62604c65675ebc8eb7b66da04e301488bb977f51bb,VALID,1.0,,1,2026-08-10T02:30:00+05:30
f8c76e96cdda417f80aa4ba08f6aa7be,backfill-20260906-213201,simulator,DEL,BLR,DEL-BLR,2026-08-25,2026-08-10,2026-08-10T02:30:00+05:30,6E,6E780,ECONOMY,,15,4612,1081,0,5693,INR,,,,ed6a9f8cdbaca05d8ffce8097a88f8dbf9188e3107f91edea3be6ba3db3a72c7,VALID,1.0,,1,2026-08-10T02:30:00+05:30
18b6aec191b74d0d9b50c5fde70d4854,backfill-20260906-213201,simulator,DEL,BLR,DEL-BLR,2026-08-25,2026-08-10,2026-08-10T02:30:00+05:30,AI,AI620,ECONOMY,,15,4177,1059,0,5236,INR,,,,ab3dab4c324719bda80b690fe62e959ec9626aa30dec5736f2c1a97f11f7ec9f,VALID,1.0,,1,2026-08-10T02:30:00+05:30
5ba0acbae92e476a85ad571fb330de98,backfill-20260906-213201,simulator,DEL,BLR,DEL-BLR,2026-08-25,2026-08-10,2026-08-10T02:30:00+05:30,AI,AI622,ECONOMY,,15,4673,1084,0,5757,INR,,,,e87f8dfeb80dbcd0934948a70af57a4d4151df5dd28806ea8734aaa3d609c561,VALID,1.0,,1,2026-08-10T02:30:00+05:30
689e95c9dc144551a7052944dfaa9a8e,backfill-20260906-213201,simulator,DEL,BLR,DEL-BLR,2026-08-25,2026-08-10,2026-08-10T02:30:00+05:30,QP,QP959,ECONOMY,,15,4378,1069,0,5447,INR,,,,434d84daea1f302e11fdf4aaa644f48dd2abf7d51b29747b0f07c25fecd83442,VALID,1.0,,1,2026-08-10T02:30:00+05:30
ad45c964b9e14c54bb8aaa6dcf9daa7a,backfill-20260906-213201,simulator,DEL,BLR,DEL-BLR,2026-08-25,2026-08-10,2026-08-10T02:30:00+05:30,SG,SG406,ECONOMY,,15,3749,1037,0,4786,INR,,,,35d8c830765d972ac60cb3e00339557d6dad27e7dfb0dcf110a7eddb3a6596a1,VALID,1.0,,1,2026-08-10T02:30:00+05:30
d8763874a9f24b66a5f57ca98a42ec50,backfill-20260906-213201,simulator,DEL,BLR,DEL-BLR,2026-09-09,2026-08-10,2026-08-10T02:30:00+05:30,6E,6E385,ECONOMY,,30,3340,1017,0,4357,INR,,,,9bc852d83c36354ce141bd2146254d5f60e8377a9f5035cec5ea354eafd28b77,VALID,1.0,,1,2026-08-10T02:30:00+05:30
c101aa202dba4c2baf5b1a94290e92ea,backfill-20260906-213201,simulator,DEL,BLR,DEL-BLR,2026-09-09,2026-08-10,2026-08-10T02:30:00+05:30,6E,6E500,ECONOMY,,30,3752,1038,0,4790,INR,,,,6297368b2af6c45bcd8427bbb64bc46abb4bfafae05fb8bb6ce925e6ec310bc5,VALID,1.0,,1,2026-08-10T02:30:00+05:30
2e2ab32c55824dd882ce6dbba8ae4bea,backfill-20260906-213201,simulator,DEL,BLR,DEL-BLR,2026-09-09,2026-08-10,2026-08-10T02:30:00+05:30,6E,6.00E+201,ECONOMY,,30,3649,1032,0,4681,INR,,,,78913a01a1082e46a991c7431ca590a6d02d805cda1b3b097cbf26cb4832bb55,VALID,1.0,,1,2026-08-10T02:30:00+05:30
1b25843b0eea41e0b7aec356f9b64845,backfill-20260906-213201,simulator,DEL,BLR,DEL-BLR,2026-09-09,2026-08-10,2026-08-10T02:30:00+05:30,AI,AI244,ECONOMY,,30,4469,1073,0,5542,INR,,,,249d1ccb52d327fcb22c3e38c0b94adad75a8a74f39b666b67a2b3f152c1179d,VALID,1.0,,1,2026-08-10T02:30:00+05:30
ab901146c45549228fc567b02545ed44,backfill-20260906-213201,simulator,DEL,BLR,DEL-BLR,2026-09-09,2026-08-10,2026-08-10T02:30:00+05:30,AI,AI361,ECONOMY,,30,4023,1051,0,5074,INR,,,,a182d8e50d1d7fb589f05a923563ca613787d43b7d568408441650bad251df2e,VALID,1.0,,1,2026-08-10T02:30:00+05:30
e837e5d75f834d5cad8c1a714959fe95,backfill-20260906-213201,simulator,DEL,BLR,DEL-BLR,2026-09-09,2026-08-10,2026-08-10T02:30:00+05:30,QP,QP581,ECONOMY,,30,3854,1043,0,4897,INR,,,,f2a9c0bf05916bc6768c470d41710cfc882f0d0f16df7b36e54758a8df5287f8,VALID,1.0,,1,2026-08-10T02:30:00+05:30
912d1ef2c97343a89935725dff4c21ff,backfill-20260906-213201,simulator,DEL,BLR,DEL-BLR,2026-09-09,2026-08-10,2026-08-10T02:30:00+05:30,SG,SG624,ECONOMY,,30,2822,991,0,3813,INR,,,,ec87019d10f1474c51785f2e5837ef547b15a7c7fffa9f8b7e25afabb5e3c84d,VALID,1.0,,1,2026-08-10T02:30:00+05:30
24918e9174bc4835a480f3075234d1dc,backfill-20260906-213201,simulator,DEL,BLR,DEL-BLR,2026-09-24,2026-08-10,2026-08-10T02:30:00+05:30,6E,6E586,ECONOMY,,45,3605,1030,0,4635,INR,,,,41658dcafa6df6cd16b4700cd4d6a8d573b5de2c17d02b85b0088e9953612a55,VALID,1.0,,1,2026-08-10T02:30:00+05:30
5f94a296fe7242c29a42b045c5a898b5,backfill-20260906-213201,simulator,DEL,BLR,DEL-BLR,2026-09-24,2026-08-10,2026-08-10T02:30:00+05:30,6E,6E679,ECONOMY,,45,3800,1040,0,4840,INR,,,,770cd02143f49fe3587257cf5f43bad71fefbde67a2ee85cb6c1d6ffafe88abe,VALID,1.0,,1,2026-08-10T02:30:00+05:30
5c37763fdb954467b5ab871e0e6c9bcf,backfill-20260906-213201,simulator,DEL,BLR,DEL-BLR,2026-09-24,2026-08-10,2026-08-10T02:30:00+05:30,6E,6E910,ECONOMY,,45,3978,1049,0,5027,INR,,,,c3c1786ea790d3e7253c779eb12f5cd9eb3d7060cbe934d621bf43a2345953b5,VALID,1.0,,1,2026-08-10T02:30:00+05:30
128f1c7959784d06835da05471d01275,backfill-20260906-213201,simulator,DEL,BLR,DEL-BLR,2026-09-24,2026-08-10,2026-08-10T02:30:00+05:30,AI,AI236,ECONOMY,,45,3932,1047,0,4979,INR,,,,d2d6388b1156460ad8058a2b6aed72d4c4026cabfb1d33f0a7b104e102d74ae4,VALID,1.0,,1,2026-08-10T02:30:00+05:30
64d8520639ae42a3a58a276c2365aa34,backfill-20260906-213201,simulator,DEL,BLR,DEL-BLR,2026-09-24,2026-08-10,2026-08-10T02:30:00+05:30,AI,AI235,ECONOMY,,45,3826,1041,0,4867,INR,,,,d616910a4e485df6b72e77108f1db0014c52338168d84a0ee5481c40d23b7556,VALID,1.0,,1,2026-08-10T02:30:00+05:30
601eb9cbe9f3424ba47ef43735cbcb05,backfill-20260906-213201,simulator,DEL,BLR,DEL-BLR,2026-09-24,2026-08-10,2026-08-10T02:30:00+05:30,QP,QP514,ECONOMY,,45,4053,1053,0,5106,INR,,,,85d32c8915e118a374ed6e7cfd9eaaa70f1e5244783c3cd72a898057949f373f,VALID,1.0,,1,2026-08-10T02:30:00+05:30
cb4b55e49c5d423bb0319d1cecb0f04d,backfill-20260906-213201,simulator,DEL,BLR,DEL-BLR,2026-09-24,2026-08-10,2026-08-10T02:30:00+05:30,SG,SG244,ECONOMY,,45,3678,1034,0,4712,INR,,,,54a9c3fceee527b84e32563b88914fa77e277260caa649ee4b5c2a20a42b336d,VALID,1.0,,1,2026-08-10T02:30:00+05:30
2ab14c28dbf9490d8e676cda349e7920,backfill-20260906-213201,simulator,DEL,BOM,DEL-BOM,2026-08-12,2026-08-11,2026-08-11T02:30:00+05:30,6E,6E948,ECONOMY,,1,7683,1234,0,8917,INR,,,,14b29c4ff1b7b8c8ea4dd983ad58a1823618e00889688bdd4190b687f8ae5d68,VALID,1.0,,1,2026-08-11T02:30:00+05:30
49b8c7730f424151a77cd995f1558c3b,backfill-20260906-213201,simulator,DEL,BOM,DEL-BOM,2026-08-12,2026-08-11,2026-08-11T02:30:00+05:30,6E,6E633,ECONOMY,,1,8426,1271,0,9697,INR,,,,6d85166a07916e28bda6b27c993ba404a09f281a586c269d360b1370cc04aca3,VALID,1.0,,1,2026-08-11T02:30:00+05:30
b1e06438b2874f328e19e6ae5e642c57,backfill-20260906-213201,simulator,DEL,BOM,DEL-BOM,2026-08-12,2026-08-11,2026-08-11T02:30:00+05:30,AI,AI391,ECONOMY,,1,9106,1305,0,10411,INR,,,,729febb6a6b47e65bce02aa57d52d4cf6387a021d0b4831118743bdf3a09c85a,VALID,1.0,,1,2026-08-11T02:30:00+05:30
2fd785ad19604919b373ae7d8975698e,backfill-20260906-213201,simulator,DEL,BOM,DEL-BOM,2026-08-12,2026-08-11,2026-08-11T02:30:00+05:30,AI,AI623,ECONOMY,,1,8003,1250,0,9253,INR,,,,eb741ef901b34091d52ba56737c79c54897f802d23b593b095a9866cfa8962c8,VALID,1.0,,1,2026-08-11T02:30:00+05:30
a7b157f956b1497594615413223fd502,backfill-20260906-213201,simulator,DEL,BOM,DEL-BOM,2026-08-12,2026-08-11,2026-08-11T02:30:00+05:30,QP,QP390,ECONOMY,,1,8901,1295,0,10196,INR,,,,ec017fde5ffdee23aee26e2f7d5f727f5e997ad9ac066cb8d8b49f6c0ce005bc,VALID,1.0,,1,2026-08-11T02:30:00+05:30
4f05a1ae58ec4235b86ccdcce3cffb06,backfill-20260906-213201,simulator,DEL,BOM,DEL-BOM,2026-08-12,2026-08-11,2026-08-11T02:30:00+05:30,SG,SG976,ECONOMY,,1,7824,1241,0,9065,INR,,,,b593f2f76188468883c1af510e94aaf55fb67c5a6a1f6a49b0b1b0b047a82575,VALID,1.0,,1,2026-08-11T02:30:00+05:30
80021b8e57fc473cb44b24a41cc67f0b,backfill-20260906-213201,simulator,DEL,BOM,DEL-BOM,2026-08-18,2026-08-11,2026-08-11T02:30:00+05:30,6E,6E338,ECONOMY,,7,5126,1106,0,6232,INR,,,,ba53a4b7485654123cad87a18e31f7e0aaedd841c661e8c8b1fa390ad18761ea,VALID,1.0,,1,2026-08-11T02:30:00+05:30
74ee7415bb294027a41c48e88cfaf7bd,backfill-20260906-213201,simulator,DEL,BOM,DEL-BOM,2026-08-18,2026-08-11,2026-08-11T02:30:00+05:30,6E,6E917,ECONOMY,,7,5172,1109,0,6281,INR,,,,9b909b6cff1d30b0aa7a80aeadf21bc8ad9b55a860fa6ac20098927cc840a5c9,VALID,1.0,,1,2026-08-11T02:30:00+05:30
99046e7ca23644d78850e479b3766846,backfill-20260906-213201,simulator,DEL,BOM,DEL-BOM,2026-08-18,2026-08-11,2026-08-11T02:30:00+05:30,6E,6E350,ECONOMY,,7,5146,1107,0,6253,INR,,,,bfd2f339ccf12ab63d60867ca32b1c99b483122bf81eb2815f967df439094716,VALID,1.0,,1,2026-08-11T02:30:00+05:30
3db35f8c81484542a1047ab170af2fc9,backfill-20260906-213201,simulator,DEL,BOM,DEL-BOM,2026-08-18,2026-08-11,2026-08-11T02:30:00+05:30,AI,AI598,ECONOMY,,7,5653,1133,0,6786,INR,,,,6ed6c8e2f101644393293a6c8ed01c5eb0a7b3f9b3f7f1e57171f0d157a06ace,VALID,1.0,,1,2026-08-11T02:30:00+05:30
98d85bd5efe6470abdab35c6c53a85e1,backfill-20260906-213201,simulator,DEL,BOM,DEL-BOM,2026-08-18,2026-08-11,2026-08-11T02:30:00+05:30,AI,AI921,ECONOMY,,7,5799,1140,0,6939,INR,,,,93047aa831e812f3e28c10873203cc26d982c65671ecbb0e698dfb644afc0488,VALID,1.0,,1,2026-08-11T02:30:00+05:30
e716f3d4f95143168b67fc08ac7ae0df,backfill-20260906-213201,simulator,DEL,BOM,DEL-BOM,2026-08-18,2026-08-11,2026-08-11T02:30:00+05:30,QP,QP202,ECONOMY,,7,4650,1082,0,5732,INR,,,,7ee91b583cf3e7d99dd59f4aff6e0921c9ed8af95fb744dbc7fe396e94de0dff,VALID,1.0,,1,2026-08-11T02:30:00+05:30
c252e48611914c1c9ca8322e1ab0348b,backfill-20260906-213201,simulator,DEL,BOM,DEL-BOM,2026-08-18,2026-08-11,2026-08-11T02:30:00+05:30,SG,SG261,ECONOMY,,7,4304,1065,0,5369,INR,,,,bf29c12a3e61ed0b1a310d98205ab6cfa63aab443128cd1c4f4daa0ad52a6233,VALID,1.0,,1,2026-08-11T02:30:00+05:30
be7f826855b344a28a5229327113c215,backfill-20260906-213201,simulator,DEL,BOM,DEL-BOM,2026-08-26,2026-08-11,2026-08-11T02:30:00+05:30,6E,6E618,ECONOMY,,15,3753,1038,0,4791,INR,,,,845548b7a14410518caccb68909575a5746e54e8750f51682662530f9d3e8529,VALID,1.0,,1,2026-08-11T02:30:00+05:30
99d905d99a384819bfdedc2de7bd941e,backfill-20260906-213201,simulator,DEL,BOM,DEL-BOM,2026-08-26,2026-08-11,2026-08-11T02:30:00+05:30,6E,6E326,ECONOMY,,15,4337,1067,0,5404,INR,,,,9315408fe0b38edc9107d207b0df7c41febbdac96b30d6a5ef195df5c4b45b5d,VALID,1.0,,1,2026-08-11T02:30:00+05:30
0800dc65466b4faaadfe587507c433ff,backfill-20260906-213201,simulator,DEL,BOM,DEL-BOM,2026-08-26,2026-08-11,2026-08-11T02:30:00+05:30,6E,6E633,ECONOMY,,15,3909,1045,0,4954,INR,,,,a5b33cd96630eba86102154d34ba0573baec1994857d398774a314d051373252,VALID,1.0,,1,2026-08-11T02:30:00+05:30
2d07bd5dbc4d448ebc55628fd2370c7e,backfill-20260906-213201,simulator,DEL,BOM,DEL-BOM,2026-08-26,2026-08-11,2026-08-11T02:30:00+05:30,AI,AI299,ECONOMY,,15,3947,1047,0,4994,INR,,,,b91e6a5bf2af9e9201e76b63e8d5180b92300fbb56399c8095fbc9948741c7ae,VALID,1.0,,1,2026-08-11T02:30:00+05:30
3597f87481584df39ae12c35a18d82e7,backfill-20260906-213201,simulator,DEL,BOM,DEL-BOM,2026-08-26,2026-08-11,2026-08-11T02:30:00+05:30,AI,AI893,ECONOMY,,15,4197,1060,0,5257,INR,,,,b81e1893c352c48f2b0937c9f47863be0ed2d7d356405a716422271b864b60c4,VALID,1.0,,1,2026-08-11T02:30:00+05:30
8cb46a9653e8491298e30c5ac2b32b96,backfill-20260906-213201,simulator,DEL,BOM,DEL-BOM,2026-08-26,2026-08-11,2026-08-11T02:30:00+05:30,QP,QP995,ECONOMY,,15,3530,1026,0,4556,INR,,,,2eef0c472b9adf3f2646ce20362f830ef0efc0311b23e6a3668bf45f284f7f75,VALID,1.0,,1,2026-08-11T02:30:00+05:30
aae2764df9e343979c6a740b3bd437e2,backfill-20260906-213201,simulator,DEL,BOM,DEL-BOM,2026-08-26,2026-08-11,2026-08-11T02:30:00+05:30,SG,SG533,ECONOMY,,15,3269,1013,0,4282,INR,,,,5b92a41609bf0a4a331e8d79282313bf2fcc92eeb589899e078e949f8488b293,VALID,1.0,,1,2026-08-11T02:30:00+05:30
77263b892da74f7fa3cafd0128368b2e,backfill-20260906-213201,simulator,DEL,BOM,DEL-BOM,2026-09-10,2026-08-11,2026-08-11T02:30:00+05:30,6E,6.00E+200,ECONOMY,,30,4000,1050,0,5050,INR,,,,f506f568129efb88a0fa3c8613c88e8de210e9f7cf5cd701155eb56146d7ede4,VALID,1.0,,1,2026-08-11T02:30:00+05:30
5d4b34dd8dc5492dac96a831eb50fc4e,backfill-20260906-213201,simulator,DEL,BOM,DEL-BOM,2026-09-10,2026-08-11,2026-08-11T02:30:00+05:30,6E,6E509,ECONOMY,,30,3235,1012,0,4247,INR,,,,b13867e1ec4b9ee8994551fe344471e44a477cacbdaa9fa0fecc5c4d50955a19,VALID,1.0,,1,2026-08-11T02:30:00+05:30
4f2c4a63ea6f4859aabf156bc96f2187,backfill-20260906-213201,simulator,DEL,BOM,DEL-BOM,2026-09-10,2026-08-11,2026-08-11T02:30:00+05:30,6E,6E464,ECONOMY,,30,3762,1038,0,4800,INR,,,,05808149b86dc802fda3a770cf210c3f305b85ba40e2c6086c77d1cae9e123ae,VALID,1.0,,1,2026-08-11T02:30:00+05:30
8f08f81207fe43af9159961ed4cb431b,backfill-20260906-213201,simulator,DEL,BOM,DEL-BOM,2026-09-10,2026-08-11,2026-08-11T02:30:00+05:30,AI,AI434,ECONOMY,,30,3363,1018,0,4381,INR,,,,1cb9d86ddf22680d0205f7f3fb0b4bc338e5b97afd090494d3ddc7e75b939bb4,VALID,1.0,,1,2026-08-11T02:30:00+05:30
ac6616b50ee54235ba65522172d10d2b,backfill-20260906-213201,simulator,DEL,BOM,DEL-BOM,2026-09-10,2026-08-11,2026-08-11T02:30:00+05:30,AI,AI212,ECONOMY,,30,4122,1056,0,5178,INR,,,,349bea058f7ece63999b776a9ed1426cca9aad326eea255182183fc504f629bf,VALID,1.0,,1,2026-08-11T02:30:00+05:30
d75d4ff4c034452290ef26b43e9c5dec,backfill-20260906-213201,simulator,DEL,BOM,DEL-BOM,2026-09-10,2026-08-11,2026-08-11T02:30:00+05:30,QP,QP267,ECONOMY,,30,3793,1040,0,4833,INR,,,,9c086dd9fb59cd4b885a0122c95ad8e9c91c5f4e7d1dd97384b13e86f7a6c608,VALID,1.0,,1,2026-08-11T02:30:00+05:30
7333cfddf4a046c89883f7adf1d8d3df,backfill-20260906-213201,simulator,DEL,BOM,DEL-BOM,2026-09-10,2026-08-11,2026-08-11T02:30:00+05:30,SG,SG302,ECONOMY,,30,3685,1034,0,4719,INR,,,,5f31256cd63b680eb0a5b4cf32e3aa73c7df05dd9a79cc8208a50e0c6e6d528e,VALID,1.0,,1,2026-08-11T02:30:00+05:30
6ef2561bd84645ebb8c2f9088a3dbcb6,backfill-20260906-213201,simulator,DEL,BOM,DEL-BOM,2026-09-25,2026-08-11,2026-08-11T02:30:00+05:30,6E,6E696,ECONOMY,,45,4070,1053,0,5123,INR,,,,36e864e35c10bd113e059944c77791bb7955d053c3e6dbfc3ba524ef4741e004,VALID,1.0,,1,2026-08-11T02:30:00+05:30
257b259a05554eb48dd9ce8984965315,backfill-20260906-213201,simulator,DEL,BOM,DEL-BOM,2026-09-25,2026-08-11,2026-08-11T02:30:00+05:30,6E,6E392,ECONOMY,,45,3295,1015,0,4310,INR,,,,2648a1700b36d154cce92bc177ade1fcaf9d28e93cdb9818de2764adc5b01d5c,VALID,1.0,,1,2026-08-11T02:30:00+05:30
83a5f7b87b7949918728c1d61952d795,backfill-20260906-213201,simulator,DEL,BOM,DEL-BOM,2026-09-25,2026-08-11,2026-08-11T02:30:00+05:30,6E,6E556,ECONOMY,,45,3550,1028,0,4578,INR,,,,d4bd31070ae8f6090cb924d7b332722d062f3d41c21ad23105781c1082d7032e,VALID,1.0,,1,2026-08-11T02:30:00+05:30
00ae532930d54140b6a1f236071dd219,backfill-20260906-213201,simulator,DEL,BOM,DEL-BOM,2026-09-25,2026-08-11,2026-08-11T02:30:00+05:30,AI,AI827,ECONOMY,,45,4307,1065,0,5372,INR,,,,0a7f4d7c1248fb4bbf97dc3ed5082f2bd0e5cec2d214db7a1be58490fafb01e7,VALID,1.0,,1,2026-08-11T02:30:00+05:30
53ad35b9fea74c81acc4f1a5647fdde2,backfill-20260906-213201,simulator,DEL,BOM,DEL-BOM,2026-09-25,2026-08-11,2026-08-11T02:30:00+05:30,AI,AI493,ECONOMY,,45,4014,1051,0,5065,INR,,,,06f67cef104aa608ef12abf690774aac75df7362ca717ae9ee53cd6ade191fc2,VALID,1.0,,1,2026-08-11T02:30:00+05:30
4387d56ca01b4016a8dfbfc6684f5bf2,backfill-20260906-213201,simulator,DEL,BOM,DEL-BOM,2026-09-25,2026-08-11,2026-08-11T02:30:00+05:30,QP,QP512,ECONOMY,,45,3791,1040,0,4831,INR,,,,d08f2d80d218b7c88aaad887be3d248c5ec60947b7c5cf71a37fc234c3b5f4eb,VALID,1.0,,1,2026-08-11T02:30:00+05:30
c90271d1885c41b295212986fc9a7fa3,backfill-20260906-213201,simulator,DEL,BOM,DEL-BOM,2026-09-25,2026-08-11,2026-08-11T02:30:00+05:30,SG,SG298,ECONOMY,,45,3623,1031,0,4654,INR,,,,e30b8e2a8c078f18edfc66ac920022961f0b7f3a601e3b5a73b057631e3ac418,VALID,1.0,,1,2026-08-11T02:30:00+05:30
efbed183c3bf45b688dab0d6fc1294cb,backfill-20260906-213201,simulator,DEL,BLR,DEL-BLR,2026-08-12,2026-08-11,2026-08-11T02:30:00+05:30,6E,6E983,ECONOMY,,1,8367,1268,0,9635,INR,,,,6782704082dd03ca640117b665bd98ddd4eb67c0139a2312639dff584b3cd4d7,VALID,1.0,,1,2026-08-11T02:30:00+05:30
98080f9ef7ad4231b419f2919bcb23ec,backfill-20260906-213201,simulator,DEL,BLR,DEL-BLR,2026-08-12,2026-08-11,2026-08-11T02:30:00+05:30,6E,6E436,ECONOMY,,1,8980,1299,0,10279,INR,,,,b978a324340501e56adeb10572c711fe8512be3f70bd31be3edaca12507cbffd,VALID,1.0,,1,2026-08-11T02:30:00+05:30
88fedeee0a204d7c9ce70eb06f558d55,backfill-20260906-213201,simulator,DEL,BLR,DEL-BLR,2026-08-12,2026-08-11,2026-08-11T02:30:00+05:30,6E,6E573,ECONOMY,,1,8904,1295,0,10199,INR,,,,290097fc7fad96230ded03f4d8ee7d5c6dfb8f086777fd359e27b1a640f154f5,VALID,1.0,,1,2026-08-11T02:30:00+05:30
7b1326a721bd44e098a36fffc404c4f0,backfill-20260906-213201,simulator,DEL,BLR,DEL-BLR,2026-08-12,2026-08-11,2026-08-11T02:30:00+05:30,AI,AI431,ECONOMY,,1,10681,1384,0,12065,INR,,,,e78666cdcd5ba2d878a28675ceb10b48f1320aa83daf03183b4402978ee6ed36,VALID,1.0,,1,2026-08-11T02:30:00+05:30
1774612d684649da931b9a7f3e4dcfc6,backfill-20260906-213201,simulator,DEL,BLR,DEL-BLR,2026-08-12,2026-08-11,2026-08-11T02:30:00+05:30,AI,AI446,ECONOMY,,1,10646,1382,0,12028,INR,,,,4ff97989179ceaa92f6de84e22b5818c0d940f558159e88f1a01d9ba50c6a5fa,VALID,1.0,,1,2026-08-11T02:30:00+05:30
5a15c61ddabf4ec1b3f525c8b909c18b,backfill-20260906-213201,simulator,DEL,BLR,DEL-BLR,2026-08-12,2026-08-11,2026-08-11T02:30:00+05:30,QP,QP969,ECONOMY,,1,9977,1349,0,11326,INR,,,,0ae1ac1b4b88821ec253315dbce97266549bbadf37c05411b7a507153529ee12,VALID,1.0,,1,2026-08-11T02:30:00+05:30
11bb7e56eb2742b096eb8259383214bc,backfill-20260906-213201,simulator,DEL,BLR,DEL-BLR,2026-08-18,2026-08-11,2026-08-11T02:30:00+05:30,6E,6E697,ECONOMY,,7,5978,1149,0,7127,INR,,,,7806ad91ecf9ba6086569118da70d5a3d4cf3760a967d1f15b09d5545c1f0627,VALID,1.0,,1,2026-08-11T02:30:00+05:30
7dc21e3e6c174ed2858570b07e1a8f08,backfill-20260906-213201,simulator,DEL,BLR,DEL-BLR,2026-08-18,2026-08-11,2026-08-11T02:30:00+05:30,6E,6E804,ECONOMY,,7,6191,1160,0,7351,INR,,,,5e6910c5bf379477dd4ea361bd34610bf12d39066105de81fb5c826873de3ce2,VALID,1.0,,1,2026-08-11T02:30:00+05:30
45d840623c074b20abae665814006989,backfill-20260906-213201,simulator,DEL,BLR,DEL-BLR,2026-08-18,2026-08-11,2026-08-11T02:30:00+05:30,6E,6.00E+204,ECONOMY,,7,5988,1149,0,7137,INR,,,,b7200e1718b77d6a1ec109587a3c990e4bd4bce6875c625f8ad736f8c6668f32,VALID,1.0,,1,2026-08-11T02:30:00+05:30
d07791b408a341aa9534341c7d9cbd89,backfill-20260906-213201,simulator,DEL,BLR,DEL-BLR,2026-08-18,2026-08-11,2026-08-11T02:30:00+05:30,AI,AI989,ECONOMY,,7,6243,1162,0,7405,INR,,,,3506236f353698095788d99a1332dd7c2733fa2d2b254cf3a26d8d55d28e9b75,VALID,1.0,,1,2026-08-11T02:30:00+05:30
281c359eec0c4ef895f650f10f24595a,backfill-20260906-213201,simulator,DEL,BLR,DEL-BLR,2026-08-18,2026-08-11,2026-08-11T02:30:00+05:30,AI,AI792,ECONOMY,,7,6663,1183,0,7846,INR,,,,fa41ee6d7fb92efe3354e1786b44ee31ba642a0d1e94e6d50f408b7f00bc6cb4,VALID,1.0,,1,2026-08-11T02:30:00+05:30
dbc0abbf07e4418ebc9c9080048a53c3,backfill-20260906-213201,simulator,DEL,BLR,DEL-BLR,2026-08-18,2026-08-11,2026-08-11T02:30:00+05:30,QP,QP965,ECONOMY,,7,5569,1128,0,6697,INR,,,,33deb4fe8d68e22ad479f5a9de83ab739757e02eff54e9c0b40613bfc157d084,VALID,1.0,,1,2026-08-11T02:30:00+05:30
1c0fba9aca8a44b586317fd881c6cb71,backfill-20260906-213201,simulator,DEL,BLR,DEL-BLR,2026-08-18,2026-08-11,2026-08-11T02:30:00+05:30,SG,SG431,ECONOMY,,7,5490,1125,0,6615,INR,,,,51c82ab4a496d040c2fe3028f8613819540d3b95f95eefa46d29f90d84b010ac,VALID,1.0,,1,2026-08-11T02:30:00+05:30
5f07738ca36240f39b40865123739374,backfill-20260906-213201,simulator,DEL,BLR,DEL-BLR,2026-08-26,2026-08-11,2026-08-11T02:30:00+05:30,6E,6E586,ECONOMY,,15,4189,1059,0,5248,INR,,,,837d0ad4788fde87f55de5ae17366c5c31fe4131a7adc67a324ea2a5454439f8,VALID,1.0,,1,2026-08-11T02:30:00+05:30
e5ce212286304aa48106020c72eb58ad,backfill-20260906-213201,simulator,DEL,BLR,DEL-BLR,2026-08-26,2026-08-11,2026-08-11T02:30:00+05:30,6E,6E851,ECONOMY,,15,5519,1126,0,6645,INR,,,,db878a7798e11d0cb6fd8b07cd8290204bee340e982db4a863f2022b1e6bf8aa,VALID,1.0,,1,2026-08-11T02:30:00+05:30
0a9a935aa1e14b6a8db2242c3f7fbd44,backfill-20260906-213201,simulator,DEL,BLR,DEL-BLR,2026-08-26,2026-08-11,2026-08-11T02:30:00+05:30,6E,6E657,ECONOMY,,15,4426,1071,0,5497,INR,,,,d70b7935885f3640010a06b4a898496c06ed51cef2bbd63175c4de05fe2b5d9c,VALID,1.0,,1,2026-08-11T02:30:00+05:30
4ed6d75cf28a4afc821c5420c225d289,backfill-20260906-213201,simulator,DEL,BLR,DEL-BLR,2026-08-26,2026-08-11,2026-08-11T02:30:00+05:30,AI,AI862,ECONOMY,,15,4703,1085,0,5788,INR,,,,9c6bf5f5ae7183661359b209e55fc949356acedb209af3d887f6651ae12b8cfd,VALID,1.0,,1,2026-08-11T02:30:00+05:30
2673c9a0b8fd4a09ada2b1c6cf57838e,backfill-20260906-213201,simulator,DEL,BLR,DEL-BLR,2026-08-26,2026-08-11,2026-08-11T02:30:00+05:30,AI,AI658,ECONOMY,,15,4430,1072,0,5502,INR,,,,5562a9a61dc869b982a553875648f8a09329f77517a4799a8f39e171d3227b23,VALID,1.0,,1,2026-08-11T02:30:00+05:30
0d049b592d1549f682b9acb1fcaa2b71,backfill-20260906-213201,simulator,DEL,BLR,DEL-BLR,2026-08-26,2026-08-11,2026-08-11T02:30:00+05:30,QP,QP470,ECONOMY,,15,4165,1058,0,5223,INR,,,,c2e30253b6e61a9dd911c3d01a7fc302d1960a54b283f6c069f3d7604f341343,VALID,1.0,,1,2026-08-11T02:30:00+05:30
c7240f08eb264b7f87f3cd487cc2858d,backfill-20260906-213201,simulator,DEL,BLR,DEL-BLR,2026-08-26,2026-08-11,2026-08-11T02:30:00+05:30,SG,SG636,ECONOMY,,15,4159,1058,0,5217,INR,,,,2de38c0bd6ef52570062bd9584b29fd4ad8b91d2a8fd8e97f91d65edfc829082,VALID,1.0,,1,2026-08-11T02:30:00+05:30
ada866dab9bd49f889847a2cc4e4c5f0,backfill-20260906-213201,simulator,DEL,BLR,DEL-BLR,2026-09-10,2026-08-11,2026-08-11T02:30:00+05:30,6E,6E471,ECONOMY,,30,3523,1026,0,4549,INR,,,,c3a3dae4c830b7880172f7dfebad83d20398afe6f8d33245114230b8ab16944e,VALID,1.0,,1,2026-08-11T02:30:00+05:30
4576be565cf5444fbbbfa91c64965464,backfill-20260906-213201,simulator,DEL,BLR,DEL-BLR,2026-09-10,2026-08-11,2026-08-11T02:30:00+05:30,6E,6E965,ECONOMY,,30,3983,1049,0,5032,INR,,,,0b2d71a928c87aec3441da29a394b0ba45a1cca025a8593908bfb0151df7d8cb,VALID,1.0,,1,2026-08-11T02:30:00+05:30
9e11a1e23ff74a72a3c73b0411cd359d,backfill-20260906-213201,simulator,DEL,BLR,DEL-BLR,2026-09-10,2026-08-11,2026-08-11T02:30:00+05:30,6E,6E312,ECONOMY,,30,3936,1047,0,4983,INR,,,,e84e1f79bed2db85b05d69f54132430cfafe957537f7b7c3c65f93d06a268c02,VALID,1.0,,1,2026-08-11T02:30:00+05:30
0e3792bd44c647368b27874f601b1408,backfill-20260906-213201,simulator,DEL,BLR,DEL-BLR,2026-09-10,2026-08-11,2026-08-11T02:30:00+05:30,AI,AI472,ECONOMY,,30,4129,1056,0,5185,INR,,,,50570ae7c995f5c43cf230c388515f143698f9942f32cb7a7418378f92bbe0e0,VALID,1.0,,1,2026-08-11T02:30:00+05:30
384e3a13b8bc442097af84552db332bf,backfill-20260906-213201,simulator,DEL,BLR,DEL-BLR,2026-09-10,2026-08-11,2026-08-11T02:30:00+05:30,AI,AI412,ECONOMY,,30,4599,1080,0,5679,INR,,,,0e5ab1eb46157cbec6ec4f2e46bee8fe0630cb7e2390996049bea3d96ce8de31,VALID,1.0,,1,2026-08-11T02:30:00+05:30
2cafb98b9d2b461aac7f22abceeb594c,backfill-20260906-213201,simulator,DEL,BLR,DEL-BLR,2026-09-10,2026-08-11,2026-08-11T02:30:00+05:30,QP,QP497,ECONOMY,,30,3982,1049,0,5031,INR,,,,de2eea7685ae320759e4662b0aff08c4184f50a829821bff173bb580a32518c4,VALID,1.0,,1,2026-08-11T02:30:00+05:30
772b61c40fd7421fb64f6427bd420e7b,backfill-20260906-213201,simulator,DEL,BLR,DEL-BLR,2026-09-10,2026-08-11,2026-08-11T02:30:00+05:30,SG,SG964,ECONOMY,,30,3886,1044,0,4930,INR,,,,09dac85b6c178edaf850961bbc489b23571e7ca6d0038c9c890e30cbee4e4234,VALID,1.0,,1,2026-08-11T02:30:00+05:30
acab91f702c44ff5bf1a958d236b1dab,backfill-20260906-213201,simulator,DEL,BLR,DEL-BLR,2026-09-25,2026-08-11,2026-08-11T02:30:00+05:30,6E,6E308,ECONOMY,,45,4379,1069,0,5448,INR,,,,63bcdc58e83066ee82a778a62ac224f868e5838e578de7c681c9ca516728a963,VALID,1.0,,1,2026-08-11T02:30:00+05:30
37f52a141ff24537b9cd32d71bda05a2,backfill-20260906-213201,simulator,DEL,BLR,DEL-BLR,2026-09-25,2026-08-11,2026-08-11T02:30:00+05:30,6E,6E682,ECONOMY,,45,4543,1077,0,5620,INR,,,,3bd7c57a85b79a837d2a0a8bc4f77c224ab248b631dd6e7a73fbe6c44d012771,VALID,1.0,,1,2026-08-11T02:30:00+05:30
a02d7ad1d66747f6b618ab33e747f065,backfill-20260906-213201,simulator,DEL,BLR,DEL-BLR,2026-09-25,2026-08-11,2026-08-11T02:30:00+05:30,6E,6.00E+224,ECONOMY,,45,4212,1061,0,5273,INR,,,,96ae43a37455bf473dded38a849d9371928a811a4bb96d47369c0fe4d66739f3,VALID,1.0,,1,2026-08-11T02:30:00+05:30
1363e45f58c3423cafb9a8c518e4f6ba,backfill-20260906-213201,simulator,DEL,BLR,DEL-BLR,2026-09-25,2026-08-11,2026-08-11T02:30:00+05:30,AI,AI221,ECONOMY,,45,4490,1074,0,5564,INR,,,,044412c6b5437a6c9070baa98b564f51d1986d8dae868408c3ede6a66f7b2676,VALID,1.0,,1,2026-08-11T02:30:00+05:30
2679c3264d8649aead980925daa2c590,backfill-20260906-213201,simulator,DEL,BLR,DEL-BLR,2026-09-25,2026-08-11,2026-08-11T02:30:00+05:30,AI,AI784,ECONOMY,,45,4534,1077,0,5611,INR,,,,134dfb49f0a5515abaef9a3f795ebde5b468d3b2e1f561d9025c72361e376ca5,VALID,1.0,,1,2026-08-11T02:30:00+05:30
dfb018d22cab41db92bd72b82c13f37a,backfill-20260906-213201,simulator,DEL,BLR,DEL-BLR,2026-09-25,2026-08-11,2026-08-11T02:30:00+05:30,QP,QP499,ECONOMY,,45,4354,1068,0,5422,INR,,,,51d4569f2525526d9b0e871d1af7a895a90ecd0fe1a3539221bd2d8cae78e628,VALID,1.0,,1,2026-08-11T02:30:00+05:30
ed91ff4fa23949adb5d9475b6dcfc8f2,backfill-20260906-213201,simulator,DEL,BLR,DEL-BLR,2026-09-25,2026-08-11,2026-08-11T02:30:00+05:30,SG,SG656,ECONOMY,,45,3814,1041,0,4855,INR,,,,9c0217ba9295f82b38f704900f2c133da1d1171a8e6255654e745b569f3aad2c,VALID,1.0,,1,2026-08-11T02:30:00+05:30
b2b21ac45dda43e0b32c656c99307f9f,backfill-20260906-213201,simulator,DEL,BOM,DEL-BOM,2026-08-13,2026-08-12,2026-08-12T02:30:00+05:30,6E,6E955,ECONOMY,,1,7527,1226,0,8753,INR,,,,688d11e0f00b07b38d10f1a9505ad8ec4fb12f1fb5f4b0419f66dd4e782e2d4d,VALID,1.0,,1,2026-08-12T02:30:00+05:30
7ec5ed4ca7cc4145823a91577b598630,backfill-20260906-213201,simulator,DEL,BOM,DEL-BOM,2026-08-13,2026-08-12,2026-08-12T02:30:00+05:30,6E,6E942,ECONOMY,,1,8664,1283,0,9947,INR,,,,03b461a51c1684497e926b144733bf9f87992b9068d23b49a6581210c3a4e83c,VALID,1.0,,1,2026-08-12T02:30:00+05:30
066752d639d04d128a509d92a47f8432,backfill-20260906-213201,simulator,DEL,BOM,DEL-BOM,2026-08-13,2026-08-12,2026-08-12T02:30:00+05:30,6E,6E682,ECONOMY,,1,8393,1270,0,9663,INR,,,,ab4b95b079db7ebaa16886f6cd558e8761fdb3d7c451af707818862206133708,VALID,1.0,,1,2026-08-12T02:30:00+05:30
7b690e8b4bec470bbba13f50131c7259,backfill-20260906-213201,simulator,DEL,BOM,DEL-BOM,2026-08-13,2026-08-12,2026-08-12T02:30:00+05:30,AI,AI830,ECONOMY,,1,7805,1240,0,9045,INR,,,,93df6b339cf518f55b36fbd8d8d85dbda4fa00780786c271a527cbb7e061aa1b,VALID,1.0,,1,2026-08-12T02:30:00+05:30
0bc221a01a2b4885bac74d7b80edc3d8,backfill-20260906-213201,simulator,DEL,BOM,DEL-BOM,2026-08-13,2026-08-12,2026-08-12T02:30:00+05:30,AI,AI537,ECONOMY,,1,8808,1290,0,10098,INR,,,,816a22f63aa0128efc50e9cc0981447feaf3c541f2af2446b779ff7ea832cc8e,VALID,1.0,,1,2026-08-12T02:30:00+05:30
5b100446301d40d0940077bf690e4634,backfill-20260906-213201,simulator,DEL,BOM,DEL-BOM,2026-08-13,2026-08-12,2026-08-12T02:30:00+05:30,QP,QP675,ECONOMY,,1,7813,1241,0,9054,INR,,,,798384258f8eed29a3ccdffc9dc006b55592bbc0a551a573819503cd878f91df,VALID,1.0,,1,2026-08-12T02:30:00+05:30
ce38888a56834dd9bd404ef6015b5152,backfill-20260906-213201,simulator,DEL,BOM,DEL-BOM,2026-08-13,2026-08-12,2026-08-12T02:30:00+05:30,SG,SG619,ECONOMY,,1,8348,1267,0,9615,INR,,,,1160d568e47719929acab8cc4dc1d8978eaf8ed2365939f81142ea6e840e13e6,VALID,1.0,,1,2026-08-12T02:30:00+05:30
258897008bcd45b0b78cda2382d06820,backfill-20260906-213201,simulator,DEL,BOM,DEL-BOM,2026-08-19,2026-08-12,2026-08-12T02:30:00+05:30,6E,6E608,ECONOMY,,7,4720,1086,0,5806,INR,,,,9f2605a4eb17ea9d7802a36de9c87bb7303017da5537f7866a95e1a773b6fdd2,VALID,1.0,,1,2026-08-12T02:30:00+05:30
df202a5caf6a49faa48334f4a6e8bc75,backfill-20260906-213201,simulator,DEL,BOM,DEL-BOM,2026-08-19,2026-08-12,2026-08-12T02:30:00+05:30,6E,6E603,ECONOMY,,7,5170,1108,0,6278,INR,,,,43ccb4e5b9be55b5a39a75b08f81bb45ab21c376785b63412b5539ef25dff606,VALID,1.0,,1,2026-08-12T02:30:00+05:30
0aeee8470171424fa2fde6c34365ef99,backfill-20260906-213201,simulator,DEL,BOM,DEL-BOM,2026-08-19,2026-08-12,2026-08-12T02:30:00+05:30,6E,6E998,ECONOMY,,7,3895,1045,0,4940,INR,,,,48544c590ffd0a045055f5d1ee59b6074b2b682a09f36a5b55d6203780c898dd,VALID,1.0,,1,2026-08-12T02:30:00+05:30
85e8020970bb4cc0bc78890d68d2146b,backfill-20260906-213201,simulator,DEL,BOM,DEL-BOM,2026-08-19,2026-08-12,2026-08-12T02:30:00+05:30,AI,AI315,ECONOMY,,7,5669,1133,0,6802,INR,,,,db8fccc61f20d6abc3dabed46259016b134844dcd3a1268d1bad6f44e899b1d4,VALID,1.0,,1,2026-08-12T02:30:00+05:30
8054208d6bc94863881a0a30b577d7d2,backfill-20260906-213201,simulator,DEL,BOM,DEL-BOM,2026-08-19,2026-08-12,2026-08-12T02:30:00+05:30,AI,AI237,ECONOMY,,7,5422,1121,0,6543,INR,,,,5e02b287fafee676f24a8b34e96369347909fbc25b0c365d796f8ddc6b9fbf7e,VALID,1.0,,1,2026-08-12T02:30:00+05:30
a0d8df633a3a425981794fab60049ca3,backfill-20260906-213201,simulator,DEL,BOM,DEL-BOM,2026-08-19,2026-08-12,2026-08-12T02:30:00+05:30,QP,QP270,ECONOMY,,7,4686,1084,0,5770,INR,,,,27259091d159153ea4fc7b698047f4bc909276649e078d9f1a0d6d0617c71f6a,VALID,1.0,,1,2026-08-12T02:30:00+05:30
4104a718f4674d1ca29b076b76acb170,backfill-20260906-213201,simulator,DEL,BOM,DEL-BOM,2026-08-19,2026-08-12,2026-08-12T02:30:00+05:30,SG,SG327,ECONOMY,,7,5159,1108,0,6267,INR,,,,6a876c8bdfa0f622bebd0f3febdd46ea30db6b0da4255a1faa4cd6f445f9589b,VALID,1.0,,1,2026-08-12T02:30:00+05:30
3263c68e0d96493b8465143e65d9af8c,backfill-20260906-213201,simulator,DEL,BOM,DEL-BOM,2026-08-27,2026-08-12,2026-08-12T02:30:00+05:30,6E,6E357,ECONOMY,,15,3779,1039,0,4818,INR,,,,de9729cec73642149b8a9ad6b76af2c6f7aa794d0d501dee883ed4a49bc22a56,VALID,1.0,,1,2026-08-12T02:30:00+05:30
78c5281da4f34a289071875d687ff1b9,backfill-20260906-213201,simulator,DEL,BOM,DEL-BOM,2026-08-27,2026-08-12,2026-08-12T02:30:00+05:30,6E,6E344,ECONOMY,,15,4146,1057,0,5203,INR,,,,7e1795a7679c2c325f6b46bac073de225df0e0925b7ba5f01d5792f4d96da3dc,VALID,1.0,,1,2026-08-12T02:30:00+05:30
c200c8a483b04e4d884f46f7c3907493,backfill-20260906-213201,simulator,DEL,BOM,DEL-BOM,2026-08-27,2026-08-12,2026-08-12T02:30:00+05:30,6E,6E803,ECONOMY,,15,4585,1079,0,5664,INR,,,,cddd5297ff5fd25d3ae6ccb6aeb385bea5b16b3965f07f5194fcfce39183baf1,VALID,1.0,,1,2026-08-12T02:30:00+05:30
db41e46e59004652b820451c67072bb4,backfill-20260906-213201,simulator,DEL,BOM,DEL-BOM,2026-08-27,2026-08-12,2026-08-12T02:30:00+05:30,AI,AI706,ECONOMY,,15,4261,1063,0,5324,INR,,,,d97a9b813d88cf1f80b9684c5f85b4abce85b6f95280735b6b8c2bbbcdf17088,VALID,1.0,,1,2026-08-12T02:30:00+05:30
ea3c2a456e4640e29f9ebde427597a22,backfill-20260906-213201,simulator,DEL,BOM,DEL-BOM,2026-08-27,2026-08-12,2026-08-12T02:30:00+05:30,AI,AI221,ECONOMY,,15,4317,1066,0,5383,INR,,,,b7c04877081a5a748dee0823b5a0197814a6d382bcd49011df52836ba1b49bcc,VALID,1.0,,1,2026-08-12T02:30:00+05:30
387831c72bba4185aa0f481fab6b9124,backfill-20260906-213201,simulator,DEL,BOM,DEL-BOM,2026-08-27,2026-08-12,2026-08-12T02:30:00+05:30,QP,QP926,ECONOMY,,15,3765,1038,0,4803,INR,,,,72e79a09e40f3d068b578143316fa427b36e81aec3191df51aaf7a66907d5c3c,VALID,1.0,,1,2026-08-12T02:30:00+05:30
805e9dcd60ac4cc1ba6b6021d9a92581,backfill-20260906-213201,simulator,DEL,BOM,DEL-BOM,2026-08-27,2026-08-12,2026-08-12T02:30:00+05:30,SG,SG503,ECONOMY,,15,3610,1031,0,4641,INR,,,,779b163f2e5a27d272b1e2aa2d9e84a6802973d809005d1c6392d9bff3c720dc,VALID,1.0,,1,2026-08-12T02:30:00+05:30
d9a440f37d4d4ef79e367b5d5ebbb115,backfill-20260906-213201,simulator,DEL,BOM,DEL-BOM,2026-09-11,2026-08-12,2026-08-12T02:30:00+05:30,6E,6E494,ECONOMY,,30,4129,1056,0,5185,INR,,,,0b79abd7c53f3f9168a27f28e7df225c96c4fd7f85f2b6026634b03eff9f557f,VALID,1.0,,1,2026-08-12T02:30:00+05:30
742ff7f300304082b8664f1e1ca9b945,backfill-20260906-213201,simulator,DEL,BOM,DEL-BOM,2026-09-11,2026-08-12,2026-08-12T02:30:00+05:30,6E,6E353,ECONOMY,,30,4103,1055,0,5158,INR,,,,adf176e44b142f45223b711359bc564a8a1b7ec4f987d33b206061536691373e,VALID,1.0,,1,2026-08-12T02:30:00+05:30
03810b3ebd454dff946d23941248db3c,backfill-20260906-213201,simulator,DEL,BOM,DEL-BOM,2026-09-11,2026-08-12,2026-08-12T02:30:00+05:30,6E,6E987,ECONOMY,,30,3934,1047,0,4981,INR,,,,a2ba09bb95542cb47cc6af3f0a417f1db44c5b425e9c26b96a94bf09ae863da3,VALID,1.0,,1,2026-08-12T02:30:00+05:30
bc3aad8770214f88901a4aedf762b117,backfill-20260906-213201,simulator,DEL,BOM,DEL-BOM,2026-09-11,2026-08-12,2026-08-12T02:30:00+05:30,AI,AI799,ECONOMY,,30,3935,1047,0,4982,INR,,,,9424cbec72d59fbe6d0b0418f499072b0ddb1d948603945a6b89eba383d59f9a,VALID,1.0,,1,2026-08-12T02:30:00+05:30
da27b2c2cb41439895f066fcc934cb3e,backfill-20260906-213201,simulator,DEL,BOM,DEL-BOM,2026-09-11,2026-08-12,2026-08-12T02:30:00+05:30,AI,AI806,ECONOMY,,30,4113,1056,0,5169,INR,,,,7567746715c58be426366a1e6099dafc40802c71988e7cce5fc37a570e4a3bb3,VALID,1.0,,1,2026-08-12T02:30:00+05:30
88dd08285f2d4069a393f20319ff49c0,backfill-20260906-213201,simulator,DEL,BOM,DEL-BOM,2026-09-11,2026-08-12,2026-08-12T02:30:00+05:30,QP,QP980,ECONOMY,,30,3648,1032,0,4680,INR,,,,421a913921d92e542bde8e89b331ff3357fcd981aed1b10c743c6b3a271e3db0,VALID,1.0,,1,2026-08-12T02:30:00+05:30
69239fbe02174e5085bf949dad70ee03,backfill-20260906-213201,simulator,DEL,BOM,DEL-BOM,2026-09-11,2026-08-12,2026-08-12T02:30:00+05:30,SG,SG273,ECONOMY,,30,3919,1046,0,4965,INR,,,,fce0a7d7aeee95e1b6209d21ca72326d230019b99c1686b0a4a2c6058bdef0be,VALID,1.0,,1,2026-08-12T02:30:00+05:30
28aa54f6e0764a7bbe97f2c1e1f87ffd,backfill-20260906-213201,simulator,DEL,BOM,DEL-BOM,2026-09-26,2026-08-12,2026-08-12T02:30:00+05:30,6E,6E631,ECONOMY,,45,2950,997,0,3947,INR,,,,b8f5cb8fbcdf41735ee2632f9dec9753a3899b5cc6d06c24d2c027bc78a059f8,VALID,1.0,,1,2026-08-12T02:30:00+05:30
72902413a61048a7b20bf6624d1ab565,backfill-20260906-213201,simulator,DEL,BOM,DEL-BOM,2026-09-26,2026-08-12,2026-08-12T02:30:00+05:30,6E,6E957,ECONOMY,,45,2840,992,0,3832,INR,,,,6df4ff19034c5b587a33bba7bb598877338214bac4a84923bc239e30b7d4f320,VALID,1.0,,1,2026-08-12T02:30:00+05:30
b08437eef71a4eedb6c65ce80971d0de,backfill-20260906-213201,simulator,DEL,BOM,DEL-BOM,2026-09-26,2026-08-12,2026-08-12T02:30:00+05:30,6E,6E644,ECONOMY,,45,3026,1001,0,4027,INR,,,,2f14b5fbecb01bf7aa0b0e8f305bb0c6721c5f4056d91402617a831b9860c23e,VALID,1.0,,1,2026-08-12T02:30:00+05:30
e2387d4b96ae49388ef6da9ead8f112a,backfill-20260906-213201,simulator,DEL,BOM,DEL-BOM,2026-09-26,2026-08-12,2026-08-12T02:30:00+05:30,AI,AI275,ECONOMY,,45,3212,1011,0,4223,INR,,,,a8667302760893145df4bcd98d5e99e50b5f4b8fe9c4cfbd8429c46c41fc0d2a,VALID,1.0,,1,2026-08-12T02:30:00+05:30
968eed3d9dc7446a9ca20eeebf50ed76,backfill-20260906-213201,simulator,DEL,BOM,DEL-BOM,2026-09-26,2026-08-12,2026-08-12T02:30:00+05:30,AI,AI226,ECONOMY,,45,3256,1013,0,4269,INR,,,,9039da85df4a2914d0a91cd372f1ce2de8f5aa2e82fca62f1bcba1726f36d2ab,VALID,1.0,,1,2026-08-12T02:30:00+05:30
f36db79ea42f4b908ed68dd9b7e2a5dd,backfill-20260906-213201,simulator,DEL,BOM,DEL-BOM,2026-09-26,2026-08-12,2026-08-12T02:30:00+05:30,QP,QP497,ECONOMY,,45,2753,988,0,3741,INR,,,,46737a3cab25954d65694fc695e83ce3c95ae774770ade7ab94665e73448e38c,VALID,1.0,,1,2026-08-12T02:30:00+05:30
b310c2e5bd234c11bc96a453f9d347cc,backfill-20260906-213201,simulator,DEL,BOM,DEL-BOM,2026-09-26,2026-08-12,2026-08-12T02:30:00+05:30,SG,SG402,ECONOMY,,45,2764,988,0,3752,INR,,,,364824c08bb352e644f17dfefd64a66d0a97f88e109a7cb4b721ba8e25532b9b,VALID,1.0,,1,2026-08-12T02:30:00+05:30
593500cbc5ba49449cb3eb6c95b2e159,backfill-20260906-213201,simulator,DEL,BLR,DEL-BLR,2026-08-13,2026-08-12,2026-08-12T02:30:00+05:30,6E,6E423,ECONOMY,,1,10253,1363,0,11616,INR,,,,97ee24248dcfc6e0c92c74afe99084b5f499d2d35506efd7503706f2f2144974,VALID,1.0,,1,2026-08-12T02:30:00+05:30
ab283e38a62746138eecbb1c014594e9,backfill-20260906-213201,simulator,DEL,BLR,DEL-BLR,2026-08-13,2026-08-12,2026-08-12T02:30:00+05:30,6E,6E528,ECONOMY,,1,9922,1346,0,11268,INR,,,,6736fe84bda0a14c1c26a101eabf0b630fd5ac52beb34abf25f74ed016f68d35,VALID,1.0,,1,2026-08-12T02:30:00+05:30
d21e5039d324489a9ec7c993e398da0e,backfill-20260906-213201,simulator,DEL,BLR,DEL-BLR,2026-08-13,2026-08-12,2026-08-12T02:30:00+05:30,6E,6E691,ECONOMY,,1,7710,1236,0,8946,INR,,,,91993b62c1b1f3b46c136253c857b2b9dff7ec9f0bed6c67bb2ac3c5705475e7,VALID,1.0,,1,2026-08-12T02:30:00+05:30
41858bf694e04036b7591e33b661af8e,backfill-20260906-213201,simulator,DEL,BLR,DEL-BLR,2026-08-13,2026-08-12,2026-08-12T02:30:00+05:30,AI,AI374,ECONOMY,,1,11766,1438,0,13204,INR,,,,12671d0b4db93227ae5f8eca66cb77ccb87aa566d459b15d798807564d5dcac3,VALID,1.0,,1,2026-08-12T02:30:00+05:30
abb7adedb67e4e7dafa811190f34f941,backfill-20260906-213201,simulator,DEL,BLR,DEL-BLR,2026-08-13,2026-08-12,2026-08-12T02:30:00+05:30,AI,AI293,ECONOMY,,1,9934,1347,0,11281,INR,,,,f522e8c9c2fc1c3365f870ced9b809e15528f989a8e8739526287b1c2a3071cc,VALID,1.0,,1,2026-08-12T02:30:00+05:30
b16a4fc607b543888e7a470f1f488bcc,backfill-20260906-213201,simulator,DEL,BLR,DEL-BLR,2026-08-13,2026-08-12,2026-08-12T02:30:00+05:30,QP,QP655,ECONOMY,,1,9862,1343,0,11205,INR,,,,ea634be882a577b8889b022d155d01dcbc5d25c28b3ae3542d017bcfcf4cf3e0,VALID,1.0,,1,2026-08-12T02:30:00+05:30
04f9fb920d4e4fbf8c0d5bffbad8ceaf,backfill-20260906-213201,simulator,DEL,BLR,DEL-BLR,2026-08-13,2026-08-12,2026-08-12T02:30:00+05:30,SG,SG460,ECONOMY,,1,8817,1291,0,10108,INR,,,,0f032aef0af3069e2d5b8b5ac92d4589cd095ed088892e8de56b52e895d1fbf3,VALID,1.0,,1,2026-08-12T02:30:00+05:30
3a066a03584b4d7fa400604e1641b0a9,backfill-20260906-213201,simulator,DEL,BLR,DEL-BLR,2026-08-19,2026-08-12,2026-08-12T02:30:00+05:30,6E,6E901,ECONOMY,,7,5480,1124,0,6604,INR,,,,07c09998bda48f37d3c03b5a415c0cca6940f4cb4155dd876a1efb2eb6bb6881,VALID,1.0,,1,2026-08-12T02:30:00+05:30
c19f61cbef114a109c229c45c3016a76,backfill-20260906-213201,simulator,DEL,BLR,DEL-BLR,2026-08-19,2026-08-12,2026-08-12T02:30:00+05:30,6E,6E573,ECONOMY,,7,6154,1158,0,7312,INR,,,,bab00707caa6fd5a5567775db86c85a7dcd221b1264f5b965cb5c41f83ae8f0d,VALID,1.0,,1,2026-08-12T02:30:00+05:30
0b954f0cdaf64802a79b7513209d0886,backfill-20260906-213201,simulator,DEL,BLR,DEL-BLR,2026-08-19,2026-08-12,2026-08-12T02:30:00+05:30,6E,6E776,ECONOMY,,7,5784,1139,0,6923,INR,,,,15cec05427af0e2274bd3ae06456c8bc9d840e29fa1282a5247326dd810410d5,VALID,1.0,,1,2026-08-12T02:30:00+05:30
6dce227ccadd4fb588c0c159dd04d8c6,backfill-20260906-213201,simulator,DEL,BLR,DEL-BLR,2026-08-19,2026-08-12,2026-08-12T02:30:00+05:30,AI,AI442,ECONOMY,,7,6118,1156,0,7274,INR,,,,fd7a8a4754c3261dfb0d307d61504ccbef411a241c12e798bfb37b7d2bcbd223,VALID,1.0,,1,2026-08-12T02:30:00+05:30
22f6af0eaee742eebb18a4854cf67588,backfill-20260906-213201,simulator,DEL,BLR,DEL-BLR,2026-08-19,2026-08-12,2026-08-12T02:30:00+05:30,AI,AI675,ECONOMY,,7,6486,1174,0,7660,INR,,,,a3ba9f8855ee42b4d348d52352f692b804ebcb2de5ede748757755a5d75b5a97,VALID,1.0,,1,2026-08-12T02:30:00+05:30
9d57d87041cb48d5986c57dd90120240,backfill-20260906-213201,simulator,DEL,BLR,DEL-BLR,2026-08-19,2026-08-12,2026-08-12T02:30:00+05:30,QP,QP541,ECONOMY,,7,5469,1123,0,6592,INR,,,,5c7ebee268ecf321e1504e2acf9f75e77604a2f58c0fe1a3906d980f3c33f3d0,VALID,1.0,,1,2026-08-12T02:30:00+05:30
1d132e13f90146b49c0af23b04ec6177,backfill-20260906-213201,simulator,DEL,BLR,DEL-BLR,2026-08-19,2026-08-12,2026-08-12T02:30:00+05:30,SG,SG459,ECONOMY,,7,6504,1175,0,7679,INR,,,,6b711ec676c2d91b7e647dc11e866d4e0872b96342bbd82f8141bd195ac678c9,VALID,1.0,,1,2026-08-12T02:30:00+05:30
564db387cc05466daca628bfa2158702,backfill-20260906-213201,simulator,DEL,BLR,DEL-BLR,2026-08-27,2026-08-12,2026-08-12T02:30:00+05:30,6E,6.00E+301,ECONOMY,,15,4801,1090,0,5891,INR,,,,eb73056566cb64a33db45b50bb7ea092e108d63479fc8b57dc2849df17d305ca,VALID,1.0,,1,2026-08-12T02:30:00+05:30
450879c6c6944cde841c0def65fb0cb8,backfill-20260906-213201,simulator,DEL,BLR,DEL-BLR,2026-08-27,2026-08-12,2026-08-12T02:30:00+05:30,6E,6E322,ECONOMY,,15,4499,1075,0,5574,INR,,,,59001c5fe8171f649857a5249492ce1d390df4316ad326ece7e256de40df2efd,VALID,1.0,,1,2026-08-12T02:30:00+05:30
2c626042038b414b83ef2ca795c1bcc4,backfill-20260906-213201,simulator,DEL,BLR,DEL-BLR,2026-08-27,2026-08-12,2026-08-12T02:30:00+05:30,6E,6E462,ECONOMY,,15,4205,1060,0,5265,INR,,,,8e02fb7c69cc26bf825295d282eee7097024146dc38a39dd8d0ad457c20fa4c0,VALID,1.0,,1,2026-08-12T02:30:00+05:30
2524bf3e0049460fbc1caf4702c73fdd,backfill-20260906-213201,simulator,DEL,BLR,DEL-BLR,2026-08-27,2026-08-12,2026-08-12T02:30:00+05:30,AI,AI853,ECONOMY,,15,4968,1098,0,6066,INR,,,,0c34f0ba89c962e5472eff74aa83f3c2ef20cfbc26930ccea1ff16144d22f45b,VALID,1.0,,1,2026-08-12T02:30:00+05:30
c06fab596fba4ef5823d8b7e1e34d637,backfill-20260906-213201,simulator,DEL,BLR,DEL-BLR,2026-08-27,2026-08-12,2026-08-12T02:30:00+05:30,AI,AI400,ECONOMY,,15,4846,1092,0,5938,INR,,,,0600d2a7fd108a7c406f5c31f5d0a0daee797ec56e4c44c1ce01e6339cb63c4f,VALID,1.0,,1,2026-08-12T02:30:00+05:30
7081650ad75349489f7564f61c781398,backfill-20260906-213201,simulator,DEL,BLR,DEL-BLR,2026-08-27,2026-08-12,2026-08-12T02:30:00+05:30,QP,QP582,ECONOMY,,15,5197,1110,0,6307,INR,,,,e48ab90de027efc8b6b210d0923911c468cdf04e141234abf2ef92e110a924cd,VALID,1.0,,1,2026-08-12T02:30:00+05:30
edc26a6d98e94304af0a8d857c868c35,backfill-20260906-213201,simulator,DEL,BLR,DEL-BLR,2026-08-27,2026-08-12,2026-08-12T02:30:00+05:30,SG,SG270,ECONOMY,,15,4336,1067,0,5403,INR,,,,331c60f4ae7e8ea8604695ca76d25dca6314e16becd9971ad4c06bc7e5a4805e,VALID,1.0,,1,2026-08-12T02:30:00+05:30
a2bcf1164f644306b715faa866b69261,backfill-20260906-213201,simulator,DEL,BLR,DEL-BLR,2026-09-11,2026-08-12,2026-08-12T02:30:00+05:30,6E,6E719,ECONOMY,,30,4710,1086,0,5796,INR,,,,3294500c60d4ca8578169e9bbddca09a1adc84f0737377be82bf7224811e3d9a,VALID,1.0,,1,2026-08-12T02:30:00+05:30
d1caa0aa970e43fda004f735bee859bb,backfill-20260906-213201,simulator,DEL,BLR,DEL-BLR,2026-09-11,2026-08-12,2026-08-12T02:30:00+05:30,6E,6E813,ECONOMY,,30,4413,1071,0,5484,INR,,,,ffc4225873e5f3615b95eaed88ede9c56aef49de86656990543371c0c464e022,VALID,1.0,,1,2026-08-12T02:30:00+05:30
e590ac3389a64381b90b039a4022f90b,backfill-20260906-213201,simulator,DEL,BLR,DEL-BLR,2026-09-11,2026-08-12,2026-08-12T02:30:00+05:30,6E,6E343,ECONOMY,,30,4567,1078,0,5645,INR,,,,1738a0aa9971aea8baeb2a34411fc0f7a688808469248014cac3fffeeac1db53,VALID,1.0,,1,2026-08-12T02:30:00+05:30
065c6e7453b74564bbe057626588abf6,backfill-20260906-213201,simulator,DEL,BLR,DEL-BLR,2026-09-11,2026-08-12,2026-08-12T02:30:00+05:30,AI,AI683,ECONOMY,,30,4911,1096,0,6007,INR,,,,a07b596a3ad79154cd5bda623671c10d7fe34aa619610e9389f42605e12af8ec,VALID,1.0,,1,2026-08-12T02:30:00+05:30
53e6cedcc4ea464d90da9210387bd289,backfill-20260906-213201,simulator,DEL,BLR,DEL-BLR,2026-09-11,2026-08-12,2026-08-12T02:30:00+05:30,AI,AI725,ECONOMY,,30,4409,1070,0,5479,INR,,,,0af16b295dea2f10e8fc8f62a2413760a543435ca66110a982a5cee5d4d5dedf,VALID,1.0,,1,2026-08-12T02:30:00+05:30
15fb876aa54d44eaa94ddd2a9f8296a8,backfill-20260906-213201,simulator,DEL,BLR,DEL-BLR,2026-09-11,2026-08-12,2026-08-12T02:30:00+05:30,QP,QP336,ECONOMY,,30,3896,1045,0,4941,INR,,,,759321820c5978716eacf77532f6bdebb22eb2ac47f83d1aed1b51e2c4eddaf6,VALID,1.0,,1,2026-08-12T02:30:00+05:30
65c1b7bd418a4dcfa2dee535b0b5d988,backfill-20260906-213201,simulator,DEL,BLR,DEL-BLR,2026-09-11,2026-08-12,2026-08-12T02:30:00+05:30,SG,SG952,ECONOMY,,30,4669,1083,0,5752,INR,,,,facf26d18b0fbfca0f5ab3d501dff9d6069b9e13aa2e8228236c68f20189388b,VALID,1.0,,1,2026-08-12T02:30:00+05:30
417b0bb7ddee4c7291b62df849ed2fcc,backfill-20260906-213201,simulator,DEL,BLR,DEL-BLR,2026-09-26,2026-08-12,2026-08-12T02:30:00+05:30,6E,6E940,ECONOMY,,45,3932,1047,0,4979,INR,,,,df21f9590fd4b7207c681ebe67b1c6c4ec1f76bb11938b0f80bd963326e25e2c,VALID,1.0,,1,2026-08-12T02:30:00+05:30
13dd2ff4921d4e74abac4d3f17ea192e,backfill-20260906-213201,simulator,DEL,BLR,DEL-BLR,2026-09-26,2026-08-12,2026-08-12T02:30:00+05:30,6E,6.00E+244,ECONOMY,,45,4325,1066,0,5391,INR,,,,3643d789714029c74417da89301c80b1da0fcaaa91788e22723891fc89fd35af,VALID,1.0,,1,2026-08-12T02:30:00+05:30
b000940590894bde929fc1d6ee015448,backfill-20260906-213201,simulator,DEL,BLR,DEL-BLR,2026-09-26,2026-08-12,2026-08-12T02:30:00+05:30,6E,6E814,ECONOMY,,45,4141,1057,0,5198,INR,,,,be6c1600a1a892c3325d635b9617ee727160291f78e1511161fc273f5bf0bb8c,VALID,1.0,,1,2026-08-12T02:30:00+05:30
f85118c36c0e482eb1a53b036f4b4dbf,backfill-20260906-213201,simulator,DEL,BLR,DEL-BLR,2026-09-26,2026-08-12,2026-08-12T02:30:00+05:30,AI,AI617,ECONOMY,,45,4255,1063,0,5318,INR,,,,f173fe9ea1c92c7bed4379e709d9dd859c134bc3e39f754b525afdf4f5a18313,VALID,1.0,,1,2026-08-12T02:30:00+05:30
d521d1f76d8b468c8f88a83ba31bf800,backfill-20260906-213201,simulator,DEL,BLR,DEL-BLR,2026-09-26,2026-08-12,2026-08-12T02:30:00+05:30,AI,AI545,ECONOMY,,45,3994,1050,0,5044,INR,,,,fc04f0d9ecfbfc793ba32d7db9594c2fd53b4155f828994e8dda287f8e24eba4,VALID,1.0,,1,2026-08-12T02:30:00+05:30
6a81b78ae00744078a227697733ebf60,backfill-20260906-213201,simulator,DEL,BLR,DEL-BLR,2026-09-26,2026-08-12,2026-08-12T02:30:00+05:30,QP,QP613,ECONOMY,,45,3627,1031,0,4658,INR,,,,79bd4cb71707f4036118eebcb2612f48ef89aa5eb16d1e8d2bcf7aa37ccf2884,VALID,1.0,,1,2026-08-12T02:30:00+05:30
b8d6337a8d1249e2b7ef4dd7a7246759,backfill-20260906-213201,simulator,DEL,BLR,DEL-BLR,2026-09-26,2026-08-12,2026-08-12T02:30:00+05:30,SG,SG478,ECONOMY,,45,3163,1008,0,4171,INR,,,,3a250e73c83b0378dde77c86f2f23c73062e6115cd55c1ccd5bd1ddc93bc62be,VALID,1.0,,1,2026-08-12T02:30:00+05:30
0075376672c14a049e3f7afdee8ec8fa,backfill-20260906-213201,simulator,DEL,BOM,DEL-BOM,2026-08-14,2026-08-13,2026-08-13T02:30:00+05:30,6E,6E428,ECONOMY,,1,9844,1342,0,11186,INR,,,,6468eeb1098e7f7134fcfe63f96d84d367f3211487ee1bca988b615f7cc41671,VALID,1.0,,1,2026-08-13T02:30:00+05:30
ac21c3d210984843a180c6599cdae9fe,backfill-20260906-213201,simulator,DEL,BOM,DEL-BOM,2026-08-14,2026-08-13,2026-08-13T02:30:00+05:30,6E,6E429,ECONOMY,,1,9606,1330,0,10936,INR,,,,60277bd19022db8e9cf5a9f6ea4abf93b81529d15509c2f284569b1290e2c067,VALID,1.0,,1,2026-08-13T02:30:00+05:30
0adf6e945efc4e73a52188eef883ae2a,backfill-20260906-213201,simulator,DEL,BOM,DEL-BOM,2026-08-14,2026-08-13,2026-08-13T02:30:00+05:30,6E,6.00E+285,ECONOMY,,1,9350,1318,0,10668,INR,,,,f531d9e8110cc9bd16de788f98d17c79ba0782e81a79fe4c34131c27be77c2fb,VALID,1.0,,1,2026-08-13T02:30:00+05:30
42f55a8cf7f64d0e9103a446f627df9b,backfill-20260906-213201,simulator,DEL,BOM,DEL-BOM,2026-08-14,2026-08-13,2026-08-13T02:30:00+05:30,AI,AI505,ECONOMY,,1,10040,1352,0,11392,INR,,,,c80bf19830bfea22eedd452a87c5975402ef46622bead6a341b82a185a992c69,VALID,1.0,,1,2026-08-13T02:30:00+05:30
90509b1df3634fa7a04ffa2a2e230b07,backfill-20260906-213201,simulator,DEL,BOM,DEL-BOM,2026-08-14,2026-08-13,2026-08-13T02:30:00+05:30,QP,QP959,ECONOMY,,1,8550,1277,0,9827,INR,,,,bfa0d368a991631b0942f5c2b30f8994e0600c9db9d6b19f3887a4a43550e0d1,VALID,1.0,,1,2026-08-13T02:30:00+05:30
42276723c34044b984a2bc4afc6fa488,backfill-20260906-213201,simulator,DEL,BOM,DEL-BOM,2026-08-14,2026-08-13,2026-08-13T02:30:00+05:30,SG,SG580,ECONOMY,,1,9572,1329,0,10901,INR,,,,68e9ef4b67006e86a0982d8840afb172165cc0b2fbbde17a05e420d636afe881,VALID,1.0,,1,2026-08-13T02:30:00+05:30
6c174d11bdc74eca8ea1aee2633827df,backfill-20260906-213201,simulator,DEL,BOM,DEL-BOM,2026-08-20,2026-08-13,2026-08-13T02:30:00+05:30,6E,6E701,ECONOMY,,7,6003,1150,0,7153,INR,,,,47876aa7998bc07636b26da913bd6e57f5536fff253bd60b0ef69e45fe9a8dab,VALID,1.0,,1,2026-08-13T02:30:00+05:30
634fde2d623a4094bd82091f57050022,backfill-20260906-213201,simulator,DEL,BOM,DEL-BOM,2026-08-20,2026-08-13,2026-08-13T02:30:00+05:30,6E,6E793,ECONOMY,,7,4989,1099,0,6088,INR,,,,ebaf0909e22ee848ed019088438bb1d6da0f7e22329c1d35e006eee7e4fc7129,VALID,1.0,,1,2026-08-13T02:30:00+05:30
dae4d5f52ab04d5fa5845b6339533876,backfill-20260906-213201,simulator,DEL,BOM,DEL-BOM,2026-08-20,2026-08-13,2026-08-13T02:30:00+05:30,6E,6E696,ECONOMY,,7,5894,1145,0,7039,INR,,,,05a44a709661173562e5ee017f4f6777c9863e45cf1da4dbbcf601cbac0cfdc8,VALID,1.0,,1,2026-08-13T02:30:00+05:30
6569359e0ea3485d9d709ef3d2dfd123,backfill-20260906-213201,simulator,DEL,BOM,DEL-BOM,2026-08-20,2026-08-13,2026-08-13T02:30:00+05:30,AI,AI553,ECONOMY,,7,5776,1139,0,6915,INR,,,,b7052ddcb9366281a233745607d5df7e0e6baa8720e537f5edcb8e0e0744e66e,VALID,1.0,,1,2026-08-13T02:30:00+05:30
c529b84df9fd47c59ac656cb5ecbd02c,backfill-20260906-213201,simulator,DEL,BOM,DEL-BOM,2026-08-20,2026-08-13,2026-08-13T02:30:00+05:30,AI,AI665,ECONOMY,,7,5205,1110,0,6315,INR,,,,3dee7b08c0e8319aed6f25028b92111fa1f3b15f01618fdd8ea898d935eeb87a,VALID,1.0,,1,2026-08-13T02:30:00+05:30
3cb2161b590540b2929bea7efddc9229,backfill-20260906-213201,simulator,DEL,BOM,DEL-BOM,2026-08-20,2026-08-13,2026-08-13T02:30:00+05:30,QP,QP994,ECONOMY,,7,5219,1111,0,6330,INR,,,,0d0141022c7c013118172d9551c30b726eb95e615a4f557518bcede7c6572682,VALID,1.0,,1,2026-08-13T02:30:00+05:30
8cf9395e26f046979b6935eca02aa3bd,backfill-20260906-213201,simulator,DEL,BOM,DEL-BOM,2026-08-20,2026-08-13,2026-08-13T02:30:00+05:30,SG,SG708,ECONOMY,,7,4861,1093,0,5954,INR,,,,f64efbe7f8c1614dbd0c1ea80365f7afd4da9804f0189d02f06bebf70d8783ed,VALID,1.0,,1,2026-08-13T02:30:00+05:30
32b76e006c6d4ee1b1a4da7febc42cbb,backfill-20260906-213201,simulator,DEL,BOM,DEL-BOM,2026-08-28,2026-08-13,2026-08-13T02:30:00+05:30,6E,6E794,ECONOMY,,15,4399,1070,0,5469,INR,,,,87c5171fd5c7000520db556ffec1cb6f33b906e3b4ea2791b45ccd1feb517aa8,VALID,1.0,,1,2026-08-13T02:30:00+05:30
a31ac22675b54cc9a559f421ca3b23ca,backfill-20260906-213201,simulator,DEL,BOM,DEL-BOM,2026-08-28,2026-08-13,2026-08-13T02:30:00+05:30,6E,6E537,ECONOMY,,15,4910,1096,0,6006,INR,,,,f5055e2c9a0fff0ee91c3ab07fe2d944d8cc46e457207cf15a921a6e0b4c1dfa,VALID,1.0,,1,2026-08-13T02:30:00+05:30
58780ad0960a4893984a48574169148e,backfill-20260906-213201,simulator,DEL,BOM,DEL-BOM,2026-08-28,2026-08-13,2026-08-13T02:30:00+05:30,6E,6.00E+250,ECONOMY,,15,4495,1075,0,5570,INR,,,,bcc3198b541a924adc1ccd253f26472214549a80a61637336ffe8f094821214c,VALID,1.0,,1,2026-08-13T02:30:00+05:30
ab21b4c6fd73497aa591bd409b56c515,backfill-20260906-213201,simulator,DEL,BOM,DEL-BOM,2026-08-28,2026-08-13,2026-08-13T02:30:00+05:30,AI,AI475,ECONOMY,,15,5161,1108,0,6269,INR,,,,578e572d4d4be7eb486892b7aeb914abfb8bb884577c0cb9736ec58e9dff9909,VALID,1.0,,1,2026-08-13T02:30:00+05:30
e55540ff2ca14937889d8715ad3ef007,backfill-20260906-213201,simulator,DEL,BOM,DEL-BOM,2026-08-28,2026-08-13,2026-08-13T02:30:00+05:30,AI,AI697,ECONOMY,,15,5040,1102,0,6142,INR,,,,97568e706cae0ceb63288050c25bac16d9988f24611afec959b66d6ddccdaea4,VALID,1.0,,1,2026-08-13T02:30:00+05:30
44dea77e1d7c4832a5e2dd017b271742,backfill-20260906-213201,simulator,DEL,BOM,DEL-BOM,2026-08-28,2026-08-13,2026-08-13T02:30:00+05:30,QP,QP877,ECONOMY,,15,5395,1120,0,6515,INR,,,,917683319ee57e056c8816f0f96a47764aec679cbf3454a2b1ec12e7d406f002,VALID,1.0,,1,2026-08-13T02:30:00+05:30
5e5e491e88a9405eb88256ba271b7df1,backfill-20260906-213201,simulator,DEL,BOM,DEL-BOM,2026-08-28,2026-08-13,2026-08-13T02:30:00+05:30,SG,SG656,ECONOMY,,15,4419,1071,0,5490,INR,,,,7f0bcc611146ba0bc406d0720cd69dbd47b195b54d97747c36e1d2e7eaae2da7,VALID,1.0,,1,2026-08-13T02:30:00+05:30
1152833177ab499fb16fb51d74c7f6c6,backfill-20260906-213201,simulator,DEL,BOM,DEL-BOM,2026-09-12,2026-08-13,2026-08-13T02:30:00+05:30,6E,6E780,ECONOMY,,30,3463,1023,0,4486,INR,,,,81bfed549556efd138c160098c7e7723f1f52529cc43b4fbafa7988c2df54513,VALID,1.0,,1,2026-08-13T02:30:00+05:30
5b6395aab4274aeea47ef2b55267aefa,backfill-20260906-213201,simulator,DEL,BOM,DEL-BOM,2026-09-12,2026-08-13,2026-08-13T02:30:00+05:30,6E,6E454,ECONOMY,,30,3354,1018,0,4372,INR,,,,0d59e94523db3ad72bee8bf67e1babaa050da9a0f5aa1f52107781468929d1b1,VALID,1.0,,1,2026-08-13T02:30:00+05:30
6266b5d4285b40c9a1f79a6d71f55525,backfill-20260906-213201,simulator,DEL,BOM,DEL-BOM,2026-09-12,2026-08-13,2026-08-13T02:30:00+05:30,6E,6E610,ECONOMY,,30,4298,1065,0,5363,INR,,,,7e37ce4d38a82047bed9835ae4509f04c10750ebdb39fd2d6a42ca7e794566b0,VALID,1.0,,1,2026-08-13T02:30:00+05:30
c8aabb21554e44bd99089d5a155562fe,backfill-20260906-213201,simulator,DEL,BOM,DEL-BOM,2026-09-12,2026-08-13,2026-08-13T02:30:00+05:30,AI,AI801,ECONOMY,,30,3387,1019,0,4406,INR,,,,b6e0275c6b72675b9f229d23f17cdfeac339eb5ee7c3db007bacfd1694c30579,VALID,1.0,,1,2026-08-13T02:30:00+05:30
a2d5a591f033403d82d30d0387617189,backfill-20260906-213201,simulator,DEL,BOM,DEL-BOM,2026-09-12,2026-08-13,2026-08-13T02:30:00+05:30,AI,AI406,ECONOMY,,30,3942,1047,0,4989,INR,,,,4b269a9475e7b0ba2dff0ff84f588c8a86c503c9a9e102850811f8dff149d683,VALID,1.0,,1,2026-08-13T02:30:00+05:30
d9bc2534ce184c209dda9d4a33717bea,backfill-20260906-213201,simulator,DEL,BOM,DEL-BOM,2026-09-12,2026-08-13,2026-08-13T02:30:00+05:30,QP,QP876,ECONOMY,,30,3370,1018,0,4388,INR,,,,be0d3082d39baf4b7e6b2521bc7442a321526acfd00370e9b70a03846415a9f7,VALID,1.0,,1,2026-08-13T02:30:00+05:30
fa80d0e4ca164c15a6024a0fcd94af1b,backfill-20260906-213201,simulator,DEL,BOM,DEL-BOM,2026-09-12,2026-08-13,2026-08-13T02:30:00+05:30,SG,SG619,ECONOMY,,30,2721,986,0,3707,INR,,,,ac466b23ddb111215611da429b929026db835d00acf94ac6a04359de2b803234,VALID,1.0,,1,2026-08-13T02:30:00+05:30
4b61db192c44423d9522118d80249bdf,backfill-20260906-213201,simulator,DEL,BOM,DEL-BOM,2026-09-27,2026-08-13,2026-08-13T02:30:00+05:30,6E,6E545,ECONOMY,,45,4083,1054,0,5137,INR,,,,58bd0d8a1968176ecd14e1bb469375156370042d92257589d4c3ce05ec20c080,VALID,1.0,,1,2026-08-13T02:30:00+05:30
ada295d1ec014faa91b91e4496bcc2de,backfill-20260906-213201,simulator,DEL,BOM,DEL-BOM,2026-09-27,2026-08-13,2026-08-13T02:30:00+05:30,6E,6E907,ECONOMY,,45,3819,1041,0,4860,INR,,,,f55c7bc9f0c4cf34ea6369903d928c0f68ed6405d290681c2ed76c732e0aa594,VALID,1.0,,1,2026-08-13T02:30:00+05:30
56d5d3773dc94b48ac358866696f69b1,backfill-20260906-213201,simulator,DEL,BOM,DEL-BOM,2026-09-27,2026-08-13,2026-08-13T02:30:00+05:30,6E,6E715,ECONOMY,,45,3733,1037,0,4770,INR,,,,bd595f9f368a98399db152ec49f26737da201b974bd4c912fec627ff5ddcb80d,VALID,1.0,,1,2026-08-13T02:30:00+05:30
940b5e34bcae4402a093c3292cf5df5a,backfill-20260906-213201,simulator,DEL,BOM,DEL-BOM,2026-09-27,2026-08-13,2026-08-13T02:30:00+05:30,AI,AI699,ECONOMY,,45,4540,1077,0,5617,INR,,,,44f5c0830e6989bdd5ae3f44ae062650490528e20c3c242291ab5baabdc3747c,VALID,1.0,,1,2026-08-13T02:30:00+05:30
71e90f8220db4a6ea601e5fbb7059e73,backfill-20260906-213201,simulator,DEL,BOM,DEL-BOM,2026-09-27,2026-08-13,2026-08-13T02:30:00+05:30,AI,AI454,ECONOMY,,45,3472,1024,0,4496,INR,,,,0f3ebcd0fb8909290eb75b581d741b71afc78e37978c0edbfeef8409285d69c2,VALID,1.0,,1,2026-08-13T02:30:00+05:30
545843659b8d4cf8ab6af394533b887f,backfill-20260906-213201,simulator,DEL,BOM,DEL-BOM,2026-09-27,2026-08-13,2026-08-13T02:30:00+05:30,QP,QP779,ECONOMY,,45,3518,1026,0,4544,INR,,,,10f25de636c3fdd198efff30f4b9e8431dc7c14388b74f1a7e8d5f6d0252c6e1,VALID,1.0,,1,2026-08-13T02:30:00+05:30
c4d5f755e8ef464094bfa38f737ee4dd,backfill-20260906-213201,simulator,DEL,BOM,DEL-BOM,2026-09-27,2026-08-13,2026-08-13T02:30:00+05:30,SG,SG882,ECONOMY,,45,3790,1040,0,4830,INR,,,,8a3db8656a590647f2cb6c73b2d6abd9525e562dae9dc74bb151ec71a360b221,VALID,1.0,,1,2026-08-13T02:30:00+05:30
ab12af58af964073b65701103bc968b3,backfill-20260906-213201,simulator,DEL,BLR,DEL-BLR,2026-08-14,2026-08-13,2026-08-13T02:30:00+05:30,6E,6E809,ECONOMY,,1,10135,1357,0,11492,INR,,,,0077f0ca0db7646b37d091eee0f35a2471aba1bf58bd249b55aecd2d93ac412c,VALID,1.0,,1,2026-08-13T02:30:00+05:30
06b78ccf345e40e5a05003aae8f215ee,backfill-20260906-213201,simulator,DEL,BLR,DEL-BLR,2026-08-14,2026-08-13,2026-08-13T02:30:00+05:30,6E,6E566,ECONOMY,,1,10074,1354,0,11428,INR,,,,71269a80b426f4a045afb32c035cb5abc14e515feddd2aeccfbd3c590a96f507,VALID,1.0,,1,2026-08-13T02:30:00+05:30
892302a1d47c4c8e86fc31a446202e3a,backfill-20260906-213201,simulator,DEL,BLR,DEL-BLR,2026-08-14,2026-08-13,2026-08-13T02:30:00+05:30,6E,6E490,ECONOMY,,1,10739,1387,0,12126,INR,,,,e8ecc1e932560a1cc0ad8860a054f482d68acbdc722ef1c57d18290b1702c200,VALID,1.0,,1,2026-08-13T02:30:00+05:30
614b342f100e41548d09660ee33c5983,backfill-20260906-213201,simulator,DEL,BLR,DEL-BLR,2026-08-14,2026-08-13,2026-08-13T02:30:00+05:30,AI,AI497,ECONOMY,,1,10401,1370,0,11771,INR,,,,a50d197bb1b07a3bfeddd34e0ff3737f94858c647320d40b9d4a583cfb3308a9,VALID,1.0,,1,2026-08-13T02:30:00+05:30
706f6ca22cc14c20a0546d93de28ed01,backfill-20260906-213201,simulator,DEL,BLR,DEL-BLR,2026-08-14,2026-08-13,2026-08-13T02:30:00+05:30,AI,AI541,ECONOMY,,1,11509,1425,0,12934,INR,,,,4eb5567b3b438c79a21bee38ea5077a0db60509b94de0fa205b6801d4e7b74ec,VALID,1.0,,1,2026-08-13T02:30:00+05:30
ffa6416832164e0e940261ca35872234,backfill-20260906-213201,simulator,DEL,BLR,DEL-BLR,2026-08-14,2026-08-13,2026-08-13T02:30:00+05:30,SG,SG834,ECONOMY,,1,10176,1359,0,11535,INR,,,,af60740fb3fffcdf3f167d481dc8a58034f670ddf675dc3c8f12294655561026,VALID,1.0,,1,2026-08-13T02:30:00+05:30
ee74cedb38e74f32a359398159257a6c,backfill-20260906-213201,simulator,DEL,BLR,DEL-BLR,2026-08-20,2026-08-13,2026-08-13T02:30:00+05:30,6E,6E346,ECONOMY,,7,6165,1158,0,7323,INR,,,,d2e3f16c41ee47bc0f17b7270b745b9394b971b761af26b6516aa7d721fd3dfe,VALID,1.0,,1,2026-08-13T02:30:00+05:30
fe1453e49031433da64a3342dba4e9d7,backfill-20260906-213201,simulator,DEL,BLR,DEL-BLR,2026-08-20,2026-08-13,2026-08-13T02:30:00+05:30,6E,6E514,ECONOMY,,7,6480,1174,0,7654,INR,,,,05471165871a9e66b6380b89e82b5f7c545f37ccb7cd2d1362375ecc37111e42,VALID,1.0,,1,2026-08-13T02:30:00+05:30
a1710d7d46cb4bcca0252bdad7fb8a12,backfill-20260906-213201,simulator,DEL,BLR,DEL-BLR,2026-08-20,2026-08-13,2026-08-13T02:30:00+05:30,6E,6.00E+283,ECONOMY,,7,5550,1128,0,6678,INR,,,,e6b30946a3dc0f02a24d3db782877c8a73fcda6273904a30bd4d5f2fa7c986a1,VALID,1.0,,1,2026-08-13T02:30:00+05:30
71fbbe8b7b3a489ba27854e1aca3cac5,backfill-20260906-213201,simulator,DEL,BLR,DEL-BLR,2026-08-20,2026-08-13,2026-08-13T02:30:00+05:30,AI,AI863,ECONOMY,,7,5776,1139,0,6915,INR,,,,dadec46bb530ccc28ce5a0e6a2f4e8752a330f4e5efa1a93f5c420a07bfaf730,VALID,1.0,,1,2026-08-13T02:30:00+05:30
9fdb641ae1784c409df73d15321b1051,backfill-20260906-213201,simulator,DEL,BLR,DEL-BLR,2026-08-20,2026-08-13,2026-08-13T02:30:00+05:30,AI,AI516,ECONOMY,,7,6368,1168,0,7536,INR,,,,afa71bff81b267e8b3b926ec5b7fbe666c0c7c7ac8962f3813fb5c3850e09cae,VALID,1.0,,1,2026-08-13T02:30:00+05:30
6296d028bd7e4be2bd67a51107023acb,backfill-20260906-213201,simulator,DEL,BLR,DEL-BLR,2026-08-20,2026-08-13,2026-08-13T02:30:00+05:30,QP,QP496,ECONOMY,,7,5861,1143,0,7004,INR,,,,dd342b554426aa81d59c29ea0d67ebafc3b60e6329c9563853f0f19a69c3c966,VALID,1.0,,1,2026-08-13T02:30:00+05:30
2f9756f39c334a6a98605634583cf6cf,backfill-20260906-213201,simulator,DEL,BLR,DEL-BLR,2026-08-20,2026-08-13,2026-08-13T02:30:00+05:30,SG,SG875,ECONOMY,,7,4652,1083,0,5735,INR,,,,b925a463ad42195346caf274c9773542dd2eb9a67344e39d64a803a146b6a0f1,VALID,1.0,,1,2026-08-13T02:30:00+05:30
fd5d7d3a0e47405882d26488d3f7dc6f,backfill-20260906-213201,simulator,DEL,BLR,DEL-BLR,2026-08-28,2026-08-13,2026-08-13T02:30:00+05:30,6E,6E807,ECONOMY,,15,4830,1092,0,5922,INR,,,,9def3e0453a6b757a2314c5f312d97d59ebb73d4c4d6dd2d9008c26ea4616806,VALID,1.0,,1,2026-08-13T02:30:00+05:30
0b60d1ad4ae541b7ae004f52d7bd55d7,backfill-20260906-213201,simulator,DEL,BLR,DEL-BLR,2026-08-28,2026-08-13,2026-08-13T02:30:00+05:30,6E,6E924,ECONOMY,,15,5735,1137,0,6872,INR,,,,3015b0701bc1c0f8cd74e7dd6a41c6a84adf2b3ebf7544c828b06058610fd901,VALID,1.0,,1,2026-08-13T02:30:00+05:30
b87b4b10a05949a0b1f64d7a6a9f7e04,backfill-20260906-213201,simulator,DEL,BLR,DEL-BLR,2026-08-28,2026-08-13,2026-08-13T02:30:00+05:30,6E,6E340,ECONOMY,,15,5318,1116,0,6434,INR,,,,72f46c764552c01879d4fdec21ef9e7d41922e00d8c774613e3a3c98bbbececd,VALID,1.0,,1,2026-08-13T02:30:00+05:30
04e6308fd0aa4ffa97f17b207f2d5156,backfill-20260906-213201,simulator,DEL,BLR,DEL-BLR,2026-08-28,2026-08-13,2026-08-13T02:30:00+05:30,AI,AI385,ECONOMY,,15,5376,1119,0,6495,INR,,,,e9afc312dd4a6fbd5cc2786d9de225adc5576f5755979505ffeadb87d93aab7b,VALID,1.0,,1,2026-08-13T02:30:00+05:30
2454afcf605644e5a8ec07c44505f952,backfill-20260906-213201,simulator,DEL,BLR,DEL-BLR,2026-08-28,2026-08-13,2026-08-13T02:30:00+05:30,AI,AI554,ECONOMY,,15,6005,1150,0,7155,INR,,,,86e89d15996368717e7f118fbf88e6122803152e3567701a415fda7094355d29,VALID,1.0,,1,2026-08-13T02:30:00+05:30
633e610f278e4897a1d8e5af0bd4b664,backfill-20260906-213201,simulator,DEL,BLR,DEL-BLR,2026-08-28,2026-08-13,2026-08-13T02:30:00+05:30,QP,QP759,ECONOMY,,15,4954,1098,0,6052,INR,,,,5ce1edf095396870ae6e1438330f56c472dc67521c2dc30d83659a4086bd18ee,VALID,1.0,,1,2026-08-13T02:30:00+05:30
b696fc95f1134a36b614fafc6bcaf015,backfill-20260906-213201,simulator,DEL,BLR,DEL-BLR,2026-08-28,2026-08-13,2026-08-13T02:30:00+05:30,SG,SG392,ECONOMY,,15,5065,1103,0,6168,INR,,,,acfc4fd1be8bbd0d5612e6e28665778f2ce115da631e39ca222a616d88330bef,VALID,1.0,,1,2026-08-13T02:30:00+05:30
fe9c3693dffb4b12afa9b68798e1dfbc,backfill-20260906-213201,simulator,DEL,BLR,DEL-BLR,2026-09-12,2026-08-13,2026-08-13T02:30:00+05:30,6E,6.00E+262,ECONOMY,,30,4042,1052,0,5094,INR,,,,262ca8a9fb7c3963372b5d1f69754c755c21a672c5de05b9c13487521040487d,VALID,1.0,,1,2026-08-13T02:30:00+05:30
11e2e3d82f5b4bc9b2324317a321f112,backfill-20260906-213201,simulator,DEL,BLR,DEL-BLR,2026-09-12,2026-08-13,2026-08-13T02:30:00+05:30,6E,6E991,ECONOMY,,30,4033,1052,0,5085,INR,,,,a2217c3ea9892c9bcd1f19194890e1a3add7ca487d990577ed898eb241817376,VALID,1.0,,1,2026-08-13T02:30:00+05:30
c9d789194ece491f810dea205f8c11f3,backfill-20260906-213201,simulator,DEL,BLR,DEL-BLR,2026-09-12,2026-08-13,2026-08-13T02:30:00+05:30,6E,6E688,ECONOMY,,30,3906,1045,0,4951,INR,,,,0b410f9174a19775bbe447eefbcc1ff55639c261fb7c3ec6ed11a5f5bcb2cd62,VALID,1.0,,1,2026-08-13T02:30:00+05:30
72614c449e8e40dba3817eccce8e998e,backfill-20260906-213201,simulator,DEL,BLR,DEL-BLR,2026-09-12,2026-08-13,2026-08-13T02:30:00+05:30,AI,AI907,ECONOMY,,30,4350,1068,0,5418,INR,,,,a2e82284bf33aa72017f1e124d44202621380ea802f268527abae11e3d5610c2,VALID,1.0,,1,2026-08-13T02:30:00+05:30
8416403c0c9a451f904ead253d021693,backfill-20260906-213201,simulator,DEL,BLR,DEL-BLR,2026-09-12,2026-08-13,2026-08-13T02:30:00+05:30,AI,AI469,ECONOMY,,30,4447,1072,0,5519,INR,,,,18fa6f0307bc2ae785bc0c0a8645f738d5e379f4d7190c94e9a61298027e23f0,VALID,1.0,,1,2026-08-13T02:30:00+05:30
082f1410b1c4412486e8f1acc8d22b1c,backfill-20260906-213201,simulator,DEL,BLR,DEL-BLR,2026-09-12,2026-08-13,2026-08-13T02:30:00+05:30,QP,QP491,ECONOMY,,30,3930,1047,0,4977,INR,,,,35fe45c7040fd7cfa7f675a8702c78d1b924c9e74b483bd6d9d1ab1661765f5d,VALID,1.0,,1,2026-08-13T02:30:00+05:30
d70a3be11b624fab8badf0417e519954,backfill-20260906-213201,simulator,DEL,BLR,DEL-BLR,2026-09-12,2026-08-13,2026-08-13T02:30:00+05:30,SG,SG502,ECONOMY,,30,3894,1045,0,4939,INR,,,,c7fa9253d8e4d7cc268e50b18dc7de25aa6fb4c1a2e4fd7226956e84e4eec4e7,VALID,1.0,,1,2026-08-13T02:30:00+05:30
bf80bcfd207f45cdb3c953ecc2bce37c,backfill-20260906-213201,simulator,DEL,BLR,DEL-BLR,2026-09-27,2026-08-13,2026-08-13T02:30:00+05:30,6E,6E566,ECONOMY,,45,4279,1064,0,5343,INR,,,,0b519dc5344cc27ee1779ba56a0c93e7495669e4d089f0b99c649bcac8c09c97,VALID,1.0,,1,2026-08-13T02:30:00+05:30
a592da5300f449348f12183abe237d99,backfill-20260906-213201,simulator,DEL,BLR,DEL-BLR,2026-09-27,2026-08-13,2026-08-13T02:30:00+05:30,6E,6E421,ECONOMY,,45,4051,1053,0,5104,INR,,,,bd6ed4f163403a246de4b2ae5ea7ab9e7cb27eecf88643e3a72568513b2f368a,VALID,1.0,,1,2026-08-13T02:30:00+05:30
910a9b5eb1014254842bc35ab7efbc7b,backfill-20260906-213201,simulator,DEL,BLR,DEL-BLR,2026-09-27,2026-08-13,2026-08-13T02:30:00+05:30,6E,6E912,ECONOMY,,45,4044,1052,0,5096,INR,,,,1315c4ec99bb7104bc6104c627f4b0aad3dad88be91ffa9850b287bbf3f71390,VALID,1.0,,1,2026-08-13T02:30:00+05:30
a6c403414dad49fdb266d3de95ecf67d,backfill-20260906-213201,simulator,DEL,BLR,DEL-BLR,2026-09-27,2026-08-13,2026-08-13T02:30:00+05:30,AI,AI211,ECONOMY,,45,4144,1057,0,5201,INR,,,,0006feff59c3561db88450a49e97c4596a7249afe6c66a3e2b5e56655517755f,VALID,1.0,,1,2026-08-13T02:30:00+05:30
d009f408a0b94f1795c1da51ddbaab19,backfill-20260906-213201,simulator,DEL,BLR,DEL-BLR,2026-09-27,2026-08-13,2026-08-13T02:30:00+05:30,AI,AI959,ECONOMY,,45,4483,1074,0,5557,INR,,,,ba46a7d020c56a4b21b8941ea4e89b08c780c891e728d04a42310077eeb6cc96,VALID,1.0,,1,2026-08-13T02:30:00+05:30
0b39891bb5734983a2a0510bb8b6be77,backfill-20260906-213201,simulator,DEL,BLR,DEL-BLR,2026-09-27,2026-08-13,2026-08-13T02:30:00+05:30,QP,QP719,ECONOMY,,45,4816,1091,0,5907,INR,,,,23dfa91dd2ef796c0ab571a7add88f89a6844569834c27a79bdda137725b07a8,VALID,1.0,,1,2026-08-13T02:30:00+05:30
a5ee15eceb004507859d6c666ff33545,backfill-20260906-213201,simulator,DEL,BLR,DEL-BLR,2026-09-27,2026-08-13,2026-08-13T02:30:00+05:30,SG,SG588,ECONOMY,,45,4407,1070,0,5477,INR,,,,2cac4b47513df04b7a5013756e21487480d34a1c5f9dd29fde12b420417d24e7,VALID,1.0,,1,2026-08-13T02:30:00+05:30
2451f1f229fb4f7380607fc7465a9ac0,backfill-20260906-213201,simulator,DEL,BOM,DEL-BOM,2026-08-15,2026-08-14,2026-08-14T02:30:00+05:30,6E,6E394,ECONOMY,,1,7925,1246,0,9171,INR,,,,2cab213af0645bf7ea8919ee005908307b35e582529e19493e9c348e715a9e34,VALID,1.0,,1,2026-08-14T02:30:00+05:30
7817f1f0309a4ef09e5013652854cc89,backfill-20260906-213201,simulator,DEL,BOM,DEL-BOM,2026-08-15,2026-08-14,2026-08-14T02:30:00+05:30,6E,6.00E+235,ECONOMY,,1,8760,1288,0,10048,INR,,,,4f0cc7fffc9c7c4da4bd78f2762cb8f39e74d05e17ab2c42dda202ad1731e772,VALID,1.0,,1,2026-08-14T02:30:00+05:30
4081c8a24ba3452199ea1050f989cbf5,backfill-20260906-213201,simulator,DEL,BOM,DEL-BOM,2026-08-15,2026-08-14,2026-08-14T02:30:00+05:30,6E,6E933,ECONOMY,,1,8650,1283,0,9933,INR,,,,38b1eabfd2fe9802f79744c627318659b4d39185e489d9c046bb964d2410be40,VALID,1.0,,1,2026-08-14T02:30:00+05:30
6db6cec71145490bb417a2e1a78c97f5,backfill-20260906-213201,simulator,DEL,BOM,DEL-BOM,2026-08-15,2026-08-14,2026-08-14T02:30:00+05:30,AI,AI539,ECONOMY,,1,8039,1252,0,9291,INR,,,,353b541af8f30978175277f2b717041e36c2f9d971cbc5788ab6f0da4eb5d75f,VALID,1.0,,1,2026-08-14T02:30:00+05:30
91aff6c28615473cb37b4c8df82ab66f,backfill-20260906-213201,simulator,DEL,BOM,DEL-BOM,2026-08-15,2026-08-14,2026-08-14T02:30:00+05:30,AI,AI871,ECONOMY,,1,9352,1318,0,10670,INR,,,,cc2fbc4e5afc2a2c9762fa6e1f8bb277dc3e4e5e2e3cf9d0531f40a1a7e2b697,VALID,1.0,,1,2026-08-14T02:30:00+05:30
ea3273ab2b4f45ff92ec34325555eca7,backfill-20260906-213201,simulator,DEL,BOM,DEL-BOM,2026-08-15,2026-08-14,2026-08-14T02:30:00+05:30,QP,QP760,ECONOMY,,1,8229,1261,0,9490,INR,,,,22e9ad6ef15044e25f3a87d077646b6b1cb47bb39e58e9df4d8e731d2fca0f32,VALID,1.0,,1,2026-08-14T02:30:00+05:30
45af1f3583954e3e86f76d2f35d67464,backfill-20260906-213201,simulator,DEL,BOM,DEL-BOM,2026-08-15,2026-08-14,2026-08-14T02:30:00+05:30,SG,SG783,ECONOMY,,1,8210,1261,0,9471,INR,,,,5359e1aa419ff91de9782a815effa512f0d3e2218fdfc9a3354772e111ae8990,VALID,1.0,,1,2026-08-14T02:30:00+05:30
f96472bef539467d9326614959755fbd,backfill-20260906-213201,simulator,DEL,BOM,DEL-BOM,2026-08-21,2026-08-14,2026-08-14T02:30:00+05:30,6E,6E733,ECONOMY,,7,6048,1152,0,7200,INR,,,,f6be54ba01348a74d5c864de161540184c44075f88f6bbd1f8fded256cbe10e4,VALID,1.0,,1,2026-08-14T02:30:00+05:30
f6fdaf08cb264a16886d0a25c0314402,backfill-20260906-213201,simulator,DEL,BOM,DEL-BOM,2026-08-21,2026-08-14,2026-08-14T02:30:00+05:30,6E,6E969,ECONOMY,,7,6462,1173,0,7635,INR,,,,1e53f8ef85d10c04d458f99ba9445969f1b06aa09ad02489043ccc6e8db13b07,VALID,1.0,,1,2026-08-14T02:30:00+05:30
869b3202fa584ab88cd96f3fc6868a58,backfill-20260906-213201,simulator,DEL,BOM,DEL-BOM,2026-08-21,2026-08-14,2026-08-14T02:30:00+05:30,6E,6E368,ECONOMY,,7,6512,1176,0,7688,INR,,,,f5ff69925abe896fc80fd1de3d15f9da7a40c655e122dc980dca0f31fdc89667,VALID,1.0,,1,2026-08-14T02:30:00+05:30
c3c360459c9047998e8b695e90cc57a9,backfill-20260906-213201,simulator,DEL,BOM,DEL-BOM,2026-08-21,2026-08-14,2026-08-14T02:30:00+05:30,AI,AI911,ECONOMY,,7,7123,1206,0,8329,INR,,,,e7a2f381ffa7a7f2be2ca6e54169c9fe26d1ec00d3c9eefd015246f0ac413ab3,VALID,1.0,,1,2026-08-14T02:30:00+05:30
dd2432535cf047a1a3b36f54e6963b8c,backfill-20260906-213201,simulator,DEL,BOM,DEL-BOM,2026-08-21,2026-08-14,2026-08-14T02:30:00+05:30,AI,AI343,ECONOMY,,7,6497,1175,0,7672,INR,,,,dd94ce62fddbbb2986858c840477928a0e3404004d08914c60a9f81376535624,VALID,1.0,,1,2026-08-14T02:30:00+05:30
18524eac2afb4a029882345ba651dbb0,backfill-20260906-213201,simulator,DEL,BOM,DEL-BOM,2026-08-21,2026-08-14,2026-08-14T02:30:00+05:30,QP,QP345,ECONOMY,,7,5685,1134,0,6819,INR,,,,2951a8c71c5a003fea093d7969b3ebe5584f6be9b6a50e05d78d4d02c8bcc828,VALID,1.0,,1,2026-08-14T02:30:00+05:30
0abc2a0dd9e64ae2827f5a10e53825e9,backfill-20260906-213201,simulator,DEL,BOM,DEL-BOM,2026-08-21,2026-08-14,2026-08-14T02:30:00+05:30,SG,SG689,ECONOMY,,7,6055,1153,0,7208,INR,,,,2772bcd0e6e5e85fbf72318d13a6fbb9b3cfcaafc99b12c8a112dadb24f82eb4,VALID,1.0,,1,2026-08-14T02:30:00+05:30
33fef23959a34bb594dc1e9684b179fb,backfill-20260906-213201,simulator,DEL,BOM,DEL-BOM,2026-08-29,2026-08-14,2026-08-14T02:30:00+05:30,6E,6E683,ECONOMY,,15,4557,1078,0,5635,INR,,,,43ccea4fe0fc686c071e7ac0af0807a3041b7014c3d083de95f17dfdbe37de3e,VALID,1.0,,1,2026-08-14T02:30:00+05:30
f777fbd895264d3a82db5092474620ef,backfill-20260906-213201,simulator,DEL,BOM,DEL-BOM,2026-08-29,2026-08-14,2026-08-14T02:30:00+05:30,6E,6E782,ECONOMY,,15,4012,1051,0,5063,INR,,,,0255d1195ab65c6e0cc64337416f96d97e864d532089b521e611fbf72e56e800,VALID,1.0,,1,2026-08-14T02:30:00+05:30
c7539d4d35dc49c8a4641bb9756a844e,backfill-20260906-213201,simulator,DEL,BOM,DEL-BOM,2026-08-29,2026-08-14,2026-08-14T02:30:00+05:30,6E,6E972,ECONOMY,,15,3947,1047,0,4994,INR,,,,43dc87f286a95e59a3c9f4bb7ea76ba5f3caa41a338e3d7452c0e14adc73e0e4,VALID,1.0,,1,2026-08-14T02:30:00+05:30
c4beba6b03c14525bf2e68dec9d54f14,backfill-20260906-213201,simulator,DEL,BOM,DEL-BOM,2026-08-29,2026-08-14,2026-08-14T02:30:00+05:30,AI,AI675,ECONOMY,,15,4045,1052,0,5097,INR,,,,07b1d34a2bdfbade4e6edb345cca552006e1dbea2c1f91655c62816ee2beedbf,VALID,1.0,,1,2026-08-14T02:30:00+05:30
e61c441588354e3b95294876c304aa43,backfill-20260906-213201,simulator,DEL,BOM,DEL-BOM,2026-08-29,2026-08-14,2026-08-14T02:30:00+05:30,AI,AI649,ECONOMY,,15,4204,1060,0,5264,INR,,,,94ee6aa38cfcaffa0555970b015588bfaa3f04eb1f7addfa212eb2e3a7131812,VALID,1.0,,1,2026-08-14T02:30:00+05:30
3c9a8ccb21424aff9dcb383644b1273b,backfill-20260906-213201,simulator,DEL,BOM,DEL-BOM,2026-08-29,2026-08-14,2026-08-14T02:30:00+05:30,QP,QP226,ECONOMY,,15,5038,1102,0,6140,INR,,,,9bd8345316b8efbc0d5541e7677429c6063fe482a1f19b9c8fc974531bd6a828,VALID,1.0,,1,2026-08-14T02:30:00+05:30
2edfbb13bdfb45efb20d8315e3fe55c6,backfill-20260906-213201,simulator,DEL,BOM,DEL-BOM,2026-08-29,2026-08-14,2026-08-14T02:30:00+05:30,SG,SG273,ECONOMY,,15,3824,1041,0,4865,INR,,,,2398af0965273b59a591ffbef9b8005adbf0e0458b9d45d6014971fdc5b9fcb9,VALID,1.0,,1,2026-08-14T02:30:00+05:30
5c9fe7d97e3744668deceaecc48329dd,backfill-20260906-213201,simulator,DEL,BOM,DEL-BOM,2026-09-13,2026-08-14,2026-08-14T02:30:00+05:30,6E,6E967,ECONOMY,,30,4434,1072,0,5506,INR,,,,8e1595258e72b63e2eeb440c63d99422e15d918b2486d7f2ec39fade45fdaab1,VALID,1.0,,1,2026-08-14T02:30:00+05:30
b7d3d21f0ac1483e89bcb2ecb38f3b47,backfill-20260906-213201,simulator,DEL,BOM,DEL-BOM,2026-09-13,2026-08-14,2026-08-14T02:30:00+05:30,6E,6E529,ECONOMY,,30,4070,1053,0,5123,INR,,,,919639471147d09af15a0fdb47dd1948e1de88dce50bd44e4f0045386cb4d5c7,VALID,1.0,,1,2026-08-14T02:30:00+05:30
522229fe65344f72ad3b9cfaa75aee9a,backfill-20260906-213201,simulator,DEL,BOM,DEL-BOM,2026-09-13,2026-08-14,2026-08-14T02:30:00+05:30,6E,6E422,ECONOMY,,30,4132,1057,0,5189,INR,,,,41c127870ad8318c9f2e45ba5d05d933f998dbdbe21e1d052d3c075b6864d9d5,VALID,1.0,,1,2026-08-14T02:30:00+05:30
00c543464e984fe793a48d44743cd3d8,backfill-20260906-213201,simulator,DEL,BOM,DEL-BOM,2026-09-13,2026-08-14,2026-08-14T02:30:00+05:30,AI,AI509,ECONOMY,,30,4397,1070,0,5467,INR,,,,72a7a8dcd425e7ce849a1644454c68feeba112187bf0c68d5330ad52bef0e963,VALID,1.0,,1,2026-08-14T02:30:00+05:30
0f8c0c87892d48c18030e66658b2b377,backfill-20260906-213201,simulator,DEL,BOM,DEL-BOM,2026-09-13,2026-08-14,2026-08-14T02:30:00+05:30,AI,AI728,ECONOMY,,30,4608,1080,0,5688,INR,,,,acf61b2fe50a76c90c7b7c2b0f96acc79f32911a2886dddb08297a3b8ea09f77,VALID,1.0,,1,2026-08-14T02:30:00+05:30
20af43bd937a435790a9061ce5738fe5,backfill-20260906-213201,simulator,DEL,BOM,DEL-BOM,2026-09-13,2026-08-14,2026-08-14T02:30:00+05:30,QP,QP725,ECONOMY,,30,4097,1055,0,5152,INR,,,,890e1d79bdd8dc6dc77e18bec489948b8ceb51583a4f691d7027a91427e61bc0,VALID,1.0,,1,2026-08-14T02:30:00+05:30
de4dcb31c5a74349b98edfa30c9bfa7a,backfill-20260906-213201,simulator,DEL,BOM,DEL-BOM,2026-09-13,2026-08-14,2026-08-14T02:30:00+05:30,SG,SG229,ECONOMY,,30,3929,1046,0,4975,INR,,,,84782601fb59d9bcb0be664e04ec2942b2913c6dd78a44d4d02cd7e964f09296,VALID,1.0,,1,2026-08-14T02:30:00+05:30
63896df0a5144a6b9cfbcf32260ca4a0,backfill-20260906-213201,simulator,DEL,BOM,DEL-BOM,2026-09-28,2026-08-14,2026-08-14T02:30:00+05:30,6E,6E873,ECONOMY,,45,3264,1013,0,4277,INR,,,,e17eef8d56455b1b9888f36b2c254fabd0267eda1a7084d9dd8327837ca64068,VALID,1.0,,1,2026-08-14T02:30:00+05:30
89e7f30634644bdc8716b25b2a7c7f23,backfill-20260906-213201,simulator,DEL,BOM,DEL-BOM,2026-09-28,2026-08-14,2026-08-14T02:30:00+05:30,6E,6E674,ECONOMY,,45,3589,1029,0,4618,INR,,,,439492d54281e73b6fe2ede753fd98d51576d8ec4377313aec079ac0bbb3cf94,VALID,1.0,,1,2026-08-14T02:30:00+05:30
a5051afac06c4975bb2327030d3cae87,backfill-20260906-213201,simulator,DEL,BOM,DEL-BOM,2026-09-28,2026-08-14,2026-08-14T02:30:00+05:30,6E,6E737,ECONOMY,,45,3230,1011,0,4241,INR,,,,51f0df54858606a7e8709ab0b734f13036b6c42e2bdc2dcdba7f9e0b46625d05,VALID,1.0,,1,2026-08-14T02:30:00+05:30
9c1c1ff818324cbdb67049310bb9c70f,backfill-20260906-213201,simulator,DEL,BOM,DEL-BOM,2026-09-28,2026-08-14,2026-08-14T02:30:00+05:30,AI,AI303,ECONOMY,,45,3557,1028,0,4585,INR,,,,dab1c3f9872cdf5aff5ed9723513a69648d7041784b6ef8b4b745369b0c01fcb,VALID,1.0,,1,2026-08-14T02:30:00+05:30
27bf22296338456fbfb4636bbfd04b2d,backfill-20260906-213201,simulator,DEL,BOM,DEL-BOM,2026-09-28,2026-08-14,2026-08-14T02:30:00+05:30,AI,AI802,ECONOMY,,45,4341,1067,0,5408,INR,,,,b9286c183489432b70de9729df3b3fdb1dbcbe4c21273c9e50e71f63013fd648,VALID,1.0,,1,2026-08-14T02:30:00+05:30
480687b4611a4d498d908058fa5b44a3,backfill-20260906-213201,simulator,DEL,BOM,DEL-BOM,2026-09-28,2026-08-14,2026-08-14T02:30:00+05:30,QP,QP329,ECONOMY,,45,2896,995,0,3891,INR,,,,45f05218481c6bf21e54b9e22ada453de3127d0851670e942c1ff2b813ce14f9,VALID,1.0,,1,2026-08-14T02:30:00+05:30
6b72e81aa482427c9ac677f73039fd38,backfill-20260906-213201,simulator,DEL,BOM,DEL-BOM,2026-09-28,2026-08-14,2026-08-14T02:30:00+05:30,SG,SG451,ECONOMY,,45,3189,1009,0,4198,INR,,,,0b179ccd550a6c2c186a77e2103a718b3763bb4ef720cf40ad270e2ba0d06e0d,VALID,1.0,,1,2026-08-14T02:30:00+05:30
9a847441d58d49a7b8e6d620e62a8ba3,backfill-20260906-213201,simulator,DEL,BLR,DEL-BLR,2026-08-15,2026-08-14,2026-08-14T02:30:00+05:30,6E,6E702,ECONOMY,,1,9147,1307,0,10454,INR,,,,50f9453d9020e8cdf9c948515fd1b471eea6c46ac8a116ecc6d787da80ba626b,VALID,1.0,,1,2026-08-14T02:30:00+05:30
1b3f3aa6436346b688652fc545d6ea87,backfill-20260906-213201,simulator,DEL,BLR,DEL-BLR,2026-08-15,2026-08-14,2026-08-14T02:30:00+05:30,6E,6E354,ECONOMY,,1,9329,1316,0,10645,INR,,,,40b8b86f75b338acf1c9e84df0cef08d71ec323d52c36e6283073f70866975e3,VALID,1.0,,1,2026-08-14T02:30:00+05:30
bb4ffe22f55943209fd4c2b2222ebf1f,backfill-20260906-213201,simulator,DEL,BLR,DEL-BLR,2026-08-15,2026-08-14,2026-08-14T02:30:00+05:30,6E,6E754,ECONOMY,,1,10378,1369,0,11747,INR,,,,ba48435f47475b291aa50e4c8de62bb94293cb8d70d737c1bd68dce5ccbd1329,VALID,1.0,,1,2026-08-14T02:30:00+05:30
34bb71a00ae042a096e4aaf6be5f132a,backfill-20260906-213201,simulator,DEL,BLR,DEL-BLR,2026-08-15,2026-08-14,2026-08-14T02:30:00+05:30,AI,AI805,ECONOMY,,1,10014,1351,0,11365,INR,,,,35836c0000f64f73ab88ff54fa396068c71a21aaf2d5ea876110d9e87910f268,VALID,1.0,,1,2026-08-14T02:30:00+05:30
2587f82737124923a34bd4bea72f5259,backfill-20260906-213201,simulator,DEL,BLR,DEL-BLR,2026-08-15,2026-08-14,2026-08-14T02:30:00+05:30,AI,AI767,ECONOMY,,1,9306,1315,0,10621,INR,,,,801e9bd6450a46ac8f79b40a7c9dca3dc3d0aac91949acd034ef950958f21820,VALID,1.0,,1,2026-08-14T02:30:00+05:30
3752886a31304b858e76b64495c7b4fc,backfill-20260906-213201,simulator,DEL,BLR,DEL-BLR,2026-08-15,2026-08-14,2026-08-14T02:30:00+05:30,QP,QP863,ECONOMY,,1,8462,1273,0,9735,INR,,,,c6a21dd32098b9e8436be0b7f31e42a84d11c579289942a610f9eea201edc557,VALID,1.0,,1,2026-08-14T02:30:00+05:30
d4e9fad6e904405b8f423dba5096eac4,backfill-20260906-213201,simulator,DEL,BLR,DEL-BLR,2026-08-21,2026-08-14,2026-08-14T02:30:00+05:30,6E,6E777,ECONOMY,,7,6614,1181,0,7795,INR,,,,6f36ac86b29539de034e5b7cbf14206dc00b4b618581c57f434f2fa9f4684405,VALID,1.0,,1,2026-08-14T02:30:00+05:30
9eaf02f7756548ffbe1f6d0ab3b120d8,backfill-20260906-213201,simulator,DEL,BLR,DEL-BLR,2026-08-21,2026-08-14,2026-08-14T02:30:00+05:30,6E,6E926,ECONOMY,,7,7141,1207,0,8348,INR,,,,ce7647cac4c04937d44b58d0d519447329cb85d21bf5f2f8818f3231b28654a1,VALID,1.0,,1,2026-08-14T02:30:00+05:30
2eee7f6f90f14c689fae0a895027ec71,backfill-20260906-213201,simulator,DEL,BLR,DEL-BLR,2026-08-21,2026-08-14,2026-08-14T02:30:00+05:30,6E,6E808,ECONOMY,,7,6201,1160,0,7361,INR,,,,d157ad3d6b96f95d0e9ce267a2421d663b1946794e849b3a05dd99a35c297cd1,VALID,1.0,,1,2026-08-14T02:30:00+05:30
9c6727b757854eb08e8d942d65f1ee6f,backfill-20260906-213201,simulator,DEL,BLR,DEL-BLR,2026-08-21,2026-08-14,2026-08-14T02:30:00+05:30,AI,AI215,ECONOMY,,7,7618,1231,0,8849,INR,,,,e40ecb3aa053c8d80343fe160a22cb99e9a3702694b711a36632d0f2aff5efa0,VALID,1.0,,1,2026-08-14T02:30:00+05:30
55df012b0f914ea38753bf221357581d,backfill-20260906-213201,simulator,DEL,BLR,DEL-BLR,2026-08-21,2026-08-14,2026-08-14T02:30:00+05:30,AI,AI388,ECONOMY,,7,8227,1261,0,9488,INR,,,,be3cedbb094a2c075874273f4e6b1189014a48ce9fc8a009d61219484b7d56d1,VALID,1.0,,1,2026-08-14T02:30:00+05:30
81e05595d4eb41d990e875051d703820,backfill-20260906-213201,simulator,DEL,BLR,DEL-BLR,2026-08-21,2026-08-14,2026-08-14T02:30:00+05:30,QP,QP669,ECONOMY,,7,6384,1169,0,7553,INR,,,,aa55f5f0b829b68c6f0c6f4149732f426f3415b9b6a409f55b2458d8d2026c0c,VALID,1.0,,1,2026-08-14T02:30:00+05:30
0da478efa4514ded8bb652e47e935bd6,backfill-20260906-213201,simulator,DEL,BLR,DEL-BLR,2026-08-21,2026-08-14,2026-08-14T02:30:00+05:30,SG,SG684,ECONOMY,,7,6053,1153,0,7206,INR,,,,cdf510be61d97a5d7c9a465327a442c113b48def5324a603d3be7e74fbf39f96,VALID,1.0,,1,2026-08-14T02:30:00+05:30
28522b9bd4a247198f960d042f939214,backfill-20260906-213201,simulator,DEL,BLR,DEL-BLR,2026-08-29,2026-08-14,2026-08-14T02:30:00+05:30,6E,6.00E+245,ECONOMY,,15,4666,1083,0,5749,INR,,,,99de98705b2faecc3cf006b1c1de847eca66c4deffc4a1f1a5081c682e6c2b27,VALID,1.0,,1,2026-08-14T02:30:00+05:30
646094815e614a48bc81d359773067cb,backfill-20260906-213201,simulator,DEL,BLR,DEL-BLR,2026-08-29,2026-08-14,2026-08-14T02:30:00+05:30,6E,6E323,ECONOMY,,15,4712,1086,0,5798,INR,,,,e91a5473c9bc5778754ad3f5695c0e3c58a56ccd2e84fa7281ecd255310b2905,VALID,1.0,,1,2026-08-14T02:30:00+05:30
5a36d7d3c71b4386aef102f1a602aeee,backfill-20260906-213201,simulator,DEL,BLR,DEL-BLR,2026-08-29,2026-08-14,2026-08-14T02:30:00+05:30,6E,6.00E+218,ECONOMY,,15,5001,1100,0,6101,INR,,,,51e2aa53a0f7a193484b21d7e19b337cb70a99bdbc263fd5cb339307065b9cc1,VALID,1.0,,1,2026-08-14T02:30:00+05:30
d410699b8c4d45699b8d1d82640f4c23,backfill-20260906-213201,simulator,DEL,BLR,DEL-BLR,2026-08-29,2026-08-14,2026-08-14T02:30:00+05:30,AI,AI979,ECONOMY,,15,4911,1096,0,6007,INR,,,,b2a6eca4a91390fb8746d71d277c93d2a3dc658d6c557269916646ac3288457e,VALID,1.0,,1,2026-08-14T02:30:00+05:30
a52bfe65aac243ada410b35fb8494549,backfill-20260906-213201,simulator,DEL,BLR,DEL-BLR,2026-08-29,2026-08-14,2026-08-14T02:30:00+05:30,AI,AI475,ECONOMY,,15,5003,1100,0,6103,INR,,,,d7e166113c0ee73b93b3aa82fcb4c026f0073b04db8e902f8940e36fb71edc8d,VALID,1.0,,1,2026-08-14T02:30:00+05:30
96736887edc64e57aa2971dc62e21b27,backfill-20260906-213201,simulator,DEL,BLR,DEL-BLR,2026-08-29,2026-08-14,2026-08-14T02:30:00+05:30,QP,QP350,ECONOMY,,15,4150,1057,0,5207,INR,,,,de48b7a8a3a4312bc4854e9b55808b745fd9da859b4ad9a2062d252abcc7d58b,VALID,1.0,,1,2026-08-14T02:30:00+05:30
695953696c6d4bd0b08dd825c025442b,backfill-20260906-213201,simulator,DEL,BLR,DEL-BLR,2026-08-29,2026-08-14,2026-08-14T02:30:00+05:30,SG,SG919,ECONOMY,,15,4202,1060,0,5262,INR,,,,fc2407c204a88863c0670ab3ca9f59d0a81008320ef9b04c095922fe161e5ae6,VALID,1.0,,1,2026-08-14T02:30:00+05:30
0a78f638c62040d9991a8e3d1074a99a,backfill-20260906-213201,simulator,DEL,BLR,DEL-BLR,2026-09-13,2026-08-14,2026-08-14T02:30:00+05:30,6E,6E933,ECONOMY,,30,4829,1091,0,5920,INR,,,,165c8d9a582d85b253055bb88c9b3937612ecf555c2600e2cc8119ed518c2bd4,VALID,1.0,,1,2026-08-14T02:30:00+05:30
aae4d4628fc6470ba41a1b7b71ab387d,backfill-20260906-213201,simulator,DEL,BLR,DEL-BLR,2026-09-13,2026-08-14,2026-08-14T02:30:00+05:30,6E,6E498,ECONOMY,,30,5181,1109,0,6290,INR,,,,6ef4335cf5c1d5da698f62cc00141776121735d6c777d406d2c5f92a0aa4d491,VALID,1.0,,1,2026-08-14T02:30:00+05:30
d4698178230844bdab4d3f7cb3a50d75,backfill-20260906-213201,simulator,DEL,BLR,DEL-BLR,2026-09-13,2026-08-14,2026-08-14T02:30:00+05:30,6E,6E784,ECONOMY,,30,4730,1087,0,5817,INR,,,,9e6f5b44fddb657eec6d9ffb5cc9dfecd6c474e190471c7308b893626faec158,VALID,1.0,,1,2026-08-14T02:30:00+05:30
ec5cce4db09a47ef800c76ea127c9036,backfill-20260906-213201,simulator,DEL,BLR,DEL-BLR,2026-09-13,2026-08-14,2026-08-14T02:30:00+05:30,AI,AI640,ECONOMY,,30,5880,1144,0,7024,INR,,,,01d52d499813e37e07d2ba9664bd966372bb90876caa50593a66ae6699bd125c,VALID,1.0,,1,2026-08-14T02:30:00+05:30
28a7c8706edf47f78b9e9353ba454d53,backfill-20260906-213201,simulator,DEL,BLR,DEL-BLR,2026-09-13,2026-08-14,2026-08-14T02:30:00+05:30,AI,AI425,ECONOMY,,30,5339,1117,0,6456,INR,,,,bcd438ea31ca3b3744d72f996e7083af03e9027f987f660506412111dc0050ab,VALID,1.0,,1,2026-08-14T02:30:00+05:30
697a7726fd2449a09366bc71d489db15,backfill-20260906-213201,simulator,DEL,BLR,DEL-BLR,2026-09-13,2026-08-14,2026-08-14T02:30:00+05:30,QP,QP347,ECONOMY,,30,4330,1067,0,5397,INR,,,,5fb664dec47a245a55b5edfbced799fa32df4d9caa3b74410bc19dc8e6f77946,VALID,1.0,,1,2026-08-14T02:30:00+05:30
97ddc4ee1e8e4981a3d0303f46182b14,backfill-20260906-213201,simulator,DEL,BLR,DEL-BLR,2026-09-13,2026-08-14,2026-08-14T02:30:00+05:30,SG,SG537,ECONOMY,,30,4053,1053,0,5106,INR,,,,a1a9819bb0ddfa3b4993656ff0ba9437f156a389db0e7aa437ac02b7d0e0d9d7,VALID,1.0,,1,2026-08-14T02:30:00+05:30
7af643f922d743b9ab9471b762cd6d02,backfill-20260906-213201,simulator,DEL,BLR,DEL-BLR,2026-09-28,2026-08-14,2026-08-14T02:30:00+05:30,6E,6E409,ECONOMY,,45,4252,1063,0,5315,INR,,,,06e65d6fe8c9627d1ca2e5a7be4b61fa02dc70d3e556a13bab86a7becd88d741,VALID,1.0,,1,2026-08-14T02:30:00+05:30
12289e69ca674e09a34610b41002cd23,backfill-20260906-213201,simulator,DEL,BLR,DEL-BLR,2026-09-28,2026-08-14,2026-08-14T02:30:00+05:30,6E,6E886,ECONOMY,,45,3493,1025,0,4518,INR,,,,15a3d1ddb11cbc8fd368edd1cb32293ed37754638aad97bf4355c5427bf07415,VALID,1.0,,1,2026-08-14T02:30:00+05:30
be03ab3871734a868360e742607c0b00,backfill-20260906-213201,simulator,DEL,BLR,DEL-BLR,2026-09-28,2026-08-14,2026-08-14T02:30:00+05:30,6E,6E779,ECONOMY,,45,4230,1061,0,5291,INR,,,,b61ccfd9d70b356f43cdc86c7bf8ba9d4224b8a732b6e54d0bde67ec98ce2ff8,VALID,1.0,,1,2026-08-14T02:30:00+05:30
f9e0b5f4fc6e420e98a62ab8edf3b4e1,backfill-20260906-213201,simulator,DEL,BLR,DEL-BLR,2026-09-28,2026-08-14,2026-08-14T02:30:00+05:30,AI,AI654,ECONOMY,,45,3872,1044,0,4916,INR,,,,05603f64430a34a28c58f7d95d9c2281ef6751fa4f3284d1ee7eace1770fd461,VALID,1.0,,1,2026-08-14T02:30:00+05:30
a4eec145b22146cb98bc0d235f477638,backfill-20260906-213201,simulator,DEL,BLR,DEL-BLR,2026-09-28,2026-08-14,2026-08-14T02:30:00+05:30,AI,AI343,ECONOMY,,45,3970,1048,0,5018,INR,,,,aff934bdc6a751762cc87a1473cca9c97266df334be100bf0278bc3ea48465c0,VALID,1.0,,1,2026-08-14T02:30:00+05:30
2a3b71c4bfb5439fb8939f088f02c6e0,backfill-20260906-213201,simulator,DEL,BLR,DEL-BLR,2026-09-28,2026-08-14,2026-08-14T02:30:00+05:30,QP,QP381,ECONOMY,,45,2943,997,0,3940,INR,,,,ee8aa045f425936b0e0093d001f11e6ac3f536980de01014899932368a110ada,VALID,1.0,,1,2026-08-14T02:30:00+05:30
854c1235223f43aa8a5521805b855895,backfill-20260906-213201,simulator,DEL,BLR,DEL-BLR,2026-09-28,2026-08-14,2026-08-14T02:30:00+05:30,SG,SG261,ECONOMY,,45,3217,1011,0,4228,INR,,,,644801d620ad390d767cdd7ae47e9b2d1b6697e80c7ca8c770272cee9475b4b3,VALID,1.0,,1,2026-08-14T02:30:00+05:30
d751f51f138c4b46ba88587782aced4a,backfill-20260906-213201,simulator,DEL,BOM,DEL-BOM,2026-08-16,2026-08-15,2026-08-15T02:30:00+05:30,6E,6E356,ECONOMY,,1,9340,1317,0,10657,INR,,,,21ec7dc8f43350b7f4ce6d3923cc569868091500f210822e50786136e50eda5f,VALID,1.0,,1,2026-08-15T02:30:00+05:30
eb571a8e0c7b46729bc0cb65e23f7130,backfill-20260906-213201,simulator,DEL,BOM,DEL-BOM,2026-08-16,2026-08-15,2026-08-15T02:30:00+05:30,6E,6E389,ECONOMY,,1,10180,1359,0,11539,INR,,,,fef0f29c173d7866840b543335099b554138e629f8bcb36a866da2c507497067,VALID,1.0,,1,2026-08-15T02:30:00+05:30
6a31f9bb7cde45faa85c4e39e48776c8,backfill-20260906-213201,simulator,DEL,BOM,DEL-BOM,2026-08-16,2026-08-15,2026-08-15T02:30:00+05:30,AI,AI691,ECONOMY,,1,9565,1328,0,10893,INR,,,,8dcdc672f9477b8019c77dcee808d56a39a4a0228dd417409f48d93446c5761f,VALID,1.0,,1,2026-08-15T02:30:00+05:30
84ae4a258a064f42b0695a1869666b4e,backfill-20260906-213201,simulator,DEL,BOM,DEL-BOM,2026-08-16,2026-08-15,2026-08-15T02:30:00+05:30,QP,QP742,ECONOMY,,1,9543,1327,0,10870,INR,,,,338d12d0bdd2fd3b84c914918e8265b7a7f4480fbc983d5d146241d6613047d1,VALID,1.0,,1,2026-08-15T02:30:00+05:30
e9c0330078454ec482b84e8a7a1c1998,backfill-20260906-213201,simulator,DEL,BOM,DEL-BOM,2026-08-16,2026-08-15,2026-08-15T02:30:00+05:30,SG,SG747,ECONOMY,,1,10310,1365,0,11675,INR,,,,139948ce24a73e4b34edc0f4efdd375390ffa889b09326415c9b5527f9e647e7,VALID,1.0,,1,2026-08-15T02:30:00+05:30
1a9b9917a84840e98269a5ab89c751db,backfill-20260906-213201,simulator,DEL,BOM,DEL-BOM,2026-08-22,2026-08-15,2026-08-15T02:30:00+05:30,6E,6E339,ECONOMY,,7,5972,1149,0,7121,INR,,,,52ec35b554aa4af0e179905ed863b44225a5d380b94ae31ab95afa3b1ddd5378,VALID,1.0,,1,2026-08-15T02:30:00+05:30
2d723b35455f47a58c0ff134ec7c770d,backfill-20260906-213201,simulator,DEL,BOM,DEL-BOM,2026-08-22,2026-08-15,2026-08-15T02:30:00+05:30,6E,6.00E+288,ECONOMY,,7,4979,1099,0,6078,INR,,,,159e4f69d9104c36ef0ee08b183775e4edfa364b9dd1e0767eea631f248662d2,VALID,1.0,,1,2026-08-15T02:30:00+05:30
54d8547c6ee74d39815b7a855ef39d31,backfill-20260906-213201,simulator,DEL,BOM,DEL-BOM,2026-08-22,2026-08-15,2026-08-15T02:30:00+05:30,6E,6E625,ECONOMY,,7,5348,1117,0,6465,INR,,,,67cb5adea2c15f60baa7763e7d490b70a2a85a76d1b1380138449ed523eed413,VALID,1.0,,1,2026-08-15T02:30:00+05:30
42c4de355b2e45b4b89dddcdbe844ae3,backfill-20260906-213201,simulator,DEL,BOM,DEL-BOM,2026-08-22,2026-08-15,2026-08-15T02:30:00+05:30,AI,AI903,ECONOMY,,7,5541,1127,0,6668,INR,,,,3164862c750c84fe15f645a5af315b46adec2b23847e580ac601cd33b80c691a,VALID,1.0,,1,2026-08-15T02:30:00+05:30
7add2566d5a843d6b5c6dd07c5416b0a,backfill-20260906-213201,simulator,DEL,BOM,DEL-BOM,2026-08-22,2026-08-15,2026-08-15T02:30:00+05:30,AI,AI373,ECONOMY,,7,5580,1129,0,6709,INR,,,,2f1b8f89faccd536b522c923c3662f40f24c96eb419dc513d583f0183c690927,VALID,1.0,,1,2026-08-15T02:30:00+05:30
4903504555c8495f9014ac5b6e0212bd,backfill-20260906-213201,simulator,DEL,BOM,DEL-BOM,2026-08-22,2026-08-15,2026-08-15T02:30:00+05:30,QP,QP843,ECONOMY,,7,5322,1116,0,6438,INR,,,,31dab4ddd4f505c0c57c692a4b26cd094134fb5c457211275556898e3e113aeb,VALID,1.0,,1,2026-08-15T02:30:00+05:30
d466e91d776043c3a22cd9c0b20651a5,backfill-20260906-213201,simulator,DEL,BOM,DEL-BOM,2026-08-22,2026-08-15,2026-08-15T02:30:00+05:30,SG,SG965,ECONOMY,,7,4683,1084,0,5767,INR,,,,2cb03267d99a06841f643355009715ef05d079c2a50f9af168c0b5c63ca9be61,VALID,1.0,,1,2026-08-15T02:30:00+05:30
f2e73da2bbfc4cd38d46e95c6fab666f,backfill-20260906-213201,simulator,DEL,BOM,DEL-BOM,2026-08-30,2026-08-15,2026-08-15T02:30:00+05:30,6E,6E324,ECONOMY,,15,5012,1101,0,6113,INR,,,,81e32b31c900c1fe7f36ae227c7f86db2dedc5c5f8042dd3fe65a193b70ab02d,VALID,1.0,,1,2026-08-15T02:30:00+05:30
e76928f2b2c44b1fae85cb2be9045f42,backfill-20260906-213201,simulator,DEL,BOM,DEL-BOM,2026-08-30,2026-08-15,2026-08-15T02:30:00+05:30,6E,6.00E+260,ECONOMY,,15,4180,1059,0,5239,INR,,,,1ca9d894e27bc5e518cf07dfc883aae7deebf1b9ec9375f62836861d734f6d05,VALID,1.0,,1,2026-08-15T02:30:00+05:30
a81089f947c34ce7b86f1044c59c8af0,backfill-20260906-213201,simulator,DEL,BOM,DEL-BOM,2026-08-30,2026-08-15,2026-08-15T02:30:00+05:30,6E,6E318,ECONOMY,,15,4284,1064,0,5348,INR,,,,b087231f54a1b5c50033d721e40725d34f9a3ac83da57ef72bf3ca2ddc839af0,VALID,1.0,,1,2026-08-15T02:30:00+05:30
4a4563169246413890111e1e889af1e7,backfill-20260906-213201,simulator,DEL,BOM,DEL-BOM,2026-08-30,2026-08-15,2026-08-15T02:30:00+05:30,AI,AI242,ECONOMY,,15,5191,1110,0,6301,INR,,,,4c8075d1e607679427fed93c6fb27ec9bfbc7ef72781ead4fd4f837d5e2fff68,VALID,1.0,,1,2026-08-15T02:30:00+05:30
5262059318a14ba0aca968ec26815e1f,backfill-20260906-213201,simulator,DEL,BOM,DEL-BOM,2026-08-30,2026-08-15,2026-08-15T02:30:00+05:30,AI,AI665,ECONOMY,,15,5225,1111,0,6336,INR,,,,43fb4f28c56779461015ddf3ecb7a86970a9dd7a6d3feef972eb306f3e2a6ea3,VALID,1.0,,1,2026-08-15T02:30:00+05:30
a64f224e90ac4d77a81d7e2190ac7e9f,backfill-20260906-213201,simulator,DEL,BOM,DEL-BOM,2026-08-30,2026-08-15,2026-08-15T02:30:00+05:30,QP,QP604,ECONOMY,,15,4503,1075,0,5578,INR,,,,cb80c7cd065aaa04c2e5ea2675d2ae39b4692e195972bcb46fcf10b254d8fc5c,VALID,1.0,,1,2026-08-15T02:30:00+05:30
7114f5f5b2a14905ba2db7bb0e069812,backfill-20260906-213201,simulator,DEL,BOM,DEL-BOM,2026-08-30,2026-08-15,2026-08-15T02:30:00+05:30,SG,SG256,ECONOMY,,15,5170,1108,0,6278,INR,,,,d97a6063a2a551972fd628a6ab73af2f28340d83a2757ece4abb70e4db3afce7,VALID,1.0,,1,2026-08-15T02:30:00+05:30
04510e6c56a2411a80561dabf61af04e,backfill-20260906-213201,simulator,DEL,BOM,DEL-BOM,2026-09-14,2026-08-15,2026-08-15T02:30:00+05:30,6E,6E473,ECONOMY,,30,3697,1035,0,4732,INR,,,,da9aea7eb937553b137c469cc1f66c2ea6ba667923ecc895342787ffedfdfb42,VALID,1.0,,1,2026-08-15T02:30:00+05:30
03084e4aca7f43dead7ac8eca9ae519e,backfill-20260906-213201,simulator,DEL,BOM,DEL-BOM,2026-09-14,2026-08-15,2026-08-15T02:30:00+05:30,6E,6E362,ECONOMY,,30,3503,1025,0,4528,INR,,,,8ae79bbfb71358cd354a3a8363be5c1607a35a453ac4dea7d594c42458ef7628,VALID,1.0,,1,2026-08-15T02:30:00+05:30
0ae7ade839f14b07bec530c09053a100,backfill-20260906-213201,simulator,DEL,BOM,DEL-BOM,2026-09-14,2026-08-15,2026-08-15T02:30:00+05:30,6E,6E805,ECONOMY,,30,4251,1063,0,5314,INR,,,,13e1ed0395b9514d9ec271e0a25fb4d8682114375106c9c7ad8b96fc41d96c2a,VALID,1.0,,1,2026-08-15T02:30:00+05:30
4734b5b31db04392b7932940178f6b41,backfill-20260906-213201,simulator,DEL,BOM,DEL-BOM,2026-09-14,2026-08-15,2026-08-15T02:30:00+05:30,AI,AI319,ECONOMY,,30,3629,1031,0,4660,INR,,,,dd4d9a7f767fcb65ff0b2d1285c55f61ecfe421901e2c14fef9710ba5ae6e7e3,VALID,1.0,,1,2026-08-15T02:30:00+05:30
f4a8453193e74e51b20a635c2c0d5aca,backfill-20260906-213201,simulator,DEL,BOM,DEL-BOM,2026-09-14,2026-08-15,2026-08-15T02:30:00+05:30,AI,AI601,ECONOMY,,30,3790,1039,0,4829,INR,,,,5b3c2000f22d57c5f9a57dfda6bd814265a63f5add5384993c6a8f6c07e238ef,VALID,1.0,,1,2026-08-15T02:30:00+05:30
95b582ffee944b2b97cae4a0fa6c8631,backfill-20260906-213201,simulator,DEL,BOM,DEL-BOM,2026-09-14,2026-08-15,2026-08-15T02:30:00+05:30,QP,QP442,ECONOMY,,30,3090,1005,0,4095,INR,,,,841c313df780595b589b64a440bd4d76f10fd41b66b4b015d98fd45357eb2b47,VALID,1.0,,1,2026-08-15T02:30:00+05:30
7326fd1e326a473ba4dcaf65dacae83d,backfill-20260906-213201,simulator,DEL,BOM,DEL-BOM,2026-09-14,2026-08-15,2026-08-15T02:30:00+05:30,SG,SG420,ECONOMY,,30,3246,1012,0,4258,INR,,,,550cdbdde99728fbfa6036751aa6f87cb3f2c73045b40431e48879bd907e526d,VALID,1.0,,1,2026-08-15T02:30:00+05:30
ffc6f9707b4b4094998b9a96b14d06ee,backfill-20260906-213201,simulator,DEL,BOM,DEL-BOM,2026-09-29,2026-08-15,2026-08-15T02:30:00+05:30,6E,6.00E+295,ECONOMY,,45,3348,1017,0,4365,INR,,,,80269e950cfe427980190df23eefb06c188bb55e04ff92144b312f9fc4e9c9b1,VALID,1.0,,1,2026-08-15T02:30:00+05:30
4ba206df0e0a4a1ca2e555b44156e266,backfill-20260906-213201,simulator,DEL,BOM,DEL-BOM,2026-09-29,2026-08-15,2026-08-15T02:30:00+05:30,6E,6E813,ECONOMY,,45,2707,985,0,3692,INR,,,,61446dc9c33ac5c854d44e6e5a9ce7382656e91d216809f39dff13bc11d5dce0,VALID,1.0,,1,2026-08-15T02:30:00+05:30
3ac69d247d0349399297a1f4556be1e8,backfill-20260906-213201,simulator,DEL,BOM,DEL-BOM,2026-09-29,2026-08-15,2026-08-15T02:30:00+05:30,6E,6E328,ECONOMY,,45,3246,1012,0,4258,INR,,,,d43e911c57ef8c85951bcd935f576f4a32f1072d63ceedc72efb16c169bc7a59,VALID,1.0,,1,2026-08-15T02:30:00+05:30
28e960b11ce4410c84a456206e122efe,backfill-20260906-213201,simulator,DEL,BOM,DEL-BOM,2026-09-29,2026-08-15,2026-08-15T02:30:00+05:30,AI,AI993,ECONOMY,,45,3386,1019,0,4405,INR,,,,a7e753f69207715a95cdde81a4ff51460e7c4cf91e28e90fa6a0a1c6417c27e1,VALID,1.0,,1,2026-08-15T02:30:00+05:30
a580d33c6cc540e69ba0619e9bfe7c74,backfill-20260906-213201,simulator,DEL,BOM,DEL-BOM,2026-09-29,2026-08-15,2026-08-15T02:30:00+05:30,AI,AI487,ECONOMY,,45,3174,1009,0,4183,INR,,,,f195c1a79bb18c151e6389dc8c0ace6bae6c8df81be97152fa4748fcfe4c829b,VALID,1.0,,1,2026-08-15T02:30:00+05:30
aa541c74b186457ea3e185454ed6c462,backfill-20260906-213201,simulator,DEL,BOM,DEL-BOM,2026-09-29,2026-08-15,2026-08-15T02:30:00+05:30,QP,QP908,ECONOMY,,45,2830,992,0,3822,INR,,,,43c625f127946b8945b64edb33751a6615648b33a909640fa669ac87d2c0f29a,VALID,1.0,,1,2026-08-15T02:30:00+05:30
559d21de4dee4cc2b2687d927e3693a0,backfill-20260906-213201,simulator,DEL,BOM,DEL-BOM,2026-09-29,2026-08-15,2026-08-15T02:30:00+05:30,SG,SG710,ECONOMY,,45,2512,976,0,3488,INR,,,,20b1c5751ceb392e0000749904a4b6d9973e5825c64af0ae544a51ff8d9f495a,VALID,1.0,,1,2026-08-15T02:30:00+05:30
00c24442c2524feda9832a27fb9eaa60,backfill-20260906-213201,simulator,DEL,BLR,DEL-BLR,2026-08-16,2026-08-15,2026-08-15T02:30:00+05:30,6E,6E808,ECONOMY,,1,10390,1369,0,11759,INR,,,,9f7dc382650dd918e56a3fd9533eea0e9402207b5b00198ef883a858d226c6bf,VALID,1.0,,1,2026-08-15T02:30:00+05:30
00b226ffb29a4eab9180f9b31e49579a,backfill-20260906-213201,simulator,DEL,BLR,DEL-BLR,2026-08-16,2026-08-15,2026-08-15T02:30:00+05:30,6E,6E685,ECONOMY,,1,11192,1410,0,12602,INR,,,,0c456c2df63404f6aeb6755c9fc6d93b86fbd41d2162864f8faf3f697d5e15fb,VALID,1.0,,1,2026-08-15T02:30:00+05:30
d178d8d0980044b1b5be2670bfa4681f,backfill-20260906-213201,simulator,DEL,BLR,DEL-BLR,2026-08-16,2026-08-15,2026-08-15T02:30:00+05:30,6E,6E388,ECONOMY,,1,11077,1404,0,12481,INR,,,,93c582b9bbff5c36135cfb45b158460bac838ecffb4602797a9562482262c574,VALID,1.0,,1,2026-08-15T02:30:00+05:30
0e81f7705a83486193290f3ecab8b561,backfill-20260906-213201,simulator,DEL,BLR,DEL-BLR,2026-08-16,2026-08-15,2026-08-15T02:30:00+05:30,AI,AI529,ECONOMY,,1,12336,1467,0,13803,INR,,,,7a50b0f0eef0c57570995b05907b2b83a7ef40c1f62722d40a8a6a86bc218167,VALID,1.0,,1,2026-08-15T02:30:00+05:30
9dd594af68ed485c9c7b1f8755ba13de,backfill-20260906-213201,simulator,DEL,BLR,DEL-BLR,2026-08-16,2026-08-15,2026-08-15T02:30:00+05:30,AI,AI784,ECONOMY,,1,12708,1485,0,14193,INR,,,,bd50695348b7fd86b239b7a84f891300ba26e4caf5a170f2923844717bddd2d8,VALID,1.0,,1,2026-08-15T02:30:00+05:30
26908d96b9054301aca7411594be203a,backfill-20260906-213201,simulator,DEL,BLR,DEL-BLR,2026-08-16,2026-08-15,2026-08-15T02:30:00+05:30,QP,QP835,ECONOMY,,1,11782,1439,0,13221,INR,,,,6a502dd936045088b3b693cd4da72a43f83952adc27545181f685a45b46ce276,VALID,1.0,,1,2026-08-15T02:30:00+05:30
2237387ec24447efb467928742460032,backfill-20260906-213201,simulator,DEL,BLR,DEL-BLR,2026-08-16,2026-08-15,2026-08-15T02:30:00+05:30,SG,SG997,ECONOMY,,1,10266,1363,0,11629,INR,,,,14338442409b617bac158b014b197aded2a549ccecad8c47847c538c28c4da13,VALID,1.0,,1,2026-08-15T02:30:00+05:30
cfb3f3cc3dea41e69a9bb3f95e063a43,backfill-20260906-213201,simulator,DEL,BLR,DEL-BLR,2026-08-22,2026-08-15,2026-08-15T02:30:00+05:30,6E,6E531,ECONOMY,,7,5756,1138,0,6894,INR,,,,b29f9c601db3b77f058a677ac72013a7434d6b75bf615aee9c70f1d164e1e181,VALID,1.0,,1,2026-08-15T02:30:00+05:30
83eb4af6d4504cd29b531c7d388b2aa8,backfill-20260906-213201,simulator,DEL,BLR,DEL-BLR,2026-08-22,2026-08-15,2026-08-15T02:30:00+05:30,6E,6E360,ECONOMY,,7,7220,1211,0,8431,INR,,,,978ac6892710a72c7a3052e31df8f7c1a44dde044533dabb2a53d701add96125,VALID,1.0,,1,2026-08-15T02:30:00+05:30
bf30679c5a43439791a483271f17963a,backfill-20260906-213201,simulator,DEL,BLR,DEL-BLR,2026-08-22,2026-08-15,2026-08-15T02:30:00+05:30,6E,6E870,ECONOMY,,7,5802,1140,0,6942,INR,,,,07b41499db626200e4b843c92024544fd77074f467b1a8b3e730a0cd596e9195,VALID,1.0,,1,2026-08-15T02:30:00+05:30
6af21ec072aa4c6f81e422e81cac106f,backfill-20260906-213201,simulator,DEL,BLR,DEL-BLR,2026-08-22,2026-08-15,2026-08-15T02:30:00+05:30,AI,AI410,ECONOMY,,7,6593,1180,0,7773,INR,,,,fe1e3d47ae3e40f5eab5e314926c4a9847f57381d4948f39e64641e823854abe,VALID,1.0,,1,2026-08-15T02:30:00+05:30
44016aa6041a40c5ba2a41a9eb23382c,backfill-20260906-213201,simulator,DEL,BLR,DEL-BLR,2026-08-22,2026-08-15,2026-08-15T02:30:00+05:30,AI,AI616,ECONOMY,,7,6388,1169,0,7557,INR,,,,824dc38ff4db3aa7c944dac28177561e97dc18bca386cd47f7ba267eeb52af79,VALID,1.0,,1,2026-08-15T02:30:00+05:30
dfd99db146274cc0b10dcc33c8736066,backfill-20260906-213201,simulator,DEL,BLR,DEL-BLR,2026-08-22,2026-08-15,2026-08-15T02:30:00+05:30,QP,QP385,ECONOMY,,7,5777,1139,0,6916,INR,,,,d02aa3872bdbcaa7e88bd2ac4d4b9b76eee4da9796f72412770ce35be8c9c401,VALID,1.0,,1,2026-08-15T02:30:00+05:30
f2c1faedfb224945bb868e4f18da4207,backfill-20260906-213201,simulator,DEL,BLR,DEL-BLR,2026-08-22,2026-08-15,2026-08-15T02:30:00+05:30,SG,SG727,ECONOMY,,7,5915,1146,0,7061,INR,,,,d58e874e679e4a2d124cc4d163aafe577032925038f0a80f5c1a17632a93b189,VALID,1.0,,1,2026-08-15T02:30:00+05:30
7c14eac223f640568badff24496489eb,backfill-20260906-213201,simulator,DEL,BLR,DEL-BLR,2026-08-30,2026-08-15,2026-08-15T02:30:00+05:30,6E,6E687,ECONOMY,,15,4715,1086,0,5801,INR,,,,0d2232a183e8921ce53523b6cd794daef4736979debb268c061aa52d326d1dd4,VALID,1.0,,1,2026-08-15T02:30:00+05:30
00a2beee9a954ffd85d8bd7f921732c8,backfill-20260906-213201,simulator,DEL,BLR,DEL-BLR,2026-08-30,2026-08-15,2026-08-15T02:30:00+05:30,6E,6E438,ECONOMY,,15,5989,1149,0,7138,INR,,,,62ee4c046227bb6e9ec49065c377c372730005e9ac333a6f04960647ff13fecf,VALID,1.0,,1,2026-08-15T02:30:00+05:30
9a3e87798d4b4d9593684c1cc5160fe1,backfill-20260906-213201,simulator,DEL,BLR,DEL-BLR,2026-08-30,2026-08-15,2026-08-15T02:30:00+05:30,6E,6E802,ECONOMY,,15,6226,1161,0,7387,INR,,,,7cc218c20fee8d723ecffc479489b7cbffe0c01383fef2fe27cb038598846454,VALID,1.0,,1,2026-08-15T02:30:00+05:30
aeaa8e87c1fa469f83faf4f2a1fd8024,backfill-20260906-213201,simulator,DEL,BLR,DEL-BLR,2026-08-30,2026-08-15,2026-08-15T02:30:00+05:30,AI,AI479,ECONOMY,,15,4721,1086,0,5807,INR,,,,b5753cc437d807c5e8e4a7d425bad52bc3c70a4832163c6a7063dedbccd73696,VALID,1.0,,1,2026-08-15T02:30:00+05:30
b7d4d418d01d4a69bccdfaf6b814ddfa,backfill-20260906-213201,simulator,DEL,BLR,DEL-BLR,2026-08-30,2026-08-15,2026-08-15T02:30:00+05:30,AI,AI675,ECONOMY,,15,5390,1120,0,6510,INR,,,,3b9605a373f982ecb60be1b835de67b2b2019ea4248686744dfd339e34a4c3d1,VALID,1.0,,1,2026-08-15T02:30:00+05:30
0093c366639a455089afa1fbc29b85b5,backfill-20260906-213201,simulator,DEL,BLR,DEL-BLR,2026-08-30,2026-08-15,2026-08-15T02:30:00+05:30,QP,QP821,ECONOMY,,15,4822,1091,0,5913,INR,,,,3f2092d9991ba2e3158408b3ce92b185583f62dd864529b03c4e1c08c255278f,VALID,1.0,,1,2026-08-15T02:30:00+05:30
9cfb6dabc24140708477c05e2ad7cfda,backfill-20260906-213201,simulator,DEL,BLR,DEL-BLR,2026-08-30,2026-08-15,2026-08-15T02:30:00+05:30,SG,SG757,ECONOMY,,15,4858,1093,0,5951,INR,,,,d3a02856ba8b4716af46515f5c0cced3187f93b49be53c2ef0847472d46bcc67,VALID,1.0,,1,2026-08-15T02:30:00+05:30
c59b6450d6a34fd0ad9385e03d3bfaeb,backfill-20260906-213201,simulator,DEL,BLR,DEL-BLR,2026-09-14,2026-08-15,2026-08-15T02:30:00+05:30,6E,6E857,ECONOMY,,30,4421,1071,0,5492,INR,,,,3f5a72d549a630710d0f9645a370afc987cdce54b274dcc4b8822b9f50f08ac5,VALID,1.0,,1,2026-08-15T02:30:00+05:30
ca9f8f42ee1340f0b14bbce514215760,backfill-20260906-213201,simulator,DEL,BLR,DEL-BLR,2026-09-14,2026-08-15,2026-08-15T02:30:00+05:30,6E,6E889,ECONOMY,,30,4005,1050,0,5055,INR,,,,220a22eeff87494b86756efe977e4d6442fabe11b409989a197741a471959a6d,VALID,1.0,,1,2026-08-15T02:30:00+05:30
c0aa02cf2eec45a6ada33c4fbe259fe3,backfill-20260906-213201,simulator,DEL,BLR,DEL-BLR,2026-09-14,2026-08-15,2026-08-15T02:30:00+05:30,6E,6E878,ECONOMY,,30,4499,1075,0,5574,INR,,,,ad78e107fd0080f26f4382706e0fba373604be26aaba6401afda889f69b59414,VALID,1.0,,1,2026-08-15T02:30:00+05:30
068f0b2467e14d8f8ab36cc56cc6ebc4,backfill-20260906-213201,simulator,DEL,BLR,DEL-BLR,2026-09-14,2026-08-15,2026-08-15T02:30:00+05:30,AI,AI229,ECONOMY,,30,4205,1060,0,5265,INR,,,,109e640d03b2ce55fef29dade1448c6103760083506de3680ddcf068628ddb39,VALID,1.0,,1,2026-08-15T02:30:00+05:30
7f9c8f223a1f4bc696e613dbeb51f61f,backfill-20260906-213201,simulator,DEL,BLR,DEL-BLR,2026-09-14,2026-08-15,2026-08-15T02:30:00+05:30,AI,AI722,ECONOMY,,30,3940,1047,0,4987,INR,,,,4f8780b9fcc9ec4033183b2ec8e63a431c315db9300954b3ced0795a6164a555,VALID,1.0,,1,2026-08-15T02:30:00+05:30
f94096dd16d5420f9a17ecc98a54e5a4,backfill-20260906-213201,simulator,DEL,BLR,DEL-BLR,2026-09-14,2026-08-15,2026-08-15T02:30:00+05:30,QP,QP811,ECONOMY,,30,4076,1054,0,5130,INR,,,,1a633536d04e30783b781863722b7889cbdaba56bae28418c2608af058564e7b,VALID,1.0,,1,2026-08-15T02:30:00+05:30
7aa1ce24b39d4b53b6373868befbed71,backfill-20260906-213201,simulator,DEL,BLR,DEL-BLR,2026-09-14,2026-08-15,2026-08-15T02:30:00+05:30,SG,SG541,ECONOMY,,30,4117,1056,0,5173,INR,,,,4f9f0e5505d1a45587754a6cf6e5d27359be6fafd16cf7149207e3175b85f063,VALID,1.0,,1,2026-08-15T02:30:00+05:30
8bdd0b5f8307471a85c1f8f2d58fed63,backfill-20260906-213201,simulator,DEL,BLR,DEL-BLR,2026-09-29,2026-08-15,2026-08-15T02:30:00+05:30,6E,6E590,ECONOMY,,45,3181,1009,0,4190,INR,,,,9550d4b1d78eb999f3b419e64251fadae8eecc9087ad15ad7df01608c5812ac8,VALID,1.0,,1,2026-08-15T02:30:00+05:30
b0c9a37afa074b6f88db073a604df210,backfill-20260906-213201,simulator,DEL,BLR,DEL-BLR,2026-09-29,2026-08-15,2026-08-15T02:30:00+05:30,6E,6.00E+214,ECONOMY,,45,4021,1051,0,5072,INR,,,,a84fdc4ad4e5acd8351e9c67afb825fc0858598c1e89d0d07f0959f1df313bcb,VALID,1.0,,1,2026-08-15T02:30:00+05:30
ed18fb3e551a42f084819835fa6c8271,backfill-20260906-213201,simulator,DEL,BLR,DEL-BLR,2026-09-29,2026-08-15,2026-08-15T02:30:00+05:30,6E,6E976,ECONOMY,,45,3775,1039,0,4814,INR,,,,44a8a261cc9cf5668cb09cdbddb2a13930c86bc170cc6e3c8beb85790c6737fe,VALID,1.0,,1,2026-08-15T02:30:00+05:30
394c555e84de4f79b86717198d63be23,backfill-20260906-213201,simulator,DEL,BLR,DEL-BLR,2026-09-29,2026-08-15,2026-08-15T02:30:00+05:30,AI,AI948,ECONOMY,,45,4090,1054,0,5144,INR,,,,b330caca39a0693c30c2c64042d50bae70a9fff3434a60637de3dd1bb946cdff,VALID,1.0,,1,2026-08-15T02:30:00+05:30
9999301b6fe64a69b61a69124da0b390,backfill-20260906-213201,simulator,DEL,BLR,DEL-BLR,2026-09-29,2026-08-15,2026-08-15T02:30:00+05:30,AI,AI214,ECONOMY,,45,3570,1029,0,4599,INR,,,,cc52fbf77513da96760a3b2f3250d5873184cd05ffb30d2aa22a0912c5de3100,VALID,1.0,,1,2026-08-15T02:30:00+05:30
54fa9a7b56994c4193bfa6b02ef2e0c1,backfill-20260906-213201,simulator,DEL,BLR,DEL-BLR,2026-09-29,2026-08-15,2026-08-15T02:30:00+05:30,QP,QP398,ECONOMY,,45,3621,1031,0,4652,INR,,,,456f3bcee3ebfbbd0171a1e0c2afac5abc6dd00a6f6c51765272d780a8717018,VALID,1.0,,1,2026-08-15T02:30:00+05:30
21f92b10eb764215992ed4c49b6a0e4d,backfill-20260906-213201,simulator,DEL,BLR,DEL-BLR,2026-09-29,2026-08-15,2026-08-15T02:30:00+05:30,SG,SG230,ECONOMY,,45,3160,1008,0,4168,INR,,,,8a57d8a3c820b032705714d55449613342926e807c62fd85065b84ffe02c42a7,VALID,1.0,,1,2026-08-15T02:30:00+05:30
9bbe4ee7f4574c1382fdd2eaab0f0585,backfill-20260906-213201,simulator,DEL,BOM,DEL-BOM,2026-08-17,2026-08-16,2026-08-16T02:30:00+05:30,6E,6E499,ECONOMY,,1,8480,1274,0,9754,INR,,,,49d23ae81565b1c89ef59dd9b1d843ae0a113b1697aebf5968a79a6da15d65c1,VALID,1.0,,1,2026-08-16T02:30:00+05:30
d0ba6ea8b91a49a0aef7c806af829713,backfill-20260906-213201,simulator,DEL,BOM,DEL-BOM,2026-08-17,2026-08-16,2026-08-16T02:30:00+05:30,6E,6E965,ECONOMY,,1,8275,1264,0,9539,INR,,,,0cb70aae58adbffeafc2bb82d5af277edbaf6997ee45d3d2c34940d7fceb3758,VALID,1.0,,1,2026-08-16T02:30:00+05:30
90887eb5b3e2483b80481e75ffa02d0a,backfill-20260906-213201,simulator,DEL,BOM,DEL-BOM,2026-08-17,2026-08-16,2026-08-16T02:30:00+05:30,AI,AI663,ECONOMY,,1,9186,1309,0,10495,INR,,,,8540d98c609ff74bb8437de25319e77a39287d33ce1766015a9e3216b9fc1f46,VALID,1.0,,1,2026-08-16T02:30:00+05:30
10e929a9bccc4390b130e75774efd3f6,backfill-20260906-213201,simulator,DEL,BOM,DEL-BOM,2026-08-17,2026-08-16,2026-08-16T02:30:00+05:30,AI,AI943,ECONOMY,,1,8831,1292,0,10123,INR,,,,9fd3b599122790ec5038494d0f97b31e24a7172d7d7083443053297d3d9990c8,VALID,1.0,,1,2026-08-16T02:30:00+05:30
2c0f1edad7ef49c89b30d69b90762624,backfill-20260906-213201,simulator,DEL,BOM,DEL-BOM,2026-08-17,2026-08-16,2026-08-16T02:30:00+05:30,QP,QP532,ECONOMY,,1,8577,1279,0,9856,INR,,,,cf5ac1c7979ae5e10b248d46187eacb03b201a029e3fbfab13dacc66e3ae89f5,VALID,1.0,,1,2026-08-16T02:30:00+05:30
bbf08604302f4fceb671517b349dbe89,backfill-20260906-213201,simulator,DEL,BOM,DEL-BOM,2026-08-17,2026-08-16,2026-08-16T02:30:00+05:30,SG,SG533,ECONOMY,,1,7565,1228,0,8793,INR,,,,4ba3d987894536fb4348eabd2f28148de7af5c4d8889add1404afd29c0f95f72,VALID,1.0,,1,2026-08-16T02:30:00+05:30
df59b2f8e03d4640ac10c922b638cdf5,backfill-20260906-213201,simulator,DEL,BOM,DEL-BOM,2026-08-23,2026-08-16,2026-08-16T02:30:00+05:30,6E,6E348,ECONOMY,,7,6375,1169,0,7544,INR,,,,d94075da38990926a6f4d2ebb918227dc062d6fd47087c939af27106175f5eab,VALID,1.0,,1,2026-08-16T02:30:00+05:30
f93670f0acba4398bd346096809237b2,backfill-20260906-213201,simulator,DEL,BOM,DEL-BOM,2026-08-23,2026-08-16,2026-08-16T02:30:00+05:30,6E,6E560,ECONOMY,,7,6777,1189,0,7966,INR,,,,025ff27c1bd5d93de5764fa9e47842559b451db40afd01f70a5bc2a30613c540,VALID,1.0,,1,2026-08-16T02:30:00+05:30
c3f41895bcaf4d598757a7e2b73e8364,backfill-20260906-213201,simulator,DEL,BOM,DEL-BOM,2026-08-23,2026-08-16,2026-08-16T02:30:00+05:30,6E,6E419,ECONOMY,,7,5930,1146,0,7076,INR,,,,019370cf941ee2e2c132cffee5385ff77381b474501960abcde2760967f5518c,VALID,1.0,,1,2026-08-16T02:30:00+05:30
c71d0f219d384f95802750755cebfab8,backfill-20260906-213201,simulator,DEL,BOM,DEL-BOM,2026-08-23,2026-08-16,2026-08-16T02:30:00+05:30,AI,AI783,ECONOMY,,7,6475,1174,0,7649,INR,,,,bda9643128e989f2a46952c8e64f95f29862e05dc16632e70d67895c4ebda0d5,VALID,1.0,,1,2026-08-16T02:30:00+05:30
d9589194fd3442dc8fcfc7a6374f1962,backfill-20260906-213201,simulator,DEL,BOM,DEL-BOM,2026-08-23,2026-08-16,2026-08-16T02:30:00+05:30,AI,AI666,ECONOMY,,7,6678,1184,0,7862,INR,,,,1597821def01db14951670e6fa29b6a8ab33ec082024faa3b0de3fe6619ab7b9,VALID,1.0,,1,2026-08-16T02:30:00+05:30
f4cf0feb8b6b457fa4ddead89d719bf6,backfill-20260906-213201,simulator,DEL,BOM,DEL-BOM,2026-08-23,2026-08-16,2026-08-16T02:30:00+05:30,QP,QP443,ECONOMY,,7,5950,1148,0,7098,INR,,,,46b6678c932c14eef480b0a25bd8a1489acff02da8771dc4334207718e5ee366,VALID,1.0,,1,2026-08-16T02:30:00+05:30
f2320f73b33c40c899782ffe74ef820d,backfill-20260906-213201,simulator,DEL,BOM,DEL-BOM,2026-08-23,2026-08-16,2026-08-16T02:30:00+05:30,SG,SG808,ECONOMY,,7,5851,1143,0,6994,INR,,,,57af84992c23bc25dd133ac1ea2bb1977c54592a526bba0f6142981cf4c0c327,VALID,1.0,,1,2026-08-16T02:30:00+05:30
87621d0756cb418ea84861090ae2e4ec,backfill-20260906-213201,simulator,DEL,BOM,DEL-BOM,2026-08-31,2026-08-16,2026-08-16T02:30:00+05:30,6E,6E478,ECONOMY,,15,4653,1083,0,5736,INR,,,,b6662b48d586c8b07c62f18f07c598f0ca7d42877ff21958355175393b973e54,VALID,1.0,,1,2026-08-16T02:30:00+05:30
1fd50e21209e4a1e991d9cd15da6ac83,backfill-20260906-213201,simulator,DEL,BOM,DEL-BOM,2026-08-31,2026-08-16,2026-08-16T02:30:00+05:30,6E,6E675,ECONOMY,,15,4167,1058,0,5225,INR,,,,9ba1d36746f0a1fb0af6cc54465c32495f3cec70e620101a8c8b4653d61583db,VALID,1.0,,1,2026-08-16T02:30:00+05:30
bcb7e95d8e6a4652b6ec403fdcdecdf6,backfill-20260906-213201,simulator,DEL,BOM,DEL-BOM,2026-08-31,2026-08-16,2026-08-16T02:30:00+05:30,6E,6E566,ECONOMY,,15,4323,1066,0,5389,INR,,,,4d91708b06c0b667069487081c9be693bdbc62031ca621794a7b89acdb82b01e,VALID,1.0,,1,2026-08-16T02:30:00+05:30
00dae618404f406f9d0c024f7718235e,backfill-20260906-213201,simulator,DEL,BOM,DEL-BOM,2026-08-31,2026-08-16,2026-08-16T02:30:00+05:30,AI,AI541,ECONOMY,,15,4750,1087,0,5837,INR,,,,e5b888885681fc8b83cc602ffa60206596fc6fa146a53b102395b8b257854fbb,VALID,1.0,,1,2026-08-16T02:30:00+05:30
9990e1fc43a5430fae8652a076e28643,backfill-20260906-213201,simulator,DEL,BOM,DEL-BOM,2026-08-31,2026-08-16,2026-08-16T02:30:00+05:30,AI,AI806,ECONOMY,,15,4821,1091,0,5912,INR,,,,54ae247d791b869082913fa1a9680a550393bc52d34c42f83cd56d6e97b81adb,VALID,1.0,,1,2026-08-16T02:30:00+05:30
fa1159c668fe400b8169476519d805f5,backfill-20260906-213201,simulator,DEL,BOM,DEL-BOM,2026-08-31,2026-08-16,2026-08-16T02:30:00+05:30,QP,QP673,ECONOMY,,15,3929,1046,0,4975,INR,,,,037b9100934d019b195307c423fd98d507fee059ec7c5bc682544b6ab2701308,VALID,1.0,,1,2026-08-16T02:30:00+05:30
52d157e2295c42c1a6412926a02e5a00,backfill-20260906-213201,simulator,DEL,BOM,DEL-BOM,2026-08-31,2026-08-16,2026-08-16T02:30:00+05:30,SG,SG366,ECONOMY,,15,3129,1006,0,4135,INR,,,,a7c3705f769ab00622715fa2c29a602226852e8c21bec50c67ac3a6e7eb672a2,VALID,1.0,,1,2026-08-16T02:30:00+05:30
26d368a70832420d9f4e00d57bc79aee,backfill-20260906-213201,simulator,DEL,BOM,DEL-BOM,2026-09-15,2026-08-16,2026-08-16T02:30:00+05:30,6E,6E930,ECONOMY,,30,3328,1016,0,4344,INR,,,,767d0d8380bf2f993c820d37fc570ce190bbf1ac4f901a6b138f4e18519e9033,VALID,1.0,,1,2026-08-16T02:30:00+05:30
625174270bcb4f849f5ec31b8c77d5e4,backfill-20260906-213201,simulator,DEL,BOM,DEL-BOM,2026-09-15,2026-08-16,2026-08-16T02:30:00+05:30,6E,6E935,ECONOMY,,30,3054,1003,0,4057,INR,,,,252edd0123ec7b57c06d6644a8251383fb02364304e35e6a8c65c507f73fab68,VALID,1.0,,1,2026-08-16T02:30:00+05:30
6b6a1151cf5d42f19d70ea9b020073e0,backfill-20260906-213201,simulator,DEL,BOM,DEL-BOM,2026-09-15,2026-08-16,2026-08-16T02:30:00+05:30,6E,6E754,ECONOMY,,30,3329,1016,0,4345,INR,,,,6dee60d6f9457964db0d68c64f71c851c5c42e53c7b91ad3ca5766e27f1f69e0,VALID,1.0,,1,2026-08-16T02:30:00+05:30
cfca09dbd0d046e587b39c9b84048d30,backfill-20260906-213201,simulator,DEL,BOM,DEL-BOM,2026-09-15,2026-08-16,2026-08-16T02:30:00+05:30,AI,AI311,ECONOMY,,30,3295,1015,0,4310,INR,,,,c3de76c82beded8b112fb68bd8d139029d9577b3f5eafce52dded2a6a678483c,VALID,1.0,,1,2026-08-16T02:30:00+05:30
bceb915b0a3f4d2ba68cba123a6cba0b,backfill-20260906-213201,simulator,DEL,BOM,DEL-BOM,2026-09-15,2026-08-16,2026-08-16T02:30:00+05:30,AI,AI493,ECONOMY,,30,3338,1017,0,4355,INR,,,,04ccf91e11db54b5edb4035019cbea1738434a2cd6b01c44448d2eaeb7e313e5,VALID,1.0,,1,2026-08-16T02:30:00+05:30
f45d1d94e04a4e2395ce38a7324dc383,backfill-20260906-213201,simulator,DEL,BOM,DEL-BOM,2026-09-15,2026-08-16,2026-08-16T02:30:00+05:30,QP,QP711,ECONOMY,,30,2867,993,0,3860,INR,,,,df19a6bf5c0cf89a0dac3ef6451e6d5e4e29a07e41862f622091a3811360a301,VALID,1.0,,1,2026-08-16T02:30:00+05:30
8c7f421779524c80b3deed087a401d9d,backfill-20260906-213201,simulator,DEL,BOM,DEL-BOM,2026-09-15,2026-08-16,2026-08-16T02:30:00+05:30,SG,SG249,ECONOMY,,30,3240,1012,0,4252,INR,,,,497aa04d5754ef426d56248f9c10e5051fb57aca78547b75ef9c38c39c37b7bf,VALID,1.0,,1,2026-08-16T02:30:00+05:30
7e4d682e7c31451685eabf961d304cbd,backfill-20260906-213201,simulator,DEL,BOM,DEL-BOM,2026-09-30,2026-08-16,2026-08-16T02:30:00+05:30,6E,6.00E+292,ECONOMY,,45,3267,1013,0,4280,INR,,,,4cdfee38642d0c434bd4cd96835405ea27b83958fbc9c272bafda2e33483a4f5,VALID,1.0,,1,2026-08-16T02:30:00+05:30
417574b3ed314b849d903f05374771a0,backfill-20260906-213201,simulator,DEL,BOM,DEL-BOM,2026-09-30,2026-08-16,2026-08-16T02:30:00+05:30,6E,6E574,ECONOMY,,45,2931,997,0,3928,INR,,,,8ad6bc86087b3ab7fd2f476a33729e461792ff0eea2c45cc14a6d5931fa2c3a3,VALID,1.0,,1,2026-08-16T02:30:00+05:30
b5290d6e476b464abce48a2ab601a730,backfill-20260906-213201,simulator,DEL,BOM,DEL-BOM,2026-09-30,2026-08-16,2026-08-16T02:30:00+05:30,6E,6E443,ECONOMY,,45,2650,983,0,3633,INR,,,,34abc407809e87b7de2c88a0cfdbed12a029cdf2b0d022f5b84d64872d2364d3,VALID,1.0,,1,2026-08-16T02:30:00+05:30
4ddfa29066d74d4fb986e23905b06a6b,backfill-20260906-213201,simulator,DEL,BOM,DEL-BOM,2026-09-30,2026-08-16,2026-08-16T02:30:00+05:30,AI,AI992,ECONOMY,,45,3635,1032,0,4667,INR,,,,e7420f08895fd805b5f86f1f945d8bcf077e194ab7d2fbd824a477b3655d6e28,VALID,1.0,,1,2026-08-16T02:30:00+05:30
c550a68d01f84771b7a976c851d33d5e,backfill-20260906-213201,simulator,DEL,BOM,DEL-BOM,2026-09-30,2026-08-16,2026-08-16T02:30:00+05:30,AI,AI419,ECONOMY,,45,3278,1014,0,4292,INR,,,,87b4db09ebd1bb8fbdc1558cdf41473ea60ac69032e60ceed4bddcfa2c94a7cb,VALID,1.0,,1,2026-08-16T02:30:00+05:30
8fd2646dc5724318949d3c1aeb6e3404,backfill-20260906-213201,simulator,DEL,BOM,DEL-BOM,2026-09-30,2026-08-16,2026-08-16T02:30:00+05:30,QP,QP742,ECONOMY,,45,2957,998,0,3955,INR,,,,170d94fb6a3c6ab0cfa0bea88003e1cb0b26a0769cc26ae88c7baa3c149e634b,VALID,1.0,,1,2026-08-16T02:30:00+05:30
dfd30bff4bc64daa973f6aaa8854ae30,backfill-20260906-213201,simulator,DEL,BOM,DEL-BOM,2026-09-30,2026-08-16,2026-08-16T02:30:00+05:30,SG,SG908,ECONOMY,,45,2780,989,0,3769,INR,,,,1f04a2fbf0dea8bec9e5c85548786a3aa770a0d480964e141f4e304cdce42300,VALID,1.0,,1,2026-08-16T02:30:00+05:30
ef8cd07c052f43ca88595816e0312563,backfill-20260906-213201,simulator,DEL,BLR,DEL-BLR,2026-08-17,2026-08-16,2026-08-16T02:30:00+05:30,6E,6E948,ECONOMY,,1,10654,1383,0,12037,INR,,,,d3241562958d6bcdde49776d1e81d333c858f9d08f26c026dd2e9aa25649753f,VALID,1.0,,1,2026-08-16T02:30:00+05:30
04a9126ac60f4515be1fabf19cbbf280,backfill-20260906-213201,simulator,DEL,BLR,DEL-BLR,2026-08-17,2026-08-16,2026-08-16T02:30:00+05:30,6E,6.00E+229,ECONOMY,,1,9518,1326,0,10844,INR,,,,e47a2184a258265c017478c5d07eb643a4ad8e4c8a8f6ae36df6e244ea0c7e1d,VALID,1.0,,1,2026-08-16T02:30:00+05:30
e80b647c5c2143aca4a76682ffd5b04a,backfill-20260906-213201,simulator,DEL,BLR,DEL-BLR,2026-08-17,2026-08-16,2026-08-16T02:30:00+05:30,6E,6E961,ECONOMY,,1,8844,1292,0,10136,INR,,,,db46b3ca1a30e98cc7100b676cc1591b7c01555dcfb09b716b1a13eba13f491f,VALID,1.0,,1,2026-08-16T02:30:00+05:30
1fb3375c42094aec80a6d46a265cb258,backfill-20260906-213201,simulator,DEL,BLR,DEL-BLR,2026-08-17,2026-08-16,2026-08-16T02:30:00+05:30,AI,AI965,ECONOMY,,1,9570,1329,0,10899,INR,,,,e5f102c23c2f0bd4f246a53179de2bf1704608a1605405b06428f655ffb402cb,VALID,1.0,,1,2026-08-16T02:30:00+05:30
bbe7189f386047e6adda3182bd615eed,backfill-20260906-213201,simulator,DEL,BLR,DEL-BLR,2026-08-17,2026-08-16,2026-08-16T02:30:00+05:30,QP,QP491,ECONOMY,,1,8585,1279,0,9864,INR,,,,9afc46b69b384bee86471da4e2b172196e1b81b1a5ddd606273ac90539ffbcb9,VALID,1.0,,1,2026-08-16T02:30:00+05:30
37551550afc1449eb0dc15c7088204ab,backfill-20260906-213201,simulator,DEL,BLR,DEL-BLR,2026-08-17,2026-08-16,2026-08-16T02:30:00+05:30,SG,SG295,ECONOMY,,1,8814,1291,0,10105,INR,,,,f76afc8230cd95edc9cca4ddbf78dea14c53f3164582bb851ffd80fa429a3911,VALID,1.0,,1,2026-08-16T02:30:00+05:30
e8a948f074ef4ad69023d7e305d181c2,backfill-20260906-213201,simulator,DEL,BLR,DEL-BLR,2026-08-23,2026-08-16,2026-08-16T02:30:00+05:30,6E,6E854,ECONOMY,,7,6463,1173,0,7636,INR,,,,652dde6383a87e8dee6bc0d4cdd59c7d3108ca707697356067af5fff3c6cb118,VALID,1.0,,1,2026-08-16T02:30:00+05:30
1ef8c77bf8ee458dbd05a3b1e238c1f7,backfill-20260906-213201,simulator,DEL,BLR,DEL-BLR,2026-08-23,2026-08-16,2026-08-16T02:30:00+05:30,6E,6E948,ECONOMY,,7,6932,1197,0,8129,INR,,,,439e0541f0f1c6099099949b915d65a74aa7720d34a289d54eccb68cdb3d6281,VALID,1.0,,1,2026-08-16T02:30:00+05:30
219a0aa9abd74dee93031bb62f9bd9bf,backfill-20260906-213201,simulator,DEL,BLR,DEL-BLR,2026-08-23,2026-08-16,2026-08-16T02:30:00+05:30,6E,6E411,ECONOMY,,7,7302,1215,0,8517,INR,,,,404b8a9bb7ae656704361d6fce353c3b99bdd9cec3ff7f4ea70bc29ec62da6a6,VALID,1.0,,1,2026-08-16T02:30:00+05:30
f9f119a488bf47aca202f970b33048cd,backfill-20260906-213201,simulator,DEL,BLR,DEL-BLR,2026-08-23,2026-08-16,2026-08-16T02:30:00+05:30,AI,AI996,ECONOMY,,7,7944,1247,0,9191,INR,,,,4c6683e263784794d9b29be16f83a845f34d94414183f0881a78a99e5a6564b9,VALID,1.0,,1,2026-08-16T02:30:00+05:30
dbc306f0dd0f46fdb0abfb0643476ed1,backfill-20260906-213201,simulator,DEL,BLR,DEL-BLR,2026-08-23,2026-08-16,2026-08-16T02:30:00+05:30,AI,AI415,ECONOMY,,7,6880,1194,0,8074,INR,,,,62c6f74e4047ad663643826f8d3fc3775e34e5c454869ac95d34ffe9af2238ed,VALID,1.0,,1,2026-08-16T02:30:00+05:30
d39d7610d7c340b29fce7610101743a2,backfill-20260906-213201,simulator,DEL,BLR,DEL-BLR,2026-08-23,2026-08-16,2026-08-16T02:30:00+05:30,QP,QP543,ECONOMY,,7,7050,1202,0,8252,INR,,,,b9dd35468af54b9eb1a6ee330eb02164fdde757d9cc797a1da6815f7bf6656ad,VALID,1.0,,1,2026-08-16T02:30:00+05:30
f7d664c7896d4916af3441f04e6b6f1a,backfill-20260906-213201,simulator,DEL,BLR,DEL-BLR,2026-08-23,2026-08-16,2026-08-16T02:30:00+05:30,SG,SG659,ECONOMY,,7,6802,1190,0,7992,INR,,,,d76515c7ee7fb2f927c80ec2935ea42d0388816d9fbaf601a26b343882e1f174,VALID,1.0,,1,2026-08-16T02:30:00+05:30
d0ff97dc39334c5b8b2a428f36a36e0a,backfill-20260906-213201,simulator,DEL,BLR,DEL-BLR,2026-08-31,2026-08-16,2026-08-16T02:30:00+05:30,6E,6.00E+245,ECONOMY,,15,4878,1094,0,5972,INR,,,,4ec0d20ac59776746b748c6b9aaa476e076ec547e618319ce2b4b7454afeb4c1,VALID,1.0,,1,2026-08-16T02:30:00+05:30
ae75fc6e2dbe473897a65ca0fa8b6bcf,backfill-20260906-213201,simulator,DEL,BLR,DEL-BLR,2026-08-31,2026-08-16,2026-08-16T02:30:00+05:30,6E,6E728,ECONOMY,,15,4761,1088,0,5849,INR,,,,2bc8c9e2db138096c3de727b820763a0a754aac941bf12be5d363bf0b7ab111c,VALID,1.0,,1,2026-08-16T02:30:00+05:30
bc9a21cb219f4823a8f518d1bcb46215,backfill-20260906-213201,simulator,DEL,BLR,DEL-BLR,2026-08-31,2026-08-16,2026-08-16T02:30:00+05:30,6E,6E910,ECONOMY,,15,4838,1092,0,5930,INR,,,,0bd38f5f3e632b2f62ae0d4aa961cde5873bd4b872814dfc144d6d1cffe16e5e,VALID,1.0,,1,2026-08-16T02:30:00+05:30
0a811e2e2ce2489ba319f1f1019eaa6a,backfill-20260906-213201,simulator,DEL,BLR,DEL-BLR,2026-08-31,2026-08-16,2026-08-16T02:30:00+05:30,AI,AI989,ECONOMY,,15,5424,1121,0,6545,INR,,,,02b262bf270c8e2d0eb2607ff1f28c03ac37aa0c814729e67b1f60026f2078ad,VALID,1.0,,1,2026-08-16T02:30:00+05:30
222c513de34e4191b27813283ec922d5,backfill-20260906-213201,simulator,DEL,BLR,DEL-BLR,2026-08-31,2026-08-16,2026-08-16T02:30:00+05:30,AI,AI894,ECONOMY,,15,5045,1102,0,6147,INR,,,,41af0c9f06b5f8b02b36cc05fdafe6c8a3c3259e7bea6cdb2f549a22ea074b25,VALID,1.0,,1,2026-08-16T02:30:00+05:30
d0e35d06a63045bf9038435fcb5bd23e,backfill-20260906-213201,simulator,DEL,BLR,DEL-BLR,2026-08-31,2026-08-16,2026-08-16T02:30:00+05:30,QP,QP402,ECONOMY,,15,5148,1107,0,6255,INR,,,,637c1cd42dd0a77a2511a422b4d95cd69ad19f56c8a4f0ee89ca0972be740e9b,VALID,1.0,,1,2026-08-16T02:30:00+05:30
47626d95867a4088b50aa2a3037fed63,backfill-20260906-213201,simulator,DEL,BLR,DEL-BLR,2026-08-31,2026-08-16,2026-08-16T02:30:00+05:30,SG,SG686,ECONOMY,,15,4166,1058,0,5224,INR,,,,b62d28f2b2a9dbf639241156d2820991117afa45734afbd00a60c5deda924f58,VALID,1.0,,1,2026-08-16T02:30:00+05:30
45433956d83f44c4bc59c305cebd0e27,backfill-20260906-213201,simulator,DEL,BLR,DEL-BLR,2026-09-15,2026-08-16,2026-08-16T02:30:00+05:30,6E,6E654,ECONOMY,,30,4299,1065,0,5364,INR,,,,690f09d2b0131706ef3ee829abdaa7c20503f2700c56ad005202fbc5dd1fe8ce,VALID,1.0,,1,2026-08-16T02:30:00+05:30
f269431350bf467d9f0bc4a28124d2f6,backfill-20260906-213201,simulator,DEL,BLR,DEL-BLR,2026-09-15,2026-08-16,2026-08-16T02:30:00+05:30,6E,6E971,ECONOMY,,30,4046,1052,0,5098,INR,,,,c27e20c84d6845f27665641e09d57e73d4b8776a36483c2acc7c53614ef4be7e,VALID,1.0,,1,2026-08-16T02:30:00+05:30
6dba2a44461a4e6d9ae0af9bfb2946a8,backfill-20260906-213201,simulator,DEL,BLR,DEL-BLR,2026-09-15,2026-08-16,2026-08-16T02:30:00+05:30,6E,6.00E+279,ECONOMY,,30,3765,1038,0,4803,INR,,,,7e525fb0ca9a78922ef9dc437ecbed29a9624029b83b4c99810ddfea6b5472b4,VALID,1.0,,1,2026-08-16T02:30:00+05:30
fe802f1c67014ede9577691876fac5f4,backfill-20260906-213201,simulator,DEL,BLR,DEL-BLR,2026-09-15,2026-08-16,2026-08-16T02:30:00+05:30,AI,AI976,ECONOMY,,30,4329,1066,0,5395,INR,,,,8c1ae1059a9c1635c2bcb39fa8a52eee2134fd6afa9ed7cf51f4da154dad682d,VALID,1.0,,1,2026-08-16T02:30:00+05:30
50313e7459144c089e54f49d22e76bcd,backfill-20260906-213201,simulator,DEL,BLR,DEL-BLR,2026-09-15,2026-08-16,2026-08-16T02:30:00+05:30,AI,AI722,ECONOMY,,30,4842,1092,0,5934,INR,,,,987d099b0165bad130f350e53c7074700407d0b5e519b45f7dc16b3f506c4553,VALID,1.0,,1,2026-08-16T02:30:00+05:30
06687d4992894d9e93338f2b31fb5305,backfill-20260906-213201,simulator,DEL,BLR,DEL-BLR,2026-09-15,2026-08-16,2026-08-16T02:30:00+05:30,QP,QP210,ECONOMY,,30,3417,1021,0,4438,INR,,,,6909a35ea7e84791d030c639d3e00da17876e9afea4871903a60786dea4ea0a1,VALID,1.0,,1,2026-08-16T02:30:00+05:30
18eb23b86006409a97416602b1db7959,backfill-20260906-213201,simulator,DEL,BLR,DEL-BLR,2026-09-15,2026-08-16,2026-08-16T02:30:00+05:30,SG,SG200,ECONOMY,,30,3708,1035,0,4743,INR,,,,5f552bebf10faeadf13160c61d4c59d49ec51582bb5d43793c2f509b821abfbc,VALID,1.0,,1,2026-08-16T02:30:00+05:30
7ad6c3bfef3540c09c083168e2382804,backfill-20260906-213201,simulator,DEL,BLR,DEL-BLR,2026-09-30,2026-08-16,2026-08-16T02:30:00+05:30,6E,6E407,ECONOMY,,45,3390,1020,0,4410,INR,,,,6e66efd0107c6e10d54b0f5bfdf0c4e81813393fe78f10fd2cf9faf67a2a9b3a,VALID,1.0,,1,2026-08-16T02:30:00+05:30
0331368d0dda4e1686972204dd1808e9,backfill-20260906-213201,simulator,DEL,BLR,DEL-BLR,2026-09-30,2026-08-16,2026-08-16T02:30:00+05:30,6E,6E620,ECONOMY,,45,3050,1002,0,4052,INR,,,,3d77af791111b57d636ea9759583585da55581bc130bd5bd1fb12e1850db8814,VALID,1.0,,1,2026-08-16T02:30:00+05:30
eda33666059f412ab214df9b52fa9380,backfill-20260906-213201,simulator,DEL,BLR,DEL-BLR,2026-09-30,2026-08-16,2026-08-16T02:30:00+05:30,6E,6.00E+275,ECONOMY,,45,3297,1015,0,4312,INR,,,,c67ce8d42ce3280b85e4d7e28c7999cc1a2f3951341838ddc0bf29e9f1f91623,VALID,1.0,,1,2026-08-16T02:30:00+05:30
2f9a8cd5fcb54c4f8d1d13d17ad6db4c,backfill-20260906-213201,simulator,DEL,BLR,DEL-BLR,2026-09-30,2026-08-16,2026-08-16T02:30:00+05:30,AI,AI734,ECONOMY,,45,3921,1046,0,4967,INR,,,,676eb2fd5e21c7e1278bb0cd41c855f8223399d67ef6a0fc574088d0ccd52b43,VALID,1.0,,1,2026-08-16T02:30:00+05:30
59fd728622f64619af09360324c14710,backfill-20260906-213201,simulator,DEL,BLR,DEL-BLR,2026-09-30,2026-08-16,2026-08-16T02:30:00+05:30,AI,AI622,ECONOMY,,45,3749,1037,0,4786,INR,,,,9ceaa94da2b7838adff8bdbd2e924a9fd2b5db1a3df0b141d75fd105d0823069,VALID,1.0,,1,2026-08-16T02:30:00+05:30
e50f0f501c0745e8aa01416facd28ba3,backfill-20260906-213201,simulator,DEL,BLR,DEL-BLR,2026-09-30,2026-08-16,2026-08-16T02:30:00+05:30,QP,QP925,ECONOMY,,45,2914,996,0,3910,INR,,,,e1d2448d92d9779aa2b54747d370c45ae440daa2c8d49a789afb5252cbc5d7a4,VALID,1.0,,1,2026-08-16T02:30:00+05:30
4967e66dfcc64fe5a16c2e583dd9e7bf,backfill-20260906-213201,simulator,DEL,BLR,DEL-BLR,2026-09-30,2026-08-16,2026-08-16T02:30:00+05:30,SG,SG443,ECONOMY,,45,3596,1030,0,4626,INR,,,,6a9d4c011b47128da982971581e072b51b32d436dc5e115c49aa3ba14bc7c8a5,VALID,1.0,,1,2026-08-16T02:30:00+05:30
c42d59b89ad0436c9b4ef85daf1ec573,backfill-20260906-213201,simulator,DEL,BOM,DEL-BOM,2026-08-18,2026-08-17,2026-08-17T02:30:00+05:30,6E,6E905,ECONOMY,,1,6933,1197,0,8130,INR,,,,9f88d1a360621f59385dd1a808b8d2ddae974c376eaf23091c21324dd273181a,VALID,1.0,,1,2026-08-17T02:30:00+05:30
6c854b9e9b56463e84938a1babef1ed6,backfill-20260906-213201,simulator,DEL,BOM,DEL-BOM,2026-08-18,2026-08-17,2026-08-17T02:30:00+05:30,6E,6E749,ECONOMY,,1,7664,1233,0,8897,INR,,,,36fce378cd9110f9a13a19fde98305cccc4c151d77ab0a33908daefadbfde471,VALID,1.0,,1,2026-08-17T02:30:00+05:30
8975e9c40d674f1ab8bef722d14ac697,backfill-20260906-213201,simulator,DEL,BOM,DEL-BOM,2026-08-18,2026-08-17,2026-08-17T02:30:00+05:30,6E,6E911,ECONOMY,,1,8435,1272,0,9707,INR,,,,715a677f5a6054bc16b4081168db784ea8045230327f1c879ef7dd0cadd41480,VALID,1.0,,1,2026-08-17T02:30:00+05:30
cc2ae721d5e84a138dfa2135524e1935,backfill-20260906-213201,simulator,DEL,BOM,DEL-BOM,2026-08-18,2026-08-17,2026-08-17T02:30:00+05:30,AI,AI351,ECONOMY,,1,8784,1289,0,10073,INR,,,,b24a88e64f5754154698c0c1decb6ba3d2fc6e96ea19624fc97a10042630b767,VALID,1.0,,1,2026-08-17T02:30:00+05:30
252ebd245f904ad5909e2d0ec7b665a1,backfill-20260906-213201,simulator,DEL,BOM,DEL-BOM,2026-08-18,2026-08-17,2026-08-17T02:30:00+05:30,QP,QP988,ECONOMY,,1,7949,1247,0,9196,INR,,,,2d282f08dd2da3318d793a7f31b65b1b4ab1570ebd7e28ba8a47d665b0237def,VALID,1.0,,1,2026-08-17T02:30:00+05:30
f9f465b35c93443790fce282075c9d17,backfill-20260906-213201,simulator,DEL,BOM,DEL-BOM,2026-08-24,2026-08-17,2026-08-17T02:30:00+05:30,6E,6E394,ECONOMY,,7,5716,1136,0,6852,INR,,,,a0cb603c73a434ef91d0933b1b653fc68a560ba829e92e2b6840dc5d7962c8f3,VALID,1.0,,1,2026-08-17T02:30:00+05:30
6051ab64a2f8489eacaf1e16ef375b31,backfill-20260906-213201,simulator,DEL,BOM,DEL-BOM,2026-08-24,2026-08-17,2026-08-17T02:30:00+05:30,6E,6E832,ECONOMY,,7,4770,1088,0,5858,INR,,,,82aed9aa6439d86c53054d6a7e493c98c77b73f4e6f6f5ed5957f4e959b7de18,VALID,1.0,,1,2026-08-17T02:30:00+05:30
a7aa1f957eaa4dcb9d1e250479c35e55,backfill-20260906-213201,simulator,DEL,BOM,DEL-BOM,2026-08-24,2026-08-17,2026-08-17T02:30:00+05:30,6E,6E927,ECONOMY,,7,5258,1113,0,6371,INR,,,,00c307cdb65436c7752b73ba4fae1622447f6a9789bf2085a5cf350ce8c21aff,VALID,1.0,,1,2026-08-17T02:30:00+05:30
b3d9966a442542fda61107d21e63d6ac,backfill-20260906-213201,simulator,DEL,BOM,DEL-BOM,2026-08-24,2026-08-17,2026-08-17T02:30:00+05:30,AI,AI235,ECONOMY,,7,5914,1146,0,7060,INR,,,,bdd89b12fa741cb9f0c84fc04593e04ba2826b2bd2f17ef5f9a9f614fce87087,VALID,1.0,,1,2026-08-17T02:30:00+05:30
841cc0d9df324c47a6b13b831ca5abb9,backfill-20260906-213201,simulator,DEL,BOM,DEL-BOM,2026-08-24,2026-08-17,2026-08-17T02:30:00+05:30,AI,AI887,ECONOMY,,7,5467,1123,0,6590,INR,,,,ea999c10959bd0643876a9510e44d1ba1d24e4e259834f202a9559cccb04d006,VALID,1.0,,1,2026-08-17T02:30:00+05:30
bbbd26f6fd6a4cf3a7b44ae7af103db6,backfill-20260906-213201,simulator,DEL,BOM,DEL-BOM,2026-08-24,2026-08-17,2026-08-17T02:30:00+05:30,QP,QP617,ECONOMY,,7,5326,1116,0,6442,INR,,,,ec8d3a70f8bd546a505dd407066229bedc7ed069f81abf421eb92aaa66b5c920,VALID,1.0,,1,2026-08-17T02:30:00+05:30
60785ffc4ae94f82a74949156f5246c2,backfill-20260906-213201,simulator,DEL,BOM,DEL-BOM,2026-08-24,2026-08-17,2026-08-17T02:30:00+05:30,SG,SG338,ECONOMY,,7,5088,1104,0,6192,INR,,,,acce4bbbe6eaa3c360d5b392413c2f9b125cd94e37b08cc936d0b794db4eea41,VALID,1.0,,1,2026-08-17T02:30:00+05:30
1401af6d93654dc098e87a52fab6a208,backfill-20260906-213201,simulator,DEL,BOM,DEL-BOM,2026-09-01,2026-08-17,2026-08-17T02:30:00+05:30,6E,6E666,ECONOMY,,15,4224,1061,0,5285,INR,,,,5a7582ff24c8a5fb1b0e364ac93b8737991de7c5117f310c85ff4753d7140c42,VALID,1.0,,1,2026-08-17T02:30:00+05:30
1de1fb00f1dc4d44876e73ef9f3841cb,backfill-20260906-213201,simulator,DEL,BOM,DEL-BOM,2026-09-01,2026-08-17,2026-08-17T02:30:00+05:30,6E,6.00E+296,ECONOMY,,15,3778,1039,0,4817,INR,,,,596415d696e345d881d850f1196b2cd8db78d0f9f6dc08931602822446507119,VALID,1.0,,1,2026-08-17T02:30:00+05:30
7dedbb2d7b9e436b9b5d135a90544108,backfill-20260906-213201,simulator,DEL,BOM,DEL-BOM,2026-09-01,2026-08-17,2026-08-17T02:30:00+05:30,6E,6E419,ECONOMY,,15,3680,1034,0,4714,INR,,,,7da1d65d4aea2a6aa5fe0b2824853cef29d968452424f11d561fc9b5b9ed344e,VALID,1.0,,1,2026-08-17T02:30:00+05:30
2c756e32b6aa47738d259895374fb03c,backfill-20260906-213201,simulator,DEL,BOM,DEL-BOM,2026-09-01,2026-08-17,2026-08-17T02:30:00+05:30,AI,AI469,ECONOMY,,15,4499,1075,0,5574,INR,,,,d3fe22b92bfcde7b5a59e1ac40deb922e82c739d3f8fa5e12a92c0c7a7b5c6ff,VALID,1.0,,1,2026-08-17T02:30:00+05:30
09dca654b1774be5819abc24713660cf,backfill-20260906-213201,simulator,DEL,BOM,DEL-BOM,2026-09-01,2026-08-17,2026-08-17T02:30:00+05:30,AI,AI323,ECONOMY,,15,4050,1053,0,5103,INR,,,,88b4d4093eaea0b5656cc196d22e2264b2174c50dc24f4da72942722c22bad71,VALID,1.0,,1,2026-08-17T02:30:00+05:30
f5631bef65174137a8c7b7f35e99ee03,backfill-20260906-213201,simulator,DEL,BOM,DEL-BOM,2026-09-01,2026-08-17,2026-08-17T02:30:00+05:30,QP,QP990,ECONOMY,,15,3989,1049,0,5038,INR,,,,a46d567b5cc8783f162275a7d0d88191ad3d26af5d1486fb91bad8b360edb239,VALID,1.0,,1,2026-08-17T02:30:00+05:30
92cef4e0cb8842868124218a06e83ed2,backfill-20260906-213201,simulator,DEL,BOM,DEL-BOM,2026-09-01,2026-08-17,2026-08-17T02:30:00+05:30,SG,SG634,ECONOMY,,15,3789,1039,0,4828,INR,,,,b70abd6897a457d4621dfb9556e8ba31bb7698ffd38a43da4e605bd547d4ac2a,VALID,1.0,,1,2026-08-17T02:30:00+05:30
b57241754a444140bd1ab6563a8a69ce,backfill-20260906-213201,simulator,DEL,BOM,DEL-BOM,2026-09-16,2026-08-17,2026-08-17T02:30:00+05:30,6E,6E992,ECONOMY,,30,3422,1021,0,4443,INR,,,,ebd37657abadcc627be4bcfeabedc1708f2f833f933dd03636bf6f0d5777a3d4,VALID,1.0,,1,2026-08-17T02:30:00+05:30
f3607bb69a064c3cab48cd808d5c5460,backfill-20260906-213201,simulator,DEL,BOM,DEL-BOM,2026-09-16,2026-08-17,2026-08-17T02:30:00+05:30,6E,6E996,ECONOMY,,30,3586,1029,0,4615,INR,,,,d481d0a3371498181f4d623888dfb18fc63e092451dd9e27e4f8cb03ae9d61db,VALID,1.0,,1,2026-08-17T02:30:00+05:30
95aa4bc71ccc4e55baf7b580b99cefcf,backfill-20260906-213201,simulator,DEL,BOM,DEL-BOM,2026-09-16,2026-08-17,2026-08-17T02:30:00+05:30,6E,6E659,ECONOMY,,30,2939,997,0,3936,INR,,,,587fc1f68a2c19c3b01f973835803c033a955e6b0312d614a8a8bb217ef7e8f6,VALID,1.0,,1,2026-08-17T02:30:00+05:30
3e2386f99283498e95db38ed4809589d,backfill-20260906-213201,simulator,DEL,BOM,DEL-BOM,2026-09-16,2026-08-17,2026-08-17T02:30:00+05:30,AI,AI743,ECONOMY,,30,3022,1001,0,4023,INR,,,,640aebc93bac52e3cb6d2d2e2fae5c9046e27c37546e6faafe4de9f1742c91be,VALID,1.0,,1,2026-08-17T02:30:00+05:30
0e3bbc915fcc4f9bb52903777afc4f8c,backfill-20260906-213201,simulator,DEL,BOM,DEL-BOM,2026-09-16,2026-08-17,2026-08-17T02:30:00+05:30,AI,AI411,ECONOMY,,30,3361,1018,0,4379,INR,,,,0b880e332b9e31ddae0a8adb0630fbde0a67afdc262450880e042e0c0e614a99,VALID,1.0,,1,2026-08-17T02:30:00+05:30
04159a6c9f9340b8aefd45316b112f3e,backfill-20260906-213201,simulator,DEL,BOM,DEL-BOM,2026-09-16,2026-08-17,2026-08-17T02:30:00+05:30,QP,QP770,ECONOMY,,30,2983,999,0,3982,INR,,,,b2e2e030c9be141b797838ee63089456430ac2f8815c0e74393b90a8cd68691f,VALID,1.0,,1,2026-08-17T02:30:00+05:30
e79ad5bcea7a48b5aafbb2056755747d,backfill-20260906-213201,simulator,DEL,BOM,DEL-BOM,2026-09-16,2026-08-17,2026-08-17T02:30:00+05:30,SG,SG399,ECONOMY,,30,3138,1007,0,4145,INR,,,,b53f0efeafc097e244bc07d1ab5ff3b6ebfdf9e8d772c71dc4442d1910a492f7,VALID,1.0,,1,2026-08-17T02:30:00+05:30
fdf6ecb4eb34453ba15612edd46b027f,backfill-20260906-213201,simulator,DEL,BOM,DEL-BOM,2026-10-01,2026-08-17,2026-08-17T02:30:00+05:30,6E,6E745,ECONOMY,,45,3008,1000,0,4008,INR,,,,f766889064f4723015cc336e496486e802cf244921008dbad60aa72c415ea739,VALID,1.0,,1,2026-08-17T02:30:00+05:30
a05d2db06a9b4a1c8342ceb7e9dfaf78,backfill-20260906-213201,simulator,DEL,BOM,DEL-BOM,2026-10-01,2026-08-17,2026-08-17T02:30:00+05:30,6E,6E429,ECONOMY,,45,2890,995,0,3885,INR,,,,7c25cbe182866fa2fb849182cf622479c5fc791cb067a8f628abbf6eb2aa3134,VALID,1.0,,1,2026-08-17T02:30:00+05:30
c19e9e2f0d2a423b83b3adad7aefdc32,backfill-20260906-213201,simulator,DEL,BOM,DEL-BOM,2026-10-01,2026-08-17,2026-08-17T02:30:00+05:30,6E,6.00E+295,ECONOMY,,45,3367,1018,0,4385,INR,,,,44bb430a643dd72777e3f3a58e5af0704b2df57608c03e7c8e8d8601fa5e5c5d,VALID,1.0,,1,2026-08-17T02:30:00+05:30
9199355520a14b32a4827c481cf8d88c,backfill-20260906-213201,simulator,DEL,BOM,DEL-BOM,2026-10-01,2026-08-17,2026-08-17T02:30:00+05:30,AI,AI686,ECONOMY,,45,3306,1015,0,4321,INR,,,,da4bc63e63df18ac14a83ecd3041b4d7c518d15ce8e15eabf589624c05891390,VALID,1.0,,1,2026-08-17T02:30:00+05:30
d7bd442930ee4dcc91e85516969c925b,backfill-20260906-213201,simulator,DEL,BOM,DEL-BOM,2026-10-01,2026-08-17,2026-08-17T02:30:00+05:30,AI,AI864,ECONOMY,,45,3325,1016,0,4341,INR,,,,a3e30e8a76c88ee3479511b84f5b2fb8662e68c545a89c0c89929ae40309e620,VALID,1.0,,1,2026-08-17T02:30:00+05:30
9c84e9d586204524a17579fa096c3bf7,backfill-20260906-213201,simulator,DEL,BOM,DEL-BOM,2026-10-01,2026-08-17,2026-08-17T02:30:00+05:30,QP,QP702,ECONOMY,,45,2926,996,0,3922,INR,,,,e79bec396e85769a0d7a4a377484650352d561704568c6de5e6c45966d8e89d4,VALID,1.0,,1,2026-08-17T02:30:00+05:30
fb957d56970e4990b60b3059bc83a614,backfill-20260906-213201,simulator,DEL,BOM,DEL-BOM,2026-10-01,2026-08-17,2026-08-17T02:30:00+05:30,SG,SG500,ECONOMY,,45,2808,990,0,3798,INR,,,,1826ac4be5d909aa1f547d24bd64f4e885dd028ee504eab0ba3adc647d621be0,VALID,1.0,,1,2026-08-17T02:30:00+05:30
300fe057803845f0b9e45acef0fcd610,backfill-20260906-213201,simulator,DEL,BLR,DEL-BLR,2026-08-18,2026-08-17,2026-08-17T02:30:00+05:30,6E,6E629,ECONOMY,,1,9953,1348,0,11301,INR,,,,9b5376e171cc75e17c7ceae68d5b06426e50dc2b169295236f6247d5c222f75d,VALID,1.0,,1,2026-08-17T02:30:00+05:30
7d992b377ad343a6b737bb84072dbad4,backfill-20260906-213201,simulator,DEL,BLR,DEL-BLR,2026-08-18,2026-08-17,2026-08-17T02:30:00+05:30,6E,6E898,ECONOMY,,1,9320,1316,0,10636,INR,,,,c9d1b30a0776f573fd1101e60ea5028b60a6075e003017e70124f2da5ecbd698,VALID,1.0,,1,2026-08-17T02:30:00+05:30
effc7b394c094378a23b5c05cdfdd716,backfill-20260906-213201,simulator,DEL,BLR,DEL-BLR,2026-08-18,2026-08-17,2026-08-17T02:30:00+05:30,AI,AI998,ECONOMY,,1,8699,1285,0,9984,INR,,,,7835263466a86b605f8a401a99bb446d28798de6730a27169a66359b6b658d1b,VALID,1.0,,1,2026-08-17T02:30:00+05:30
1cda61ea764f4e86ba796b7a5ce0616d,backfill-20260906-213201,simulator,DEL,BLR,DEL-BLR,2026-08-18,2026-08-17,2026-08-17T02:30:00+05:30,AI,AI962,ECONOMY,,1,8759,1288,0,10047,INR,,,,8d2cce3f3625cf014319d477214cba33b01af8c01d4d029da9475e4d5abe31da,VALID,1.0,,1,2026-08-17T02:30:00+05:30
9ac6a70369bb466fa84727827d8771db,backfill-20260906-213201,simulator,DEL,BLR,DEL-BLR,2026-08-18,2026-08-17,2026-08-17T02:30:00+05:30,SG,SG901,ECONOMY,,1,8608,1280,0,9888,INR,,,,815b50a8d456ec9fc10b96c575aebdb9e9f2d30d9668e321ead6a4893a0bd972,VALID,1.0,,1,2026-08-17T02:30:00+05:30
65125c9c9f7b43ea90c088d00053c5ee,backfill-20260906-213201,simulator,DEL,BLR,DEL-BLR,2026-08-24,2026-08-17,2026-08-17T02:30:00+05:30,6E,6E527,ECONOMY,,7,5338,1117,0,6455,INR,,,,ea2226694f4bb398413f6d1129e10b115d02dca1864888032a916691b0c9d351,VALID,1.0,,1,2026-08-17T02:30:00+05:30
81d7e49f2f594847ab4722ee60284662,backfill-20260906-213201,simulator,DEL,BLR,DEL-BLR,2026-08-24,2026-08-17,2026-08-17T02:30:00+05:30,6E,6E691,ECONOMY,,7,6145,1157,0,7302,INR,,,,38bae28236ccf31c0f17a7b230642eb640c448fd6a2c160ef0750d9428b3016d,VALID,1.0,,1,2026-08-17T02:30:00+05:30
e76f5faffe9f476eb0853d562344faa0,backfill-20260906-213201,simulator,DEL,BLR,DEL-BLR,2026-08-24,2026-08-17,2026-08-17T02:30:00+05:30,6E,6E536,ECONOMY,,7,6402,1170,0,7572,INR,,,,67b6575792cd47cd830f357e64b15e3d411ffc9b316325e40bdb565598fd7183,VALID,1.0,,1,2026-08-17T02:30:00+05:30
94f070fe6f624aeea1cee3def0573f7d,backfill-20260906-213201,simulator,DEL,BLR,DEL-BLR,2026-08-24,2026-08-17,2026-08-17T02:30:00+05:30,AI,AI938,ECONOMY,,7,6344,1167,0,7511,INR,,,,2e82d8f3a8259efc653a2f1903d01f6c845cdf9b07a888cd1c13fc3c1c0b73ee,VALID,1.0,,1,2026-08-17T02:30:00+05:30
fcf8ded2e6ec4de88778ebb683204467,backfill-20260906-213201,simulator,DEL,BLR,DEL-BLR,2026-08-24,2026-08-17,2026-08-17T02:30:00+05:30,AI,AI460,ECONOMY,,7,6738,1187,0,7925,INR,,,,8e273a48cc9afe5113df9ae5fa3e165506f1695f6a9614c6ea718b8fab6b6d85,VALID,1.0,,1,2026-08-17T02:30:00+05:30
c0ee8559621d4134930c21e0e4849d5b,backfill-20260906-213201,simulator,DEL,BLR,DEL-BLR,2026-08-24,2026-08-17,2026-08-17T02:30:00+05:30,QP,QP900,ECONOMY,,7,5348,1117,0,6465,INR,,,,65ef0fb5795a469560d7ea40c1d9404b51bfc5983edbe74847f401df1f5b77ca,VALID,1.0,,1,2026-08-17T02:30:00+05:30
edbfa78f954d4b9988fa6707357390b7,backfill-20260906-213201,simulator,DEL,BLR,DEL-BLR,2026-08-24,2026-08-17,2026-08-17T02:30:00+05:30,SG,SG259,ECONOMY,,7,5856,1143,0,6999,INR,,,,7ab479c748607c2b885a7350c9968f1aaa679a8de79cbfc28afe8055fab6a0f9,VALID,1.0,,1,2026-08-17T02:30:00+05:30
6f32e82be96844538010d8d29c2388d7,backfill-20260906-213201,simulator,DEL,BLR,DEL-BLR,2026-09-01,2026-08-17,2026-08-17T02:30:00+05:30,6E,6E610,ECONOMY,,15,3985,1049,0,5034,INR,,,,1460b064d590fdee56b36973994e57540f35c48d8137c3c7f2494a82cb65400c,VALID,1.0,,1,2026-08-17T02:30:00+05:30
39521fdd14a24bc6978b92402f2bb3f4,backfill-20260906-213201,simulator,DEL,BLR,DEL-BLR,2026-09-01,2026-08-17,2026-08-17T02:30:00+05:30,6E,6.00E+289,ECONOMY,,15,3461,1023,0,4484,INR,,,,0fc1a86e45269460e43425349ba4126d63886b53ac485fe2699b852dad90e80d,VALID,1.0,,1,2026-08-17T02:30:00+05:30
5b59d66a7196414bbc8267cf158d08de,backfill-20260906-213201,simulator,DEL,BLR,DEL-BLR,2026-09-01,2026-08-17,2026-08-17T02:30:00+05:30,6E,6E808,ECONOMY,,15,4974,1099,0,6073,INR,,,,9f98f032e09e0bd3b4ce3a6f65931fe1b3f7eb0ef968bd9ca378bd83a3c4c58a,VALID,1.0,,1,2026-08-17T02:30:00+05:30
7a50d42717c647e09cd040c43217aae5,backfill-20260906-213201,simulator,DEL,BLR,DEL-BLR,2026-09-01,2026-08-17,2026-08-17T02:30:00+05:30,AI,AI265,ECONOMY,,15,4215,1061,0,5276,INR,,,,9143f8815b4c76df21d94c2130e189212be135664369569efa73086162cc4d16,VALID,1.0,,1,2026-08-17T02:30:00+05:30
bfdaf67857ef45599d78daa6b6162320,backfill-20260906-213201,simulator,DEL,BLR,DEL-BLR,2026-09-01,2026-08-17,2026-08-17T02:30:00+05:30,AI,AI327,ECONOMY,,15,4947,1097,0,6044,INR,,,,f56f16db5e8e8ec2cacb49379e92e96d4fa3dafb7523e6ce3549f17f2107dde0,VALID,1.0,,1,2026-08-17T02:30:00+05:30
114f69ab6d594e54b5a20ee5856ea0a3,backfill-20260906-213201,simulator,DEL,BLR,DEL-BLR,2026-09-01,2026-08-17,2026-08-17T02:30:00+05:30,QP,QP593,ECONOMY,,15,4576,1079,0,5655,INR,,,,7f6b544cdbfd661ad3784b264d85456dc32214875cc15336a04841cd7f0a6887,VALID,1.0,,1,2026-08-17T02:30:00+05:30
ca6d0ea0e8fb4789a7da4842309a45a1,backfill-20260906-213201,simulator,DEL,BLR,DEL-BLR,2026-09-01,2026-08-17,2026-08-17T02:30:00+05:30,SG,SG721,ECONOMY,,15,3583,1029,0,4612,INR,,,,e8c41e084fafdf5548bc54a772ecfc6f624a3a11e0de98011f3d01a59e8cfa25,VALID,1.0,,1,2026-08-17T02:30:00+05:30
02c3d598909b4ae98fe7fa21a67f782b,backfill-20260906-213201,simulator,DEL,BLR,DEL-BLR,2026-09-16,2026-08-17,2026-08-17T02:30:00+05:30,6E,6E899,ECONOMY,,30,4161,1058,0,5219,INR,,,,a395832918ccf5cc8330887d130533e1b2fe114fad0022d9b708916d7457094d,VALID,1.0,,1,2026-08-17T02:30:00+05:30
00f9c5ed65b348dfb17c887262928696,backfill-20260906-213201,simulator,DEL,BLR,DEL-BLR,2026-09-16,2026-08-17,2026-08-17T02:30:00+05:30,6E,6E550,ECONOMY,,30,4157,1058,0,5215,INR,,,,b64afbd25731ec205bd37e9fef35df6e36e31dd9fad11706047beabc2cda8aaa,VALID,1.0,,1,2026-08-17T02:30:00+05:30
8c79dccc53b64c61beddcb4a6f17d570,backfill-20260906-213201,simulator,DEL,BLR,DEL-BLR,2026-09-16,2026-08-17,2026-08-17T02:30:00+05:30,6E,6E598,ECONOMY,,30,3509,1025,0,4534,INR,,,,835f29c97dacffd13a3e2f9e8a46819a6120ad4465ed1339bdacfd60e9de069c,VALID,1.0,,1,2026-08-17T02:30:00+05:30
b6b3aaacfc644d17a35548cbf0e270da,backfill-20260906-213201,simulator,DEL,BLR,DEL-BLR,2026-09-16,2026-08-17,2026-08-17T02:30:00+05:30,AI,AI943,ECONOMY,,30,4290,1064,0,5354,INR,,,,18ebbe14a38efd4cb8bf52102f6c5d0e3590a938d52a0144025bcb02b3b880f8,VALID,1.0,,1,2026-08-17T02:30:00+05:30
14ae54d695464605bf93f8bf11d87d0f,backfill-20260906-213201,simulator,DEL,BLR,DEL-BLR,2026-09-16,2026-08-17,2026-08-17T02:30:00+05:30,AI,AI699,ECONOMY,,30,4124,1056,0,5180,INR,,,,b356acaad2073a5eed0517ca1204ba52c964b2b79afa64a7afd667fa8f1ee5da,VALID,1.0,,1,2026-08-17T02:30:00+05:30
76c9fb36affc449c85f2a3f8b1e2bd28,backfill-20260906-213201,simulator,DEL,BLR,DEL-BLR,2026-09-16,2026-08-17,2026-08-17T02:30:00+05:30,QP,QP312,ECONOMY,,30,3681,1034,0,4715,INR,,,,9ff498455339740b68c8b41b724ac862fc610adf2a4fc1ab5f2b98e27670d7f8,VALID,1.0,,1,2026-08-17T02:30:00+05:30
063d0c29f56e470aac27550f450d3589,backfill-20260906-213201,simulator,DEL,BLR,DEL-BLR,2026-09-16,2026-08-17,2026-08-17T02:30:00+05:30,SG,SG576,ECONOMY,,30,4235,1062,0,5297,INR,,,,28db7e1b4c82b9401670f690a502f543f16f1a585b3be8ccea60cff02109752b,VALID,1.0,,1,2026-08-17T02:30:00+05:30
50850f161c9245efab7c8463f0a48c03,backfill-20260906-213201,simulator,DEL,BLR,DEL-BLR,2026-10-01,2026-08-17,2026-08-17T02:30:00+05:30,6E,6E458,ECONOMY,,45,3823,1041,0,4864,INR,,,,1ac22dd565a5d30bd81c07c44340f93e80935d6c4b6a47cf6e3eb8c28128c60c,VALID,1.0,,1,2026-08-17T02:30:00+05:30
1e96ab25052a47b2be99130cb6ea97c3,backfill-20260906-213201,simulator,DEL,BLR,DEL-BLR,2026-10-01,2026-08-17,2026-08-17T02:30:00+05:30,6E,6E653,ECONOMY,,45,3620,1031,0,4651,INR,,,,c8e1798cbac6c694b6e92d47e57f5f700e9ca980828e478eb031e30736459f0a,VALID,1.0,,1,2026-08-17T02:30:00+05:30
6abea7e45bf543118d018f139ea286b9,backfill-20260906-213201,simulator,DEL,BLR,DEL-BLR,2026-10-01,2026-08-17,2026-08-17T02:30:00+05:30,6E,6E382,ECONOMY,,45,3673,1034,0,4707,INR,,,,4e9dd3eef532ed5ce5dc2179e61591e53298c3b540f555dc79a454a1a371d410,VALID,1.0,,1,2026-08-17T02:30:00+05:30
cf08162e20674720bc59a219c953aa14,backfill-20260906-213201,simulator,DEL,BLR,DEL-BLR,2026-10-01,2026-08-17,2026-08-17T02:30:00+05:30,AI,AI391,ECONOMY,,45,4318,1066,0,5384,INR,,,,e5026297a9ba2de4d530b3f48edb29e058e989baf2e5fc1587d30b20741a16f2,VALID,1.0,,1,2026-08-17T02:30:00+05:30
f3ba2370f87c4684a812e43e0537e0f0,backfill-20260906-213201,simulator,DEL,BLR,DEL-BLR,2026-10-01,2026-08-17,2026-08-17T02:30:00+05:30,AI,AI353,ECONOMY,,45,3898,1045,0,4943,INR,,,,4ba886ba302ee9ff6d85185e3f669b3c4d903339ebdb8718d5fce2781fa418ee,VALID,1.0,,1,2026-08-17T02:30:00+05:30
e6b9bc1dce104e40bc513dad3a570204,backfill-20260906-213201,simulator,DEL,BLR,DEL-BLR,2026-10-01,2026-08-17,2026-08-17T02:30:00+05:30,QP,QP595,ECONOMY,,45,3762,1038,0,4800,INR,,,,47f839bb577cbd25d941a9d5402b531f7a9deea94c51e25ee892472f1deddc90,VALID,1.0,,1,2026-08-17T02:30:00+05:30
2a11c5dfe9014085a46b110607295c34,backfill-20260906-213201,simulator,DEL,BLR,DEL-BLR,2026-10-01,2026-08-17,2026-08-17T02:30:00+05:30,SG,SG295,ECONOMY,,45,3661,1033,0,4694,INR,,,,ea400cbb6b967da451c481d3c786d28e418142c4e57b6b8e62a5160a0a0cdaa0,VALID,1.0,,1,2026-08-17T02:30:00+05:30
28e5cbe68554443da7cc070f90b4d2a1,backfill-20260906-213201,simulator,DEL,BOM,DEL-BOM,2026-08-19,2026-08-18,2026-08-18T02:30:00+05:30,6E,6.00E+227,ECONOMY,,1,8356,1268,0,9624,INR,,,,01b716b154b26a2c226ad43b61125950ff3464425b4839b48d28c3727e939bf9,VALID,1.0,,1,2026-08-18T02:30:00+05:30
fcef8f5de56b46ae90d746e7ff8ce3fc,backfill-20260906-213201,simulator,DEL,BOM,DEL-BOM,2026-08-19,2026-08-18,2026-08-18T02:30:00+05:30,6E,6E837,ECONOMY,,1,7879,1244,0,9123,INR,,,,4546ca690d0fde4a6405e77d973545b161875cd601ae51abd7a03fddc94ac2eb,VALID,1.0,,1,2026-08-18T02:30:00+05:30
38631577971f44628db0a5385d63d507,backfill-20260906-213201,simulator,DEL,BOM,DEL-BOM,2026-08-19,2026-08-18,2026-08-18T02:30:00+05:30,6E,6E530,ECONOMY,,1,6438,1172,0,7610,INR,,,,5b10317028bfc5b09c217b2ee3ef91305f9099f88951534d1de30710220a56ea,VALID,1.0,,1,2026-08-18T02:30:00+05:30
337a5166d9b84c3fb5a5b5a51954e105,backfill-20260906-213201,simulator,DEL,BOM,DEL-BOM,2026-08-19,2026-08-18,2026-08-18T02:30:00+05:30,AI,AI285,ECONOMY,,1,8794,1290,0,10084,INR,,,,c2bb3c0a64e9c6e4aaf76d4d57ed205420a3e4e6f68fc65c464a127b3ba5062f,VALID,1.0,,1,2026-08-18T02:30:00+05:30
dcd3d7839fb0428abcc241e4187d6c46,backfill-20260906-213201,simulator,DEL,BOM,DEL-BOM,2026-08-19,2026-08-18,2026-08-18T02:30:00+05:30,AI,AI610,ECONOMY,,1,9092,1305,0,10397,INR,,,,9c4214c90ea11bab49e4a0dfbdcd67875c78f95d2375021d7d20a2d7f1bb153b,VALID,1.0,,1,2026-08-18T02:30:00+05:30
7ca9b48342fe4510b6d71479b74ccb26,backfill-20260906-213201,simulator,DEL,BOM,DEL-BOM,2026-08-19,2026-08-18,2026-08-18T02:30:00+05:30,QP,QP275,ECONOMY,,1,8065,1253,0,9318,INR,,,,df53842d66c4722dbbe59afdce0603921e13659f68d379da2d202094d7ce013e,VALID,1.0,,1,2026-08-18T02:30:00+05:30
e5cdf7328d134120a684a32561580637,backfill-20260906-213201,simulator,DEL,BOM,DEL-BOM,2026-08-19,2026-08-18,2026-08-18T02:30:00+05:30,SG,SG938,ECONOMY,,1,7693,1235,0,8928,INR,,,,c4c6ad2cb101f017eccf15f53cfaa852a38bec773e36152bde648fa549b774ec,VALID,1.0,,1,2026-08-18T02:30:00+05:30
864df0e24f194501b662c8d9ff4457fd,backfill-20260906-213201,simulator,DEL,BOM,DEL-BOM,2026-08-25,2026-08-18,2026-08-18T02:30:00+05:30,6E,6E904,ECONOMY,,7,4515,1076,0,5591,INR,,,,cb4b229dd8f9130a1362269e9b604ab6a65f3417d3cc9ab1ece1b2846318f42b,VALID,1.0,,1,2026-08-18T02:30:00+05:30
dd5276f697074a3db15801dc5d1b0643,backfill-20260906-213201,simulator,DEL,BOM,DEL-BOM,2026-08-25,2026-08-18,2026-08-18T02:30:00+05:30,6E,6.00E+283,ECONOMY,,7,5212,1111,0,6323,INR,,,,8d55f56ac945700ee51a9cc949557f469d95696d0c180646ad799ccd368dc56a,VALID,1.0,,1,2026-08-18T02:30:00+05:30
32166b7911fc4ce3a7505c3802a47896,backfill-20260906-213201,simulator,DEL,BOM,DEL-BOM,2026-08-25,2026-08-18,2026-08-18T02:30:00+05:30,6E,6E923,ECONOMY,,7,6479,1174,0,7653,INR,,,,447441297a5edcab1dd7ede1312c7e617b2b20db96cfaae63924959a847121d0,VALID,1.0,,1,2026-08-18T02:30:00+05:30
9d903ce33d844a80855d685b22b677ae,backfill-20260906-213201,simulator,DEL,BOM,DEL-BOM,2026-08-25,2026-08-18,2026-08-18T02:30:00+05:30,AI,AI856,ECONOMY,,7,5611,1131,0,6742,INR,,,,dd8fe2437a64f0db388dc7696a281eb2c74b2ea889dbf2272954ca80cae374ba,VALID,1.0,,1,2026-08-18T02:30:00+05:30
327270a617684bc69dbf028d8dc5fe95,backfill-20260906-213201,simulator,DEL,BOM,DEL-BOM,2026-08-25,2026-08-18,2026-08-18T02:30:00+05:30,AI,AI650,ECONOMY,,7,4687,1084,0,5771,INR,,,,dc791ce40967a21b53ed2bf8dace453d7e8e108847ffa1fa2aec7cfe7879486f,VALID,1.0,,1,2026-08-18T02:30:00+05:30
42797431229b4c138eef262424de7b38,backfill-20260906-213201,simulator,DEL,BOM,DEL-BOM,2026-08-25,2026-08-18,2026-08-18T02:30:00+05:30,QP,QP874,ECONOMY,,7,4703,1085,0,5788,INR,,,,c87bfec7454320656ec6f3a3721f3838eeafcb17d083fa03179a9902694d21a4,VALID,1.0,,1,2026-08-18T02:30:00+05:30
96e7ff890f3e4a3ba9a52e3aa6b92b5f,backfill-20260906-213201,simulator,DEL,BOM,DEL-BOM,2026-08-25,2026-08-18,2026-08-18T02:30:00+05:30,SG,SG662,ECONOMY,,7,4568,1078,0,5646,INR,,,,6678be2b534a61cd39672250b8ed39d1b367ba6ba0fcbd4ceb4743ed58aad464,VALID,1.0,,1,2026-08-18T02:30:00+05:30
0becefe710fe42bca6464620a0d8a1da,backfill-20260906-213201,simulator,DEL,BOM,DEL-BOM,2026-09-02,2026-08-18,2026-08-18T02:30:00+05:30,6E,6E734,ECONOMY,,15,4779,1089,0,5868,INR,,,,f323185ce1f826395fe00d2c2972efbcfcebffe0d5aa81939b8a4100c87006fa,VALID,1.0,,1,2026-08-18T02:30:00+05:30
0b6c4d59a3c14534966938673125cd52,backfill-20260906-213201,simulator,DEL,BOM,DEL-BOM,2026-09-02,2026-08-18,2026-08-18T02:30:00+05:30,6E,6E565,ECONOMY,,15,4265,1063,0,5328,INR,,,,c59bff5f2c01e1059aa64c043b68cd0ea4dd43cda874bc44c7ef151ea8d3ec18,VALID,1.0,,1,2026-08-18T02:30:00+05:30
172a2ac1d327471ca9457e145c6bad77,backfill-20260906-213201,simulator,DEL,BOM,DEL-BOM,2026-09-02,2026-08-18,2026-08-18T02:30:00+05:30,6E,6E890,ECONOMY,,15,3718,1036,0,4754,INR,,,,aae3a0f1ba00c700fc17c3e4d389c3a519a572662cd57c04f82dd6ca9065ef35,VALID,1.0,,1,2026-08-18T02:30:00+05:30
979c44c166fa4f2b9e3be1c128035be9,backfill-20260906-213201,simulator,DEL,BOM,DEL-BOM,2026-09-02,2026-08-18,2026-08-18T02:30:00+05:30,AI,AI613,ECONOMY,,15,4568,1078,0,5646,INR,,,,f2279b1041c18cf3c67d8fbd3d2c35a8b69842f46cb73ada0e06344bb28ea123,VALID,1.0,,1,2026-08-18T02:30:00+05:30
d3fef2bc5f4c4f05a6d2ead0230709ab,backfill-20260906-213201,simulator,DEL,BOM,DEL-BOM,2026-09-02,2026-08-18,2026-08-18T02:30:00+05:30,AI,AI900,ECONOMY,,15,4687,1084,0,5771,INR,,,,0a35efad7ca6f653d7e6ff6beffc68b55b2fe6dfbc689f906648c97079a76d77,VALID,1.0,,1,2026-08-18T02:30:00+05:30
d5b2490af60c426e87e7065eccc3a0fa,backfill-20260906-213201,simulator,DEL,BOM,DEL-BOM,2026-09-02,2026-08-18,2026-08-18T02:30:00+05:30,QP,QP629,ECONOMY,,15,4198,1060,0,5258,INR,,,,4c3cd5905b194ddff8b38537d42362279a25c7fa30735325975b1ceb1b4ab6d7,VALID,1.0,,1,2026-08-18T02:30:00+05:30
b9773ba609954ee08b227705853bf492,backfill-20260906-213201,simulator,DEL,BOM,DEL-BOM,2026-09-02,2026-08-18,2026-08-18T02:30:00+05:30,SG,SG798,ECONOMY,,15,3696,1035,0,4731,INR,,,,6d48e1f4e46478446d0e17fdb2fc852af9f74765557c83d3fe0e926287373dc9,VALID,1.0,,1,2026-08-18T02:30:00+05:30
a8fe847de9b143f3be049a330cf0a955,backfill-20260906-213201,simulator,DEL,BOM,DEL-BOM,2026-09-17,2026-08-18,2026-08-18T02:30:00+05:30,6E,6E577,ECONOMY,,30,3514,1026,0,4540,INR,,,,2e146ac439356c05b33f6dcbb0b38639c770b752adfb629f678194bed366382e,VALID,1.0,,1,2026-08-18T02:30:00+05:30
06062104af3d4149800f84c24efa8681,backfill-20260906-213201,simulator,DEL,BOM,DEL-BOM,2026-09-17,2026-08-18,2026-08-18T02:30:00+05:30,6E,6E806,ECONOMY,,30,3351,1018,0,4369,INR,,,,b2d741f15a2a6e5f966db5539af39969483ab9a82ae413a4b3f8d3ad5d376364,VALID,1.0,,1,2026-08-18T02:30:00+05:30
5258b4eda5dc43c4b3d49050024f9680,backfill-20260906-213201,simulator,DEL,BOM,DEL-BOM,2026-09-17,2026-08-18,2026-08-18T02:30:00+05:30,6E,6E617,ECONOMY,,30,3335,1017,0,4352,INR,,,,3b6854adf8cbd887b3d3a08c11d105f47464b1d1a8517aa9c5db3c275cfe4abb,VALID,1.0,,1,2026-08-18T02:30:00+05:30
01b39748f08742219702255ea2da8d7c,backfill-20260906-213201,simulator,DEL,BOM,DEL-BOM,2026-09-17,2026-08-18,2026-08-18T02:30:00+05:30,AI,AI834,ECONOMY,,30,4266,1063,0,5329,INR,,,,a36232815db8b7b3073f155187c5703f8970fb2ddc6736d098a2693a231c97c7,VALID,1.0,,1,2026-08-18T02:30:00+05:30
afa37c252f444ceeafc09738146f583a,backfill-20260906-213201,simulator,DEL,BOM,DEL-BOM,2026-09-17,2026-08-18,2026-08-18T02:30:00+05:30,AI,AI516,ECONOMY,,30,3393,1020,0,4413,INR,,,,a83ddcd456ab9a14555bf5ac69d1b7fcf232dd3063d4e41d6d5c62789c6da4e6,VALID,1.0,,1,2026-08-18T02:30:00+05:30
32b02aff12af4686a8e56e1a53d2115e,backfill-20260906-213201,simulator,DEL,BOM,DEL-BOM,2026-09-17,2026-08-18,2026-08-18T02:30:00+05:30,QP,QP204,ECONOMY,,30,3416,1021,0,4437,INR,,,,60c72fa03600c163b05f50a4d7bf187bc9874b4da2ab0240d18f4d8035c4b4f0,VALID,1.0,,1,2026-08-18T02:30:00+05:30
89293cd47ebc42f7ae50e24ae53e48da,backfill-20260906-213201,simulator,DEL,BOM,DEL-BOM,2026-09-17,2026-08-18,2026-08-18T02:30:00+05:30,SG,SG506,ECONOMY,,30,3492,1025,0,4517,INR,,,,45846d318e83093b083aef2069cda6e4be6259544d7a822cab1e16f7ddf62eeb,VALID,1.0,,1,2026-08-18T02:30:00+05:30
ed5fd21eea3d4d52804e8258f18d1a88,backfill-20260906-213201,simulator,DEL,BOM,DEL-BOM,2026-10-02,2026-08-18,2026-08-18T02:30:00+05:30,6E,6E645,ECONOMY,,45,4461,1073,0,5534,INR,,,,c04361610351a30a348c06ec0baef18b9add6ffe958511c9e962d6bccf1c7673,VALID,1.0,,1,2026-08-18T02:30:00+05:30
5c6c5ca850ea43dab3a27edc8d8f267f,backfill-20260906-213201,simulator,DEL,BOM,DEL-BOM,2026-10-02,2026-08-18,2026-08-18T02:30:00+05:30,6E,6E418,ECONOMY,,45,4003,1050,0,5053,INR,,,,f1f8d71770194808524c9f9cae0b2f2255188bc9050bc1ac59cf98344c1119d0,VALID,1.0,,1,2026-08-18T02:30:00+05:30
f97810957c284cb89983ee98f44700c0,backfill-20260906-213201,simulator,DEL,BOM,DEL-BOM,2026-10-02,2026-08-18,2026-08-18T02:30:00+05:30,6E,6E409,ECONOMY,,45,3715,1036,0,4751,INR,,,,9a5670287aed7b89b226d592c729dd2af54efd54db79ef1ca64f1a546c1ef2b4,VALID,1.0,,1,2026-08-18T02:30:00+05:30
13f9f159a8d34c4cb78eb77fda49f4c3,backfill-20260906-213201,simulator,DEL,BOM,DEL-BOM,2026-10-02,2026-08-18,2026-08-18T02:30:00+05:30,AI,AI611,ECONOMY,,45,3728,1036,0,4764,INR,,,,09c7113ebc7a659af983a3e1fe022e781af071b5c28ae834a9d60f565649ca9d,VALID,1.0,,1,2026-08-18T02:30:00+05:30
be9759daec9c4e7c8ca039257ceca504,backfill-20260906-213201,simulator,DEL,BOM,DEL-BOM,2026-10-02,2026-08-18,2026-08-18T02:30:00+05:30,AI,AI257,ECONOMY,,45,4429,1071,0,5500,INR,,,,9ec9522c716977118668f4f3f3d6329d5f9e032e5a914ba35e88c1a2418cbc65,VALID,1.0,,1,2026-08-18T02:30:00+05:30
7f1754b805334a30b58551ab7d738ed1,backfill-20260906-213201,simulator,DEL,BOM,DEL-BOM,2026-10-02,2026-08-18,2026-08-18T02:30:00+05:30,QP,QP418,ECONOMY,,45,3731,1037,0,4768,INR,,,,6f8a23d83eec73b893c619f60245ce59d6e245a89f623e7d5c9dae1975f0ea21,VALID,1.0,,1,2026-08-18T02:30:00+05:30
ea03f0fc4b134908ab54e59d1ad28274,backfill-20260906-213201,simulator,DEL,BOM,DEL-BOM,2026-10-02,2026-08-18,2026-08-18T02:30:00+05:30,SG,SG464,ECONOMY,,45,3571,1029,0,4600,INR,,,,cd94986c2a945155f6d128de785a68c441a4269d56f2ba247da9e78ffbac3076,VALID,1.0,,1,2026-08-18T02:30:00+05:30
961ac1022a6d4cefa2b00d53ac36cb53,backfill-20260906-213201,simulator,DEL,BLR,DEL-BLR,2026-08-19,2026-08-18,2026-08-18T02:30:00+05:30,6E,6E379,ECONOMY,,1,9438,1322,0,10760,INR,,,,3f48fff80436c2abafd746edb07965ccc4d7166e2298a07e2f0f1c6c3ddf3db6,VALID,1.0,,1,2026-08-18T02:30:00+05:30
70994df87d89466582c5821d5b60a029,backfill-20260906-213201,simulator,DEL,BLR,DEL-BLR,2026-08-19,2026-08-18,2026-08-18T02:30:00+05:30,6E,6E330,ECONOMY,,1,8508,1275,0,9783,INR,,,,adcb16aae1b101c9d016d0fabccc126eb4033012dab3b3c77c98eb2f43d6cf66,VALID,1.0,,1,2026-08-18T02:30:00+05:30
afe4a7e10e284bac9836f02cd4468624,backfill-20260906-213201,simulator,DEL,BLR,DEL-BLR,2026-08-19,2026-08-18,2026-08-18T02:30:00+05:30,AI,AI934,ECONOMY,,1,11081,1404,0,12485,INR,,,,ad1bdc58f00badbcb206fbcb539105e4f5cb3ddcc3a8ae7954e7db8039fd8e99,VALID,1.0,,1,2026-08-18T02:30:00+05:30
12cf1dfd003f472e89215997f37a7423,backfill-20260906-213201,simulator,DEL,BLR,DEL-BLR,2026-08-19,2026-08-18,2026-08-18T02:30:00+05:30,AI,AI870,ECONOMY,,1,9869,1343,0,11212,INR,,,,2d40f3e487a33fea00beda18f1f939597d157a09f97964cdcdcb0fe2b156dc0c,VALID,1.0,,1,2026-08-18T02:30:00+05:30
23fb01d9aeae4e62807f2e2b49f638b4,backfill-20260906-213201,simulator,DEL,BLR,DEL-BLR,2026-08-19,2026-08-18,2026-08-18T02:30:00+05:30,QP,QP564,ECONOMY,,1,8721,1286,0,10007,INR,,,,1682c0d5b359b498ff305012b010890cd46f4374179ef2db158374d5fbdba253,VALID,1.0,,1,2026-08-18T02:30:00+05:30
51462776170c4567b65b64843d750f0f,backfill-20260906-213201,simulator,DEL,BLR,DEL-BLR,2026-08-25,2026-08-18,2026-08-18T02:30:00+05:30,6E,6E311,ECONOMY,,7,5421,1121,0,6542,INR,,,,dbe07ef79555c55275b5a4a58d5f35ea89490def42c97cc00ee1c65e1bab04c1,VALID,1.0,,1,2026-08-18T02:30:00+05:30
a81156eabdd844c1a3af4d5c7eabdc30,backfill-20260906-213201,simulator,DEL,BLR,DEL-BLR,2026-08-25,2026-08-18,2026-08-18T02:30:00+05:30,6E,6E950,ECONOMY,,7,5438,1122,0,6560,INR,,,,e58953a91adf24aa5586a4af9e505084588c570a9a434bf3aff3254842044cc2,VALID,1.0,,1,2026-08-18T02:30:00+05:30
8200b9ea04074626b820a8e3d804d090,backfill-20260906-213201,simulator,DEL,BLR,DEL-BLR,2026-08-25,2026-08-18,2026-08-18T02:30:00+05:30,6E,6E868,ECONOMY,,7,5266,1113,0,6379,INR,,,,4d1ba046b83e3f88aab1743a42e2616e05d816cdc05e393451be54a424757db2,VALID,1.0,,1,2026-08-18T02:30:00+05:30
340a0173f5744181b583d75f965bfaf5,backfill-20260906-213201,simulator,DEL,BLR,DEL-BLR,2026-08-25,2026-08-18,2026-08-18T02:30:00+05:30,AI,AI237,ECONOMY,,7,6005,1150,0,7155,INR,,,,561892854584c483ebdaece1eb5be052c676301c8abab028f2cc1575ce9e2506,VALID,1.0,,1,2026-08-18T02:30:00+05:30
99b205d8f2444585ab18a3e640115f56,backfill-20260906-213201,simulator,DEL,BLR,DEL-BLR,2026-08-25,2026-08-18,2026-08-18T02:30:00+05:30,AI,AI624,ECONOMY,,7,6281,1164,0,7445,INR,,,,36df4b870c0e932c8fd1b6debc64e532b0f98401081b6a81ccdcf1a385e4286b,VALID,1.0,,1,2026-08-18T02:30:00+05:30
18639236cfbe40858a6aaed7f5f9ac77,backfill-20260906-213201,simulator,DEL,BLR,DEL-BLR,2026-08-25,2026-08-18,2026-08-18T02:30:00+05:30,QP,QP274,ECONOMY,,7,5846,1142,0,6988,INR,,,,0a1138bb3896cd2b1952c4e91a9b7ca86d733160c569abcda4f0bd126a094265,VALID,1.0,,1,2026-08-18T02:30:00+05:30
1362f1636e0b471d942fbf96792c3f5a,backfill-20260906-213201,simulator,DEL,BLR,DEL-BLR,2026-08-25,2026-08-18,2026-08-18T02:30:00+05:30,SG,SG643,ECONOMY,,7,5953,1148,0,7101,INR,,,,a6bd99ba669c4e51a71bb18705cb0eed67d080ef23da6a3ed349c4825105f5a5,VALID,1.0,,1,2026-08-18T02:30:00+05:30
98d85fcb53b544f7bff164056cc4caf3,backfill-20260906-213201,simulator,DEL,BLR,DEL-BLR,2026-09-02,2026-08-18,2026-08-18T02:30:00+05:30,6E,6E562,ECONOMY,,15,4480,1074,0,5554,INR,,,,3cdd83cf2eb79910089b6d33c15d25f091e0804bf59458ad004541e062aa3d1a,VALID,1.0,,1,2026-08-18T02:30:00+05:30
022485d374d84002953f171874e91659,backfill-20260906-213201,simulator,DEL,BLR,DEL-BLR,2026-09-02,2026-08-18,2026-08-18T02:30:00+05:30,6E,6E881,ECONOMY,,15,4695,1085,0,5780,INR,,,,23288b1f530688c3e214ef58e462bf5d3fe42701d98ce3d11af050ff9eb31d37,VALID,1.0,,1,2026-08-18T02:30:00+05:30
eb88fdff73aa47ab87fc1dc6d518acfb,backfill-20260906-213201,simulator,DEL,BLR,DEL-BLR,2026-09-02,2026-08-18,2026-08-18T02:30:00+05:30,6E,6E339,ECONOMY,,15,4729,1086,0,5815,INR,,,,e50afd0ea3872101d4173f2ced0a15506dea5b720a4cf409d6d50a6e6f5be576,VALID,1.0,,1,2026-08-18T02:30:00+05:30
a52ba053f00b4c4c93e6a9906eda76ca,backfill-20260906-213201,simulator,DEL,BLR,DEL-BLR,2026-09-02,2026-08-18,2026-08-18T02:30:00+05:30,AI,AI734,ECONOMY,,15,5391,1120,0,6511,INR,,,,7b65e1b59f43e7d35ac72337c7e34c503337063de07c717501883cf6517e33a0,VALID,1.0,,1,2026-08-18T02:30:00+05:30
514eeb0b4a9845028d107900e1d15d37,backfill-20260906-213201,simulator,DEL,BLR,DEL-BLR,2026-09-02,2026-08-18,2026-08-18T02:30:00+05:30,AI,AI215,ECONOMY,,15,5467,1123,0,6590,INR,,,,b5f01b6f997ea42fb7a3ed3a2534895f691f1696f28ae7137943c35b65bed29d,VALID,1.0,,1,2026-08-18T02:30:00+05:30
546caec945234d508246559638b45353,backfill-20260906-213201,simulator,DEL,BLR,DEL-BLR,2026-09-02,2026-08-18,2026-08-18T02:30:00+05:30,QP,QP677,ECONOMY,,15,4336,1067,0,5403,INR,,,,9602d670a59e70c04faf90224a363904f92141c53e6084f05429548e011b6912,VALID,1.0,,1,2026-08-18T02:30:00+05:30
424e1cbd4f24485dad7fabc6310509c5,backfill-20260906-213201,simulator,DEL,BLR,DEL-BLR,2026-09-02,2026-08-18,2026-08-18T02:30:00+05:30,SG,SG700,ECONOMY,,15,4290,1064,0,5354,INR,,,,efad348bee327abe4f6d59f0d931d1f462efd1cd9b0d133fc54d6c556d7c24ba,VALID,1.0,,1,2026-08-18T02:30:00+05:30
630364f917af4b3d8755185ea6855caa,backfill-20260906-213201,simulator,DEL,BLR,DEL-BLR,2026-09-17,2026-08-18,2026-08-18T02:30:00+05:30,6E,6E732,ECONOMY,,30,4285,1064,0,5349,INR,,,,07b6a4920aa147b0a4bd97ec228577930e67f5d1462e50f3ac2a56376b45a9f9,VALID,1.0,,1,2026-08-18T02:30:00+05:30
a4ec175f94304ad58f6200e192a66379,backfill-20260906-213201,simulator,DEL,BLR,DEL-BLR,2026-09-17,2026-08-18,2026-08-18T02:30:00+05:30,6E,6E787,ECONOMY,,30,5015,1101,0,6116,INR,,,,810d684396177b61cc2f6cf3caf16f3c511ed76d54c0a560913ac4db56be59c7,VALID,1.0,,1,2026-08-18T02:30:00+05:30
6358efe623c34c56a824d8d88573f5ec,backfill-20260906-213201,simulator,DEL,BLR,DEL-BLR,2026-09-17,2026-08-18,2026-08-18T02:30:00+05:30,6E,6E332,ECONOMY,,30,4219,1061,0,5280,INR,,,,8dc79606534c9939c863b10ecec52d461bcc5882dc711940c81b44f4db9ad0d5,VALID,1.0,,1,2026-08-18T02:30:00+05:30
60a8599d8e3642c1b02590357d12c1ac,backfill-20260906-213201,simulator,DEL,BLR,DEL-BLR,2026-09-17,2026-08-18,2026-08-18T02:30:00+05:30,AI,AI859,ECONOMY,,30,4366,1068,0,5434,INR,,,,06b8bb96e260789227449451e46bf8523766e738ad48426528a5064a81d54c5f,VALID,1.0,,1,2026-08-18T02:30:00+05:30
8845f331e49742089c95aeec73ffd6d6,backfill-20260906-213201,simulator,DEL,BLR,DEL-BLR,2026-09-17,2026-08-18,2026-08-18T02:30:00+05:30,AI,AI270,ECONOMY,,30,4199,1060,0,5259,INR,,,,c58db0401f16f8c890ec3c222c0fe33daa55e7189bd4587d56fa400a71c797b8,VALID,1.0,,1,2026-08-18T02:30:00+05:30
ec736d7b1758494f923f0a9cb631cc59,backfill-20260906-213201,simulator,DEL,BLR,DEL-BLR,2026-09-17,2026-08-18,2026-08-18T02:30:00+05:30,QP,QP739,ECONOMY,,30,3917,1046,0,4963,INR,,,,e5d7f4d7df04dbc4a5d208246d7fbefd74c04be718477634a752f9dbe1b11ed1,VALID,1.0,,1,2026-08-18T02:30:00+05:30
5b4690dbf0864bbda0c87cc702547446,backfill-20260906-213201,simulator,DEL,BLR,DEL-BLR,2026-09-17,2026-08-18,2026-08-18T02:30:00+05:30,SG,SG321,ECONOMY,,30,3970,1049,0,5019,INR,,,,b0ca0dbf999c4d1422d86bc27ed2648b214e763e3bb5d1b6bc11fac4cea07d3b,VALID,1.0,,1,2026-08-18T02:30:00+05:30
36c45eb8bee54f97b3f2e1ed715d7060,backfill-20260906-213201,simulator,DEL,BLR,DEL-BLR,2026-10-02,2026-08-18,2026-08-18T02:30:00+05:30,6E,6E735,ECONOMY,,45,3969,1048,0,5017,INR,,,,1cef24ef619726ff8ac391abcbbdb396e759981473136675465d3c6d02154c1d,VALID,1.0,,1,2026-08-18T02:30:00+05:30
73a15e18e44b445dacdc7a2e1dde33df,backfill-20260906-213201,simulator,DEL,BLR,DEL-BLR,2026-10-02,2026-08-18,2026-08-18T02:30:00+05:30,6E,6E574,ECONOMY,,45,4289,1064,0,5353,INR,,,,de3e72be676b3534e8a386307c7e0afe569c40e61057faa6345408f18438531a,VALID,1.0,,1,2026-08-18T02:30:00+05:30
685427c315444e82bc89595b2b7921c2,backfill-20260906-213201,simulator,DEL,BLR,DEL-BLR,2026-10-02,2026-08-18,2026-08-18T02:30:00+05:30,6E,6E894,ECONOMY,,45,4847,1092,0,5939,INR,,,,896fd2d6b4ed94b41774a1a6bfad3bc22a547ee4f942278a5f6bd2fda2a688f0,VALID,1.0,,1,2026-08-18T02:30:00+05:30
902d4ade6ce346159d6974c70fadd0db,backfill-20260906-213201,simulator,DEL,BLR,DEL-BLR,2026-10-02,2026-08-18,2026-08-18T02:30:00+05:30,AI,AI666,ECONOMY,,45,5093,1105,0,6198,INR,,,,a8449a8d93735dc6eb8f0334e35c1e0982f8b2d53ad9009f35a0869c97f86e53,VALID,1.0,,1,2026-08-18T02:30:00+05:30
ee5cf07ea9dc495db2731672c33c6407,backfill-20260906-213201,simulator,DEL,BLR,DEL-BLR,2026-10-02,2026-08-18,2026-08-18T02:30:00+05:30,AI,AI431,ECONOMY,,45,4351,1068,0,5419,INR,,,,dc1a5891de475624df0c12108cea3d264a1b656f63aaf32b046763903b6b5856,VALID,1.0,,1,2026-08-18T02:30:00+05:30
2bbb1db922ec49308cd7f29deb01bbef,backfill-20260906-213201,simulator,DEL,BLR,DEL-BLR,2026-10-02,2026-08-18,2026-08-18T02:30:00+05:30,QP,QP638,ECONOMY,,45,3944,1047,0,4991,INR,,,,a7ea065b04e257542db13bb38b08462e4256c32a32f0b15f6af784ad8cf46801,VALID,1.0,,1,2026-08-18T02:30:00+05:30
ce2b76d6da394e89844e922250071e95,backfill-20260906-213201,simulator,DEL,BLR,DEL-BLR,2026-10-02,2026-08-18,2026-08-18T02:30:00+05:30,SG,SG942,ECONOMY,,45,4406,1070,0,5476,INR,,,,3ea24a3df96cc484d374676b0cdaf4d4403d01688cbc8cad22daef042737032a,VALID,1.0,,1,2026-08-18T02:30:00+05:30
2460121cd6024b979da1625f35b5a02f,backfill-20260906-213201,simulator,DEL,BOM,DEL-BOM,2026-08-20,2026-08-19,2026-08-19T02:30:00+05:30,6E,6E780,ECONOMY,,1,8894,1295,0,10189,INR,,,,acc0406c3c9e6edbd78b7de4fe8aff8b359b1b120d53f1ab0aa02163af95dad1,VALID,1.0,,1,2026-08-19T02:30:00+05:30
2003410d1da74d9997d7a04835999bbc,backfill-20260906-213201,simulator,DEL,BOM,DEL-BOM,2026-08-20,2026-08-19,2026-08-19T02:30:00+05:30,6E,6E573,ECONOMY,,1,8149,1257,0,9406,INR,,,,9f28fdc051cd038f58dd2d6982b167105187c76ecff184f06a45b94195f7eb80,VALID,1.0,,1,2026-08-19T02:30:00+05:30
bf1f35ef94024ca78cbe81514adbe722,backfill-20260906-213201,simulator,DEL,BOM,DEL-BOM,2026-08-20,2026-08-19,2026-08-19T02:30:00+05:30,6E,6E619,ECONOMY,,1,7983,1249,0,9232,INR,,,,2e1de2b06f9438a567c7c1cc68e43efdef3e4907feee551a47e2319a2a3365b6,VALID,1.0,,1,2026-08-19T02:30:00+05:30
5e56c26cdfb14e2b8f74164451f0bb81,backfill-20260906-213201,simulator,DEL,BOM,DEL-BOM,2026-08-20,2026-08-19,2026-08-19T02:30:00+05:30,AI,AI364,ECONOMY,,1,8985,1299,0,10284,INR,,,,8c6cd4ce21959adbbd8f725a9e3551f5e8098338974f09d2678e9ead099653a0,VALID,1.0,,1,2026-08-19T02:30:00+05:30
2383f44b6b0b4f189f946fb0e88f0896,backfill-20260906-213201,simulator,DEL,BOM,DEL-BOM,2026-08-20,2026-08-19,2026-08-19T02:30:00+05:30,AI,AI226,ECONOMY,,1,8807,1290,0,10097,INR,,,,acb84b17f216fcb07e0204a803e7defe1174a8a14fbeef22438e45e3a00161cc,VALID,1.0,,1,2026-08-19T02:30:00+05:30
38107e3c1f294a86837a96d3a2b0bc11,backfill-20260906-213201,simulator,DEL,BOM,DEL-BOM,2026-08-20,2026-08-19,2026-08-19T02:30:00+05:30,QP,QP277,ECONOMY,,1,7970,1248,0,9218,INR,,,,47e88daf40266f9ef16fb2aa17e430732f148661121e0ebb30908038b3a83667,VALID,1.0,,1,2026-08-19T02:30:00+05:30
77d7ee81ba3345c5a22d460573d62a74,backfill-20260906-213201,simulator,DEL,BOM,DEL-BOM,2026-08-20,2026-08-19,2026-08-19T02:30:00+05:30,SG,SG667,ECONOMY,,1,7911,1246,0,9157,INR,,,,8594be2fa9dfa69da165856319f131f1d3866cf63ecfa31ae88aedf8dfc40840,VALID,1.0,,1,2026-08-19T02:30:00+05:30
56f35ec6537b4c81b6454e3d80f91b1f,backfill-20260906-213201,simulator,DEL,BOM,DEL-BOM,2026-08-26,2026-08-19,2026-08-19T02:30:00+05:30,6E,6E372,ECONOMY,,7,4861,1093,0,5954,INR,,,,c161d50a1d9ae35b58c9b291212286da328f86fdb26c022410f4f9b52f68f74b,VALID,1.0,,1,2026-08-19T02:30:00+05:30
b3fad13a94ef4dca99fd3e194c3f522d,backfill-20260906-213201,simulator,DEL,BOM,DEL-BOM,2026-08-26,2026-08-19,2026-08-19T02:30:00+05:30,6E,6E951,ECONOMY,,7,4779,1089,0,5868,INR,,,,c8ae9e3d81de1c1d2fffd097d4ffd52e7a11c7b042e044103e6a8003caf7dc84,VALID,1.0,,1,2026-08-19T02:30:00+05:30
865735d537aa4cb1849772f442b86fe8,backfill-20260906-213201,simulator,DEL,BOM,DEL-BOM,2026-08-26,2026-08-19,2026-08-19T02:30:00+05:30,6E,6E658,ECONOMY,,7,5067,1103,0,6170,INR,,,,23b2edf729dcfc9ab718dd9c5649310c5b92ec3d40ffc4e7f32c2ed0643a3201,VALID,1.0,,1,2026-08-19T02:30:00+05:30
1ae7ca0c41c64947bff866c70bee71be,backfill-20260906-213201,simulator,DEL,BOM,DEL-BOM,2026-08-26,2026-08-19,2026-08-19T02:30:00+05:30,AI,AI901,ECONOMY,,7,6159,1158,0,7317,INR,,,,179e75653466751d7c1a54085d51495421ea559322871d12933b9fc6404376b1,VALID,1.0,,1,2026-08-19T02:30:00+05:30
2b9cc9a704c14e5f96e17d8924c32cf2,backfill-20260906-213201,simulator,DEL,BOM,DEL-BOM,2026-08-26,2026-08-19,2026-08-19T02:30:00+05:30,AI,AI235,ECONOMY,,7,5470,1123,0,6593,INR,,,,cbe4d1c30377d62236f73f6568c7b84576cebbc077155a38e1e01afe75593b20,VALID,1.0,,1,2026-08-19T02:30:00+05:30
c1ff33e8630b4273a61e7a19cb572b22,backfill-20260906-213201,simulator,DEL,BOM,DEL-BOM,2026-08-26,2026-08-19,2026-08-19T02:30:00+05:30,QP,QP235,ECONOMY,,7,4932,1097,0,6029,INR,,,,b13086c2a7bd3e3b98a89f5b3ee45987645352a85c8152addbd7fed79fc1fd76,VALID,1.0,,1,2026-08-19T02:30:00+05:30
632f67d5481a4318abcb664b7269daec,backfill-20260906-213201,simulator,DEL,BOM,DEL-BOM,2026-08-26,2026-08-19,2026-08-19T02:30:00+05:30,SG,SG430,ECONOMY,,7,4957,1098,0,6055,INR,,,,d37ca5a2459a6392c8bb0e94dddcfc750f4083165d6d8a8cf33474c93cb3110e,VALID,1.0,,1,2026-08-19T02:30:00+05:30
3a3d6866f1a943af92c5ad37c00a96a9,backfill-20260906-213201,simulator,DEL,BOM,DEL-BOM,2026-09-03,2026-08-19,2026-08-19T02:30:00+05:30,6E,6.00E+251,ECONOMY,,15,3843,1042,0,4885,INR,,,,073489c0ff3e5e773f7a0b637c0be6b8cec5724a5cdc09521540c6f4eb13329c,VALID,1.0,,1,2026-08-19T02:30:00+05:30
9f8f36ef9e104961908f44ec09edefe1,backfill-20260906-213201,simulator,DEL,BOM,DEL-BOM,2026-09-03,2026-08-19,2026-08-19T02:30:00+05:30,6E,6E757,ECONOMY,,15,3922,1046,0,4968,INR,,,,4424f93c1e5300695e53fe84c0671e32ce0d7fa05489664ed7df34799e424427,VALID,1.0,,1,2026-08-19T02:30:00+05:30
7984d169b19744d6b070c0875ebe8801,backfill-20260906-213201,simulator,DEL,BOM,DEL-BOM,2026-09-03,2026-08-19,2026-08-19T02:30:00+05:30,6E,6E735,ECONOMY,,15,4211,1061,0,5272,INR,,,,706453d791b3433355886b1bf62f7d5b16acd46da21fe4d79229e5a5c8eac193,VALID,1.0,,1,2026-08-19T02:30:00+05:30
cac08bbc875c4b0998d1a3d8d9e03cbe,backfill-20260906-213201,simulator,DEL,BOM,DEL-BOM,2026-09-03,2026-08-19,2026-08-19T02:30:00+05:30,AI,AI848,ECONOMY,,15,4156,1058,0,5214,INR,,,,c58d4e817095d1c598bf99ba6164879c8256dfc6e23e9389a7e765cd6dcfb391,VALID,1.0,,1,2026-08-19T02:30:00+05:30
a9f841c141ce4fd8ad662945880093d3,backfill-20260906-213201,simulator,DEL,BOM,DEL-BOM,2026-09-03,2026-08-19,2026-08-19T02:30:00+05:30,AI,AI583,ECONOMY,,15,4315,1066,0,5381,INR,,,,d18432c62aa77643119c48367332aa493947ca9fc8addb44c68e3d6f70cd2ccc,VALID,1.0,,1,2026-08-19T02:30:00+05:30
fa91cf32803e40a68d346126f193b34a,backfill-20260906-213201,simulator,DEL,BOM,DEL-BOM,2026-09-03,2026-08-19,2026-08-19T02:30:00+05:30,QP,QP671,ECONOMY,,15,3667,1033,0,4700,INR,,,,eb21420daf682064267e8aa29c42ddd9c75c2d5e306850025153dc55d06c3f3c,VALID,1.0,,1,2026-08-19T02:30:00+05:30
533a6560596f41cab0ce702e97346fcd,backfill-20260906-213201,simulator,DEL,BOM,DEL-BOM,2026-09-03,2026-08-19,2026-08-19T02:30:00+05:30,SG,SG899,ECONOMY,,15,3835,1042,0,4877,INR,,,,65fefdc3adc2de6cbc96c5a8d3bbb9470c836f16fe3ad9d0f052e20b051a0044,VALID,1.0,,1,2026-08-19T02:30:00+05:30
a8075a593ae14d6ca5d5571c4e2568f5,backfill-20260906-213201,simulator,DEL,BOM,DEL-BOM,2026-09-18,2026-08-19,2026-08-19T02:30:00+05:30,6E,6E802,ECONOMY,,30,3987,1049,0,5036,INR,,,,521f4862adcdc2adee16d18e0f4a5eb8e4335ea7daedaf6e30a667d6d2bb8113,VALID,1.0,,1,2026-08-19T02:30:00+05:30
52a46e630d7b48b8893d65a831efee36,backfill-20260906-213201,simulator,DEL,BOM,DEL-BOM,2026-09-18,2026-08-19,2026-08-19T02:30:00+05:30,6E,6E333,ECONOMY,,30,3828,1041,0,4869,INR,,,,f4bc01d8bc0110608a127b88e778a9176f25884d9827ee95501fe8d6edf9a7e8,VALID,1.0,,1,2026-08-19T02:30:00+05:30
4cb530fe36a04d8284f6c08ba2e8a7e6,backfill-20260906-213201,simulator,DEL,BOM,DEL-BOM,2026-09-18,2026-08-19,2026-08-19T02:30:00+05:30,6E,6E596,ECONOMY,,30,4296,1065,0,5361,INR,,,,51cccaf0cd571bc68ff53021557ca340b40c569eaec9ce668bcb5742bfa916ed,VALID,1.0,,1,2026-08-19T02:30:00+05:30
218d4f5901344c938a27351814de9ed6,backfill-20260906-213201,simulator,DEL,BOM,DEL-BOM,2026-09-18,2026-08-19,2026-08-19T02:30:00+05:30,AI,AI903,ECONOMY,,30,4828,1091,0,5919,INR,,,,b65d3aca2701fd8d87bb1639afc8bb4de2f6a952ec1acc9c6a9559284db2ea57,VALID,1.0,,1,2026-08-19T02:30:00+05:30
a2cdb7aaa63d477e85169212a6843207,backfill-20260906-213201,simulator,DEL,BOM,DEL-BOM,2026-09-18,2026-08-19,2026-08-19T02:30:00+05:30,AI,AI751,ECONOMY,,30,4263,1063,0,5326,INR,,,,e5594074a91e1bf48123f9ace23668d7b16dee9d3b362e3722e3d6748ee0a3a1,VALID,1.0,,1,2026-08-19T02:30:00+05:30
d5d595e5bce44e26bd6688a22924bbd2,backfill-20260906-213201,simulator,DEL,BOM,DEL-BOM,2026-09-18,2026-08-19,2026-08-19T02:30:00+05:30,QP,QP462,ECONOMY,,30,4067,1053,0,5120,INR,,,,643bf5a49bbe61904b3cf0bf1c08b887d266907a16da2c47eaa3981a52fc70a8,VALID,1.0,,1,2026-08-19T02:30:00+05:30
5f4c2d8b10754649a85c81cf58f28d82,backfill-20260906-213201,simulator,DEL,BOM,DEL-BOM,2026-09-18,2026-08-19,2026-08-19T02:30:00+05:30,SG,SG904,ECONOMY,,30,3743,1037,0,4780,INR,,,,3131f2d92aaaa04198cc71c881c9e050da6b2e07e543cdca7353b72cd7a56e5f,VALID,1.0,,1,2026-08-19T02:30:00+05:30
d55003bd625a4d98854a3835ae74ec4e,backfill-20260906-213201,simulator,DEL,BOM,DEL-BOM,2026-10-03,2026-08-19,2026-08-19T02:30:00+05:30,6E,6E451,ECONOMY,,45,3451,1023,0,4474,INR,,,,fea7e13d6958b9880ebb8bd22a1a832d5464132c4a6c7a9324f900ac41725371,VALID,1.0,,1,2026-08-19T02:30:00+05:30
54db901ccce34496974b3190b748a681,backfill-20260906-213201,simulator,DEL,BOM,DEL-BOM,2026-10-03,2026-08-19,2026-08-19T02:30:00+05:30,6E,6E843,ECONOMY,,45,3521,1026,0,4547,INR,,,,7e721aa6fc8c51f1c646084330b4b434f5ba42e86ba4affae0724ecd34ef5d31,VALID,1.0,,1,2026-08-19T02:30:00+05:30
069cc5add92d4d9fba6ce2e1fde40190,backfill-20260906-213201,simulator,DEL,BOM,DEL-BOM,2026-10-03,2026-08-19,2026-08-19T02:30:00+05:30,6E,6E939,ECONOMY,,45,3444,1022,0,4466,INR,,,,d7aa6c3f9579ebb4e82661a59b7d0259161835e30a7a30a912880e19f497553e,VALID,1.0,,1,2026-08-19T02:30:00+05:30
f2bc7bf4aac04754866ba75c735a9879,backfill-20260906-213201,simulator,DEL,BOM,DEL-BOM,2026-10-03,2026-08-19,2026-08-19T02:30:00+05:30,AI,AI381,ECONOMY,,45,3608,1030,0,4638,INR,,,,947df9ea9e3ffeb17560691857e290eac1e66a8dbd48aa9ee7cd69b33046ced8,VALID,1.0,,1,2026-08-19T02:30:00+05:30
8397997189464aa0bfdac1c4d24b15fe,backfill-20260906-213201,simulator,DEL,BOM,DEL-BOM,2026-10-03,2026-08-19,2026-08-19T02:30:00+05:30,AI,AI526,ECONOMY,,45,4051,1053,0,5104,INR,,,,3d4218753e71332d8488d2129c3806321603f13a48dde175d3b8237faa722888,VALID,1.0,,1,2026-08-19T02:30:00+05:30
ead8e4f003c54361b70f24c53fa3c821,backfill-20260906-213201,simulator,DEL,BOM,DEL-BOM,2026-10-03,2026-08-19,2026-08-19T02:30:00+05:30,QP,QP605,ECONOMY,,45,3126,1006,0,4132,INR,,,,2deb323a89edb89dac764c08075266d5cfdbccac86f9bba3a6e3b84555960513,VALID,1.0,,1,2026-08-19T02:30:00+05:30
debbc3843062496d8f0528c072ff2621,backfill-20260906-213201,simulator,DEL,BOM,DEL-BOM,2026-10-03,2026-08-19,2026-08-19T02:30:00+05:30,SG,SG232,ECONOMY,,45,3156,1008,0,4164,INR,,,,b696d8d28f27133cba0b20aa24e94f6c3bbceab6b3783d8daad57398c475fe4a,VALID,1.0,,1,2026-08-19T02:30:00+05:30
5bd4b14cab4e41dc916a4a408a9755f4,backfill-20260906-213201,simulator,DEL,BLR,DEL-BLR,2026-08-20,2026-08-19,2026-08-19T02:30:00+05:30,6E,6E652,ECONOMY,,1,8278,1264,0,9542,INR,,,,0e94e16732ae3025f5d6f5ca378f98614211f7894166c18b8d4efbab84a91b94,VALID,1.0,,1,2026-08-19T02:30:00+05:30
f1f6fb98ba324f0296abb2cdcdad2a60,backfill-20260906-213201,simulator,DEL,BLR,DEL-BLR,2026-08-20,2026-08-19,2026-08-19T02:30:00+05:30,6E,6E517,ECONOMY,,1,9357,1318,0,10675,INR,,,,33c1a5c5234fc8c41e2543ba68067c0e5f5c9302242f79e9da7f62cf5650293a,VALID,1.0,,1,2026-08-19T02:30:00+05:30
a10472ee68cc495aa8751cfc91ecde8d,backfill-20260906-213201,simulator,DEL,BLR,DEL-BLR,2026-08-20,2026-08-19,2026-08-19T02:30:00+05:30,AI,AI664,ECONOMY,,1,9232,1312,0,10544,INR,,,,9f7b976c2b14d4532d430ff6403e0e2b459500dfeb66ab8c785c919098b44f6d,VALID,1.0,,1,2026-08-19T02:30:00+05:30
4936326bfcb34b11bd0764b8d05e6f6d,backfill-20260906-213201,simulator,DEL,BLR,DEL-BLR,2026-08-20,2026-08-19,2026-08-19T02:30:00+05:30,AI,AI425,ECONOMY,,1,10930,1397,0,12327,INR,,,,5f8b3121e860ebc2f4c1178c990241a8fa34f4101c02794f23f1afd2f6e8943e,VALID,1.0,,1,2026-08-19T02:30:00+05:30
5580e13afcc04922b71e7fb41b8f84de,backfill-20260906-213201,simulator,DEL,BLR,DEL-BLR,2026-08-20,2026-08-19,2026-08-19T02:30:00+05:30,QP,QP234,ECONOMY,,1,9797,1340,0,11137,INR,,,,aabb8265d05a001190579a96dbe70dc3dd5dca5540a5c76c63af5663a31fab9e,VALID,1.0,,1,2026-08-19T02:30:00+05:30
c4d0e6ded24940e3aeec6f3cccaa4205,backfill-20260906-213201,simulator,DEL,BLR,DEL-BLR,2026-08-20,2026-08-19,2026-08-19T02:30:00+05:30,SG,SG896,ECONOMY,,1,9270,1313,0,10583,INR,,,,d2ad3827d8d347053cd078f61b947a1789b05cf189041a9dabc25bb7433c27e8,VALID,1.0,,1,2026-08-19T02:30:00+05:30
214721fcab8f49e28f70300819fa52f5,backfill-20260906-213201,simulator,DEL,BLR,DEL-BLR,2026-08-26,2026-08-19,2026-08-19T02:30:00+05:30,6E,6.00E+217,ECONOMY,,7,5779,1139,0,6918,INR,,,,43211fb61983b356594bbd0ca8d0d1a86fdb70f8e6e738f6d20c690562efd0f1,VALID,1.0,,1,2026-08-19T02:30:00+05:30
6b33ee7d58ba472bb48d19eb188076de,backfill-20260906-213201,simulator,DEL,BLR,DEL-BLR,2026-08-26,2026-08-19,2026-08-19T02:30:00+05:30,6E,6.00E+304,ECONOMY,,7,5226,1111,0,6337,INR,,,,88c081c91667055213bc3f51b6e1edb7ea6fee187e5c140d695320ddc1516dff,VALID,1.0,,1,2026-08-19T02:30:00+05:30
c17f4b066a1344a38a65d2acbd35e773,backfill-20260906-213201,simulator,DEL,BLR,DEL-BLR,2026-08-26,2026-08-19,2026-08-19T02:30:00+05:30,6E,6E356,ECONOMY,,7,4661,1083,0,5744,INR,,,,b1171e60b2cdc6942c915f105f672be487645f78f86e978142cde208abbd6af0,VALID,1.0,,1,2026-08-19T02:30:00+05:30
72a27cc0b0694476a924338bb8c53580,backfill-20260906-213201,simulator,DEL,BLR,DEL-BLR,2026-08-26,2026-08-19,2026-08-19T02:30:00+05:30,AI,AI229,ECONOMY,,7,6493,1175,0,7668,INR,,,,aaa4b6fa4546c91914602450451fd0acd0e5cb0817785e4458dd63d5f8b07e73,VALID,1.0,,1,2026-08-19T02:30:00+05:30
6a03a2a78e52489dbf71ca753be23d5b,backfill-20260906-213201,simulator,DEL,BLR,DEL-BLR,2026-08-26,2026-08-19,2026-08-19T02:30:00+05:30,AI,AI934,ECONOMY,,7,5713,1136,0,6849,INR,,,,af3e84bb84317e6dcfc3f5e5de207882ba5302b0de6660cfb0513e57c14c447e,VALID,1.0,,1,2026-08-19T02:30:00+05:30
7a8f210f5bcb4b4f99fa0f650f5962de,backfill-20260906-213201,simulator,DEL,BLR,DEL-BLR,2026-08-26,2026-08-19,2026-08-19T02:30:00+05:30,QP,QP600,ECONOMY,,7,4369,1068,0,5437,INR,,,,c6fec5a6bf7d33201f430b3eb73393d23334578a927b43324c40cae43d7f5d41,VALID,1.0,,1,2026-08-19T02:30:00+05:30
b5c58c279e1d428996b9c558b56f9788,backfill-20260906-213201,simulator,DEL,BLR,DEL-BLR,2026-08-26,2026-08-19,2026-08-19T02:30:00+05:30,SG,SG495,ECONOMY,,7,5690,1134,0,6824,INR,,,,66a881cba4501cb55ff522118532b18815420ddd6c03fd74d47b201c364f0461,VALID,1.0,,1,2026-08-19T02:30:00+05:30
b25a668fd047480d927ed337b34df00b,backfill-20260906-213201,simulator,DEL,BLR,DEL-BLR,2026-09-03,2026-08-19,2026-08-19T02:30:00+05:30,6E,6E740,ECONOMY,,15,4822,1091,0,5913,INR,,,,76acd048d6de739938d00bf1468b6d8f7fa47d63d8456e3c91ca79c8c373b289,VALID,1.0,,1,2026-08-19T02:30:00+05:30
a52124303c4a422e88d9dc8521511464,backfill-20260906-213201,simulator,DEL,BLR,DEL-BLR,2026-09-03,2026-08-19,2026-08-19T02:30:00+05:30,6E,6.00E+243,ECONOMY,,15,4627,1081,0,5708,INR,,,,e47d02714201c4c6bf6becda3cf4efea9ef7cd8644342c50f7715999e4597265,VALID,1.0,,1,2026-08-19T02:30:00+05:30
e4dd04abd19c4229a6807df7203d940e,backfill-20260906-213201,simulator,DEL,BLR,DEL-BLR,2026-09-03,2026-08-19,2026-08-19T02:30:00+05:30,6E,6E769,ECONOMY,,15,4644,1082,0,5726,INR,,,,a34c000a28b81952706f21a81deccc1f138fb8cc642d9f61cb5e694753679666,VALID,1.0,,1,2026-08-19T02:30:00+05:30
37afcbd6587b4ab28dfa491da36b94f5,backfill-20260906-213201,simulator,DEL,BLR,DEL-BLR,2026-09-03,2026-08-19,2026-08-19T02:30:00+05:30,AI,AI545,ECONOMY,,15,4885,1094,0,5979,INR,,,,7fb650ddac31796e63e847937852a08f8e7f58dc730273688f30d4ad792c054e,VALID,1.0,,1,2026-08-19T02:30:00+05:30
67fe2fcdebad42d3b71876dd5cd28be2,backfill-20260906-213201,simulator,DEL,BLR,DEL-BLR,2026-09-03,2026-08-19,2026-08-19T02:30:00+05:30,AI,AI599,ECONOMY,,15,5046,1102,0,6148,INR,,,,19e38d48b6c4e7c49d9ab95f9e9cb550e030a2b5337de123e3fac91f1a3b192b,VALID,1.0,,1,2026-08-19T02:30:00+05:30
43fe8b4d601747bb9144e20f6377ee3d,backfill-20260906-213201,simulator,DEL,BLR,DEL-BLR,2026-09-03,2026-08-19,2026-08-19T02:30:00+05:30,QP,QP862,ECONOMY,,15,4296,1065,0,5361,INR,,,,e55237246fee8c138dbbc33b7285850adfa5289df9256d6f1bfc41c4aba4f423,VALID,1.0,,1,2026-08-19T02:30:00+05:30
1e1af82ae9da4f50a53ff466be38c697,backfill-20260906-213201,simulator,DEL,BLR,DEL-BLR,2026-09-03,2026-08-19,2026-08-19T02:30:00+05:30,SG,SG279,ECONOMY,,15,4721,1086,0,5807,INR,,,,ead8592a5a5362da60ec86d70bee08d8a71d13f123bdc0d74e08c572a3e8d9ed,VALID,1.0,,1,2026-08-19T02:30:00+05:30
c739b9ec69f2406caefbc7911f064226,backfill-20260906-213201,simulator,DEL,BLR,DEL-BLR,2026-09-18,2026-08-19,2026-08-19T02:30:00+05:30,6E,6E708,ECONOMY,,30,4380,1069,0,5449,INR,,,,03b25c140dc13b3b74da792b3fe6323d24fc33009107c9aa3846705c8d81f0f1,VALID,1.0,,1,2026-08-19T02:30:00+05:30
65a2b71f95b74c9fba70c9007e8ee0dd,backfill-20260906-213201,simulator,DEL,BLR,DEL-BLR,2026-09-18,2026-08-19,2026-08-19T02:30:00+05:30,6E,6E314,ECONOMY,,30,4027,1051,0,5078,INR,,,,57a11f94975bb4953390d745a9e4f53aef622cc8d348ff30b60073cffdc78580,VALID,1.0,,1,2026-08-19T02:30:00+05:30
af81f7b4bb36493d97e458f30d97e71d,backfill-20260906-213201,simulator,DEL,BLR,DEL-BLR,2026-09-18,2026-08-19,2026-08-19T02:30:00+05:30,6E,6E813,ECONOMY,,30,5119,1106,0,6225,INR,,,,34584c93b039d268d0af5b622db984396a67167f445ca2793b43a3e8ce47b724,VALID,1.0,,1,2026-08-19T02:30:00+05:30
5d9e3b2b2b7143b48ba2ecd1e84e007c,backfill-20260906-213201,simulator,DEL,BLR,DEL-BLR,2026-09-18,2026-08-19,2026-08-19T02:30:00+05:30,AI,AI651,ECONOMY,,30,5402,1120,0,6522,INR,,,,ed81789921ddca8deddd3abe58d46726c1a69659d5d4d3d4fdbe1666ba710ae6,VALID,1.0,,1,2026-08-19T02:30:00+05:30
36f05e06ee64404e9871876f222f4604,backfill-20260906-213201,simulator,DEL,BLR,DEL-BLR,2026-09-18,2026-08-19,2026-08-19T02:30:00+05:30,AI,AI526,ECONOMY,,30,4698,1085,0,5783,INR,,,,06e267ebf988c0e4d693acab0e431de143716e29d3bcd9c902aab9a2bd46cc7b,VALID,1.0,,1,2026-08-19T02:30:00+05:30
d178b32cfbe845d9853be58c2574605c,backfill-20260906-213201,simulator,DEL,BLR,DEL-BLR,2026-09-18,2026-08-19,2026-08-19T02:30:00+05:30,QP,QP449,ECONOMY,,30,4623,1081,0,5704,INR,,,,741c67f70e9aba3aad2a2b950b88e4f31f437c33fb3612167185bdb13e329e6b,VALID,1.0,,1,2026-08-19T02:30:00+05:30
420f0b4e5f48481790194c7153913642,backfill-20260906-213201,simulator,DEL,BLR,DEL-BLR,2026-09-18,2026-08-19,2026-08-19T02:30:00+05:30,SG,SG565,ECONOMY,,30,4366,1068,0,5434,INR,,,,defaa46b5d10879322cbc42f43933f50b6e8be262e5cbe871fa926615357cedc,VALID,1.0,,1,2026-08-19T02:30:00+05:30
75c66651e95d41e8bc32c26af5737d3d,backfill-20260906-213201,simulator,DEL,BLR,DEL-BLR,2026-10-03,2026-08-19,2026-08-19T02:30:00+05:30,6E,6E451,ECONOMY,,45,3605,1030,0,4635,INR,,,,0bfb98a8c4f3e793479224385ac827db38a7e2f12a391ce638201a8b42c245de,VALID,1.0,,1,2026-08-19T02:30:00+05:30
b127c26530c0429db7e88c072bec0a24,backfill-20260906-213201,simulator,DEL,BLR,DEL-BLR,2026-10-03,2026-08-19,2026-08-19T02:30:00+05:30,6E,6E356,ECONOMY,,45,3473,1024,0,4497,INR,,,,595dc3fd53efa1e4d3b232bc82153fa8dd11830e22147c1b8fe3732b71b15156,VALID,1.0,,1,2026-08-19T02:30:00+05:30
18463983249c4abd8daf1ef1615924d3,backfill-20260906-213201,simulator,DEL,BLR,DEL-BLR,2026-10-03,2026-08-19,2026-08-19T02:30:00+05:30,6E,6E642,ECONOMY,,45,3401,1020,0,4421,INR,,,,022490826fe56452e450f163a62658719776924c8db953abe906b41844e2aa48,VALID,1.0,,1,2026-08-19T02:30:00+05:30
f6396ddbfc4647488cc281da8b10dcaa,backfill-20260906-213201,simulator,DEL,BLR,DEL-BLR,2026-10-03,2026-08-19,2026-08-19T02:30:00+05:30,AI,AI304,ECONOMY,,45,4430,1072,0,5502,INR,,,,8abf13061a8def47ed68a2d83f5e8aa0efbde63a862f0fc989f5493d384fd6d9,VALID,1.0,,1,2026-08-19T02:30:00+05:30
6bdc8f1056694b7baf349e83a4fa9c7b,backfill-20260906-213201,simulator,DEL,BLR,DEL-BLR,2026-10-03,2026-08-19,2026-08-19T02:30:00+05:30,AI,AI731,ECONOMY,,45,4252,1063,0,5315,INR,,,,4d17b3aea1c08858af9b1d1fb39a8527d5dc0774bf63147c249490b2e424d6ce,VALID,1.0,,1,2026-08-19T02:30:00+05:30
748a9243b9a14a018c2d78162d912c41,backfill-20260906-213201,simulator,DEL,BLR,DEL-BLR,2026-10-03,2026-08-19,2026-08-19T02:30:00+05:30,QP,QP498,ECONOMY,,45,3485,1024,0,4509,INR,,,,33f55b26281db5e74640bb707dd2d4f63aecbaea1ff2fbe9f7843bc51a2eac5f,VALID,1.0,,1,2026-08-19T02:30:00+05:30
52815ce6ae444f03839f6928a9c1ad07,backfill-20260906-213201,simulator,DEL,BLR,DEL-BLR,2026-10-03,2026-08-19,2026-08-19T02:30:00+05:30,SG,SG442,ECONOMY,,45,3930,1047,0,4977,INR,,,,24ab7dfc22ffb19f7aad19313ca5f2d17a43ec16b890665214d1c26f3816f3dc,VALID,1.0,,1,2026-08-19T02:30:00+05:30
f0fb0cd3b6d041598dbfaed7c2ffa64d,backfill-20260906-213201,simulator,DEL,BOM,DEL-BOM,2026-08-21,2026-08-20,2026-08-20T02:30:00+05:30,6E,6E666,ECONOMY,,1,9053,1303,0,10356,INR,,,,18455f4a063f63e2dbc11dbe985553cb42e2520f25532bf677e6c16e50ead612,VALID,1.0,,1,2026-08-20T02:30:00+05:30
a4291cfc63ca4423be8aa7e58c9ff86e,backfill-20260906-213201,simulator,DEL,BOM,DEL-BOM,2026-08-21,2026-08-20,2026-08-20T02:30:00+05:30,6E,6E828,ECONOMY,,1,9078,1304,0,10382,INR,,,,7bdae4d6aacf761ea3f239393ce10fe0debac3bf21486bd0530677bf2d135e4e,VALID,1.0,,1,2026-08-20T02:30:00+05:30
a412141b560b40adbc0b8dddf6e23c74,backfill-20260906-213201,simulator,DEL,BOM,DEL-BOM,2026-08-21,2026-08-20,2026-08-20T02:30:00+05:30,AI,AI644,ECONOMY,,1,10810,1391,0,12201,INR,,,,145f707ca97376ad051dbb7c204175d74ed85ad0906fe0dee252d99581a05abc,VALID,1.0,,1,2026-08-20T02:30:00+05:30
af3728ad6a3c4efcb91fb326b63a8cb4,backfill-20260906-213201,simulator,DEL,BOM,DEL-BOM,2026-08-21,2026-08-20,2026-08-20T02:30:00+05:30,AI,AI509,ECONOMY,,1,10210,1360,0,11570,INR,,,,c5b479c8ffd02b50c18a86c27ea7e8b394bca6266cd387e21d31a3cc3df05152,VALID,1.0,,1,2026-08-20T02:30:00+05:30
13a9be6e31d94af6b11ad5718574318e,backfill-20260906-213201,simulator,DEL,BOM,DEL-BOM,2026-08-21,2026-08-20,2026-08-20T02:30:00+05:30,QP,QP650,ECONOMY,,1,7748,1237,0,8985,INR,,,,83b8a92df467cbc13d2a72ab740238622a85d91c3846da071e652d1c4967c952,VALID,1.0,,1,2026-08-20T02:30:00+05:30
89d10094a45d49a2877009ae685789be,backfill-20260906-213201,simulator,DEL,BOM,DEL-BOM,2026-08-27,2026-08-20,2026-08-20T02:30:00+05:30,6E,6E859,ECONOMY,,7,5329,1116,0,6445,INR,,,,043c7234fdc2cb59655813f8afc2224f0fdd180b6f82fcfa0aabc4fe08ed1fbb,VALID,1.0,,1,2026-08-20T02:30:00+05:30
e544d26cbe0b4c7a990452e40c1b9be6,backfill-20260906-213201,simulator,DEL,BOM,DEL-BOM,2026-08-27,2026-08-20,2026-08-20T02:30:00+05:30,6E,6E787,ECONOMY,,7,5851,1143,0,6994,INR,,,,9bc6e7670e5ebc0cf71385c46d5962e4d7520e49548c7474637f72b16deedb48,VALID,1.0,,1,2026-08-20T02:30:00+05:30
98693205b6f543ec896e232f08babff6,backfill-20260906-213201,simulator,DEL,BOM,DEL-BOM,2026-08-27,2026-08-20,2026-08-20T02:30:00+05:30,6E,6E679,ECONOMY,,7,5170,1108,0,6278,INR,,,,1ec759338ae6a557f65b1a7d763fd1478402fa7c5ab0a4f66e2957ac3d38ddf2,VALID,1.0,,1,2026-08-20T02:30:00+05:30
316ff7ef326a4a7186fa3089d1169b69,backfill-20260906-213201,simulator,DEL,BOM,DEL-BOM,2026-08-27,2026-08-20,2026-08-20T02:30:00+05:30,AI,AI995,ECONOMY,,7,5344,1117,0,6461,INR,,,,727a0e30774e128ddf2fbe6ee3b8e4a34e5b7977500949207e979923bb041a76,VALID,1.0,,1,2026-08-20T02:30:00+05:30
08bc73dc84b345979fbf820b9352bbc3,backfill-20260906-213201,simulator,DEL,BOM,DEL-BOM,2026-08-27,2026-08-20,2026-08-20T02:30:00+05:30,AI,AI929,ECONOMY,,7,5711,1136,0,6847,INR,,,,36be52af6356f1839c7e21be8d59bf89a6976625c54ae62d08e414fa3ac8a920,VALID,1.0,,1,2026-08-20T02:30:00+05:30
a036e6e0c8ce4749bb57470b6ad211d5,backfill-20260906-213201,simulator,DEL,BOM,DEL-BOM,2026-08-27,2026-08-20,2026-08-20T02:30:00+05:30,QP,QP616,ECONOMY,,7,5031,1102,0,6133,INR,,,,e394c24e6e771dbd89c68a3480e0e1424d0383478780c219bd46119f6fea0240,VALID,1.0,,1,2026-08-20T02:30:00+05:30
48539ab2bef34defba7c307dde6d9794,backfill-20260906-213201,simulator,DEL,BOM,DEL-BOM,2026-08-27,2026-08-20,2026-08-20T02:30:00+05:30,SG,SG760,ECONOMY,,7,5238,1112,0,6350,INR,,,,5a3f5d20dbb193aeda937e1b2f99d434cae03a37485c61168651c848502cfda6,VALID,1.0,,1,2026-08-20T02:30:00+05:30
26e70ba7f4b4418d9587592130609e83,backfill-20260906-213201,simulator,DEL,BOM,DEL-BOM,2026-09-04,2026-08-20,2026-08-20T02:30:00+05:30,6E,6E574,ECONOMY,,15,4849,1092,0,5941,INR,,,,5b21042e283dc63c3cac0e86423b697704d0907f2607cc3717e69de8db7cb782,VALID,1.0,,1,2026-08-20T02:30:00+05:30
f6f230558aa64db2975f9351d8cca032,backfill-20260906-213201,simulator,DEL,BOM,DEL-BOM,2026-09-04,2026-08-20,2026-08-20T02:30:00+05:30,6E,6E426,ECONOMY,,15,4537,1077,0,5614,INR,,,,c34937098899393e73d9a44ba86a2f03d0fecb1a9df7299de4fb5bfb3972c76e,VALID,1.0,,1,2026-08-20T02:30:00+05:30
1d9adf4dd34c4d3786004f734f96431e,backfill-20260906-213201,simulator,DEL,BOM,DEL-BOM,2026-09-04,2026-08-20,2026-08-20T02:30:00+05:30,6E,6E617,ECONOMY,,15,4983,1099,0,6082,INR,,,,406e8d00004b9053e04f7cca60b2c08265d31ba438850f9469085efe3e238c3f,VALID,1.0,,1,2026-08-20T02:30:00+05:30
93825f1721c54433b0bc21f68b6cc711,backfill-20260906-213201,simulator,DEL,BOM,DEL-BOM,2026-09-04,2026-08-20,2026-08-20T02:30:00+05:30,AI,AI941,ECONOMY,,15,5143,1107,0,6250,INR,,,,0ae08aba572deaf461aa50e1714f0902f7859a968bb692feddb1bf5cb80bbec9,VALID,1.0,,1,2026-08-20T02:30:00+05:30
235abeaeddb54c309f88876568816bf6,backfill-20260906-213201,simulator,DEL,BOM,DEL-BOM,2026-09-04,2026-08-20,2026-08-20T02:30:00+05:30,AI,AI406,ECONOMY,,15,5568,1128,0,6696,INR,,,,a1753a5aa33c07bd34ce8f7a43928dded874fe83aa76385046b1a07e471402a8,VALID,1.0,,1,2026-08-20T02:30:00+05:30
6b148d6b467c484593412782a928becb,backfill-20260906-213201,simulator,DEL,BOM,DEL-BOM,2026-09-04,2026-08-20,2026-08-20T02:30:00+05:30,QP,QP441,ECONOMY,,15,4894,1095,0,5989,INR,,,,0fb4beaa2815e3e2c04430f81372df88d68ea6461a0f0130357b5fac07faab1f,VALID,1.0,,1,2026-08-20T02:30:00+05:30
84c1337d1cbb4745bab9192504de322d,backfill-20260906-213201,simulator,DEL,BOM,DEL-BOM,2026-09-04,2026-08-20,2026-08-20T02:30:00+05:30,SG,SG517,ECONOMY,,15,4487,1074,0,5561,INR,,,,62598e88b21ff2940efaa5d64733561549ecac37a7ac87e643a2908506e2ab86,VALID,1.0,,1,2026-08-20T02:30:00+05:30
407459877f2842f28c252430941ec5db,backfill-20260906-213201,simulator,DEL,BOM,DEL-BOM,2026-09-19,2026-08-20,2026-08-20T02:30:00+05:30,6E,6E376,ECONOMY,,30,3370,1019,0,4389,INR,,,,0c02b4afaede7cc68b4c6336ad7d32e1db1f070dfe0bf2fb1436687ac6038f06,VALID,1.0,,1,2026-08-20T02:30:00+05:30
a7d6f230974243b5a9a4a935f7e987bd,backfill-20260906-213201,simulator,DEL,BOM,DEL-BOM,2026-09-19,2026-08-20,2026-08-20T02:30:00+05:30,6E,6E652,ECONOMY,,30,4035,1052,0,5087,INR,,,,64798d9179f2ba3467a5d271869ae0401758e9873e0e31a018dabf50ee0327bd,VALID,1.0,,1,2026-08-20T02:30:00+05:30
46ab90eea55b4a9aa186ec7dc248ca4e,backfill-20260906-213201,simulator,DEL,BOM,DEL-BOM,2026-09-19,2026-08-20,2026-08-20T02:30:00+05:30,6E,6E309,ECONOMY,,30,3526,1026,0,4552,INR,,,,2cd507e9a1094434c9744d2d1f1e600947bc80d55746ccb0ee42cac66c5654a9,VALID,1.0,,1,2026-08-20T02:30:00+05:30
b2df68e98a7f4b9d9f72d3b62b303ac0,backfill-20260906-213201,simulator,DEL,BOM,DEL-BOM,2026-09-19,2026-08-20,2026-08-20T02:30:00+05:30,AI,AI505,ECONOMY,,30,3505,1025,0,4530,INR,,,,aeaf202433950bef8cf686ff20ae3746c5a9728092a643ec24d5d0dddc1ab283,VALID,1.0,,1,2026-08-20T02:30:00+05:30
a8f0b0ebd0704873ab5087f54e15856b,backfill-20260906-213201,simulator,DEL,BOM,DEL-BOM,2026-09-19,2026-08-20,2026-08-20T02:30:00+05:30,AI,AI510,ECONOMY,,30,4360,1068,0,5428,INR,,,,43044201bc71310dfa4ad567c61be212113bd3cf2c70d79d5c76ddc8fc8f0f06,VALID,1.0,,1,2026-08-20T02:30:00+05:30
8e4bc3623e4f4399bf82d52ec3942c14,backfill-20260906-213201,simulator,DEL,BOM,DEL-BOM,2026-09-19,2026-08-20,2026-08-20T02:30:00+05:30,QP,QP495,ECONOMY,,30,3744,1037,0,4781,INR,,,,5a79d20bf0f0f33fbfd15af54ca5756b9510aaafbb10564dfa2562023bd9b7fd,VALID,1.0,,1,2026-08-20T02:30:00+05:30
6394432890694abc9b090d9cf45b4c0b,backfill-20260906-213201,simulator,DEL,BOM,DEL-BOM,2026-09-19,2026-08-20,2026-08-20T02:30:00+05:30,SG,SG985,ECONOMY,,30,3217,1011,0,4228,INR,,,,4b8a3c62b2867c83e32125f5c6fd1263c2ada6a007eb7e6c09f2d7b760a52d60,VALID,1.0,,1,2026-08-20T02:30:00+05:30
7cb3c095450a48f1874047a7ca48483d,backfill-20260906-213201,simulator,DEL,BOM,DEL-BOM,2026-10-04,2026-08-20,2026-08-20T02:30:00+05:30,6E,6E756,ECONOMY,,45,3511,1026,0,4537,INR,,,,8fb395f0a8e42102c5afea69f0f11e35f5b9fc30aa0a0812c6b9413f5fb44b2c,VALID,1.0,,1,2026-08-20T02:30:00+05:30
fbed8988d8764c93951c1dfe36f135c0,backfill-20260906-213201,simulator,DEL,BOM,DEL-BOM,2026-10-04,2026-08-20,2026-08-20T02:30:00+05:30,6E,6E806,ECONOMY,,45,3875,1044,0,4919,INR,,,,2aeaf0a099b435bacaef9b0d2d3b32b267b288fac52df3fc907dad7bc71c8921,VALID,1.0,,1,2026-08-20T02:30:00+05:30
1abdb4635b2d4e60943c5544a31ae4c9,backfill-20260906-213201,simulator,DEL,BOM,DEL-BOM,2026-10-04,2026-08-20,2026-08-20T02:30:00+05:30,6E,6E952,ECONOMY,,45,3998,1050,0,5048,INR,,,,3bc82f2a16ec2c85a84e82328f7a319a1cc5f17e72e26ba80b968903f3b8afe9,VALID,1.0,,1,2026-08-20T02:30:00+05:30
7e177aeb636f41b39e6188d696ab1ab3,backfill-20260906-213201,simulator,DEL,BOM,DEL-BOM,2026-10-04,2026-08-20,2026-08-20T02:30:00+05:30,AI,AI573,ECONOMY,,45,3291,1015,0,4306,INR,,,,4001e366d3aa85afaada08f0701ace2615aabf6d913a3b735328f069ddae1ef1,VALID,1.0,,1,2026-08-20T02:30:00+05:30
d7aed36960fe42f8b10370f738ec3474,backfill-20260906-213201,simulator,DEL,BOM,DEL-BOM,2026-10-04,2026-08-20,2026-08-20T02:30:00+05:30,AI,AI452,ECONOMY,,45,3911,1046,0,4957,INR,,,,33979589cf5711a13088a8277ee42ff552c1ce446cfd65664d44628442745833,VALID,1.0,,1,2026-08-20T02:30:00+05:30
ce1d880f067143f78b292b947727a78a,backfill-20260906-213201,simulator,DEL,BOM,DEL-BOM,2026-10-04,2026-08-20,2026-08-20T02:30:00+05:30,QP,QP764,ECONOMY,,45,3749,1037,0,4786,INR,,,,1460848dec82963eb8b4ad6c2d977997398cf739cc1b1dceac3192cfdde63030,VALID,1.0,,1,2026-08-20T02:30:00+05:30
f7bef0ec481f4f11978c7e78a337bca0,backfill-20260906-213201,simulator,DEL,BOM,DEL-BOM,2026-10-04,2026-08-20,2026-08-20T02:30:00+05:30,SG,SG418,ECONOMY,,45,2610,981,0,3591,INR,,,,fc7b680121037abbde875dd892e8ca267becb8ca2b4e27581cf4e63b82253fae,VALID,1.0,,1,2026-08-20T02:30:00+05:30
d36d94b58b734779833f2ea3f401d6b6,backfill-20260906-213201,simulator,DEL,BLR,DEL-BLR,2026-08-21,2026-08-20,2026-08-20T02:30:00+05:30,6E,6E626,ECONOMY,,1,12281,1464,0,13745,INR,,,,d3789fd61c16d7f2888817c678542b96870858f7b7175c816a41ead5000257bc,VALID,1.0,,1,2026-08-20T02:30:00+05:30
766d894b1a574fd69ffaacbe98033a35,backfill-20260906-213201,simulator,DEL,BLR,DEL-BLR,2026-08-21,2026-08-20,2026-08-20T02:30:00+05:30,6E,6E823,ECONOMY,,1,10550,1378,0,11928,INR,,,,d2bdb9321f318678afad8e6dea946f7331a61c4067f0e549ab7fcac07625ae45,VALID,1.0,,1,2026-08-20T02:30:00+05:30
cf8454e02cfd482b8e16d2779ea944a0,backfill-20260906-213201,simulator,DEL,BLR,DEL-BLR,2026-08-21,2026-08-20,2026-08-20T02:30:00+05:30,6E,6E971,ECONOMY,,1,10522,1376,0,11898,INR,,,,ec1b9f6a9d7c0a8e6f454b440ae6ec44f7a5ffe19667746ed9cc784a4567b54d,VALID,1.0,,1,2026-08-20T02:30:00+05:30
dec24dcf9830419f945157a251ce1206,backfill-20260906-213201,simulator,DEL,BLR,DEL-BLR,2026-08-21,2026-08-20,2026-08-20T02:30:00+05:30,AI,AI570,ECONOMY,,1,10102,1355,0,11457,INR,,,,662ae72f53fbf2322700c094de3f2119c3e7a6457fb4db656188c3ad1b92db90,VALID,1.0,,1,2026-08-20T02:30:00+05:30
25ee71bad7b34c73b5a9f515783eea70,backfill-20260906-213201,simulator,DEL,BLR,DEL-BLR,2026-08-21,2026-08-20,2026-08-20T02:30:00+05:30,AI,AI881,ECONOMY,,1,10302,1365,0,11667,INR,,,,cbadc82de68b4d99f45b4b63967618edde6bd86493efcc6e2f7a056702f4100d,VALID,1.0,,1,2026-08-20T02:30:00+05:30
9723a72537cb487b87ad52400960880f,backfill-20260906-213201,simulator,DEL,BLR,DEL-BLR,2026-08-21,2026-08-20,2026-08-20T02:30:00+05:30,QP,QP502,ECONOMY,,1,9914,1346,0,11260,INR,,,,638c8fa84c789b1891c8abb50edfd7dbef37ada4fc2933a575f6866cadc45409,VALID,1.0,,1,2026-08-20T02:30:00+05:30
024aec0a70ea4fdc928ceaae5153b5fb,backfill-20260906-213201,simulator,DEL,BLR,DEL-BLR,2026-08-21,2026-08-20,2026-08-20T02:30:00+05:30,SG,SG917,ECONOMY,,1,10225,1361,0,11586,INR,,,,0e75de7faeac21b6c40ac4d8fae069ab7555788f362171bcecdfd9afc95facdf,VALID,1.0,,1,2026-08-20T02:30:00+05:30
f3bd507615f347dbb9e6a6321410b75c,backfill-20260906-213201,simulator,DEL,BLR,DEL-BLR,2026-08-27,2026-08-20,2026-08-20T02:30:00+05:30,6E,6E314,ECONOMY,,7,7045,1202,0,8247,INR,,,,3f0f37d4c81c0e1efac103ad869b3f549d43498528b95c0621b94ad1680b5652,VALID,1.0,,1,2026-08-20T02:30:00+05:30
a268d019bc0f45a0a324657a69eb4f11,backfill-20260906-213201,simulator,DEL,BLR,DEL-BLR,2026-08-27,2026-08-20,2026-08-20T02:30:00+05:30,6E,6E644,ECONOMY,,7,5772,1139,0,6911,INR,,,,f060101f12302eb0c41b54a2b9e01fbe18156c2bf562b6068a9d3ceda27ba13e,VALID,1.0,,1,2026-08-20T02:30:00+05:30
0f0b3d46603b41d5a63685d2b42a6ae2,backfill-20260906-213201,simulator,DEL,BLR,DEL-BLR,2026-08-27,2026-08-20,2026-08-20T02:30:00+05:30,6E,6E869,ECONOMY,,7,6952,1198,0,8150,INR,,,,fff7f2c4d02988f2cec0f2799535394a6bd8127940bb7f797f427b80ec3966d0,VALID,1.0,,1,2026-08-20T02:30:00+05:30
6d7beaa897694acc9308ac968fa50fb2,backfill-20260906-213201,simulator,DEL,BLR,DEL-BLR,2026-08-27,2026-08-20,2026-08-20T02:30:00+05:30,AI,AI966,ECONOMY,,7,6789,1189,0,7978,INR,,,,9bee81721ad37e97b0405bce6becffa66f3bcf5fd32fb218da8b7ddbe0d7aab6,VALID,1.0,,1,2026-08-20T02:30:00+05:30
c2a50333fa6c42b59428df39508c427d,backfill-20260906-213201,simulator,DEL,BLR,DEL-BLR,2026-08-27,2026-08-20,2026-08-20T02:30:00+05:30,AI,AI309,ECONOMY,,7,7204,1210,0,8414,INR,,,,9b20855835d9a96a2b8ffe73576cf1b3bc02155b27177a0d779cf8bfedf0abbf,VALID,1.0,,1,2026-08-20T02:30:00+05:30
76452cb3407f4d438ef420a5fac335e2,backfill-20260906-213201,simulator,DEL,BLR,DEL-BLR,2026-08-27,2026-08-20,2026-08-20T02:30:00+05:30,QP,QP387,ECONOMY,,7,5710,1135,0,6845,INR,,,,1fb137583c3455afe505a18c7799bef4a048af8b9c34f47e017904f0fc8e78ab,VALID,1.0,,1,2026-08-20T02:30:00+05:30
5727a48df78747b0902852d05acf8c43,backfill-20260906-213201,simulator,DEL,BLR,DEL-BLR,2026-08-27,2026-08-20,2026-08-20T02:30:00+05:30,SG,SG504,ECONOMY,,7,6302,1165,0,7467,INR,,,,4b13e3f4747b562f9374fa3225257b09ea29010501202ac1bf5f32c00889e1c7,VALID,1.0,,1,2026-08-20T02:30:00+05:30
712356efa4f1432ca3876aa091707a49,backfill-20260906-213201,simulator,DEL,BLR,DEL-BLR,2026-09-04,2026-08-20,2026-08-20T02:30:00+05:30,6E,6E725,ECONOMY,,15,5755,1138,0,6893,INR,,,,9c1af09243f2eea24747453daa048e86f26fe02d40dfdee31d39675bcc086413,VALID,1.0,,1,2026-08-20T02:30:00+05:30
dd8738a30e4443a488dc46d12544aa80,backfill-20260906-213201,simulator,DEL,BLR,DEL-BLR,2026-09-04,2026-08-20,2026-08-20T02:30:00+05:30,6E,6E804,ECONOMY,,15,5837,1142,0,6979,INR,,,,15d6d6de800aa1c4f138bb9947e43538cada134a168d3cf40c4fdb5d95947575,VALID,1.0,,1,2026-08-20T02:30:00+05:30
e95dce55fb1e45a4b539e3b7619e680f,backfill-20260906-213201,simulator,DEL,BLR,DEL-BLR,2026-09-04,2026-08-20,2026-08-20T02:30:00+05:30,6E,6E679,ECONOMY,,15,5467,1123,0,6590,INR,,,,3be9d73b4097d7c5b2ebab9ae69ce6c36840cc54a90dc7d9ec79a205771b5112,VALID,1.0,,1,2026-08-20T02:30:00+05:30
041f4f97aea344e3959f3d710e7c881c,backfill-20260906-213201,simulator,DEL,BLR,DEL-BLR,2026-09-04,2026-08-20,2026-08-20T02:30:00+05:30,AI,AI666,ECONOMY,,15,5190,1110,0,6300,INR,,,,11304e3a25d158da578c94140cc002b5b7628397a1bacc37c6b224456462af02,VALID,1.0,,1,2026-08-20T02:30:00+05:30
c77d9912e77442fcb9e2cbac34bd6c60,backfill-20260906-213201,simulator,DEL,BLR,DEL-BLR,2026-09-04,2026-08-20,2026-08-20T02:30:00+05:30,AI,AI881,ECONOMY,,15,5541,1127,0,6668,INR,,,,cb3b7558e91db9e2def649b98df3cefc621432735dab3c879f5a10c489de0922,VALID,1.0,,1,2026-08-20T02:30:00+05:30
33b1866258414deab939c59c577e124c,backfill-20260906-213201,simulator,DEL,BLR,DEL-BLR,2026-09-04,2026-08-20,2026-08-20T02:30:00+05:30,QP,QP268,ECONOMY,,15,5877,1144,0,7021,INR,,,,da5f6eac493a81e611599279df9dbf6b382981da84c9a77fbfd1cb03509fa693,VALID,1.0,,1,2026-08-20T02:30:00+05:30
8e9d78f3a51a4ad3ad778a9083c0e4f9,backfill-20260906-213201,simulator,DEL,BLR,DEL-BLR,2026-09-04,2026-08-20,2026-08-20T02:30:00+05:30,SG,SG259,ECONOMY,,15,5882,1144,0,7026,INR,,,,7cfe3b904422c9a7fa11f9cfae5bf89615e2f5cd46b6658d7481468cd96cea12,VALID,1.0,,1,2026-08-20T02:30:00+05:30
c732fb358fca449d8c15238bf096cd43,backfill-20260906-213201,simulator,DEL,BLR,DEL-BLR,2026-09-19,2026-08-20,2026-08-20T02:30:00+05:30,6E,6.00E+203,ECONOMY,,30,4360,1068,0,5428,INR,,,,a8de4c14cb7d46033ab62238995492a6b87bc5378845a758f4fc250a48b6eb13,VALID,1.0,,1,2026-08-20T02:30:00+05:30
f083a5ad3454438c81cfa11fdd0efce8,backfill-20260906-213201,simulator,DEL,BLR,DEL-BLR,2026-09-19,2026-08-20,2026-08-20T02:30:00+05:30,6E,6E845,ECONOMY,,30,4146,1057,0,5203,INR,,,,cb4063043f78cfed11d6cb89d91b66a1bd2850a0454a51cf47644e2ee4f9ac94,VALID,1.0,,1,2026-08-20T02:30:00+05:30
f4b91cc19aae4cb18eab34fa503b8dd3,backfill-20260906-213201,simulator,DEL,BLR,DEL-BLR,2026-09-19,2026-08-20,2026-08-20T02:30:00+05:30,6E,6E677,ECONOMY,,30,3490,1024,0,4514,INR,,,,48210193a2b6de9fbb3128eb0c9a9549019bdcd3c6554544fec92daea33a55bc,VALID,1.0,,1,2026-08-20T02:30:00+05:30
89b61649af3043409185c657ce0485dd,backfill-20260906-213201,simulator,DEL,BLR,DEL-BLR,2026-09-19,2026-08-20,2026-08-20T02:30:00+05:30,AI,AI674,ECONOMY,,30,3830,1042,0,4872,INR,,,,9be274874e3e4558b3ee88f37ceca0120701653fac8a8004b5bad48f941bcf83,VALID,1.0,,1,2026-08-20T02:30:00+05:30
cfb2c82909ac4426abcac8e9a702f1d0,backfill-20260906-213201,simulator,DEL,BLR,DEL-BLR,2026-09-19,2026-08-20,2026-08-20T02:30:00+05:30,AI,AI251,ECONOMY,,30,4828,1091,0,5919,INR,,,,de7c1d358e4632142e19aaba53476183c890f70542e133fdd771836004efd176,VALID,1.0,,1,2026-08-20T02:30:00+05:30
f16598822ba84685942ca334647ecf46,backfill-20260906-213201,simulator,DEL,BLR,DEL-BLR,2026-09-19,2026-08-20,2026-08-20T02:30:00+05:30,QP,QP791,ECONOMY,,30,4019,1051,0,5070,INR,,,,c19b8dd78d184d5b6631e74eea2eb2967981bf44533609bcfb6ace7626b559c7,VALID,1.0,,1,2026-08-20T02:30:00+05:30
d0c8a475082742469971b2f4ea02c781,backfill-20260906-213201,simulator,DEL,BLR,DEL-BLR,2026-09-19,2026-08-20,2026-08-20T02:30:00+05:30,SG,SG601,ECONOMY,,30,3547,1027,0,4574,INR,,,,ba12f6ed9f201478b0c3bcdc73e9ca6a92018082151e1bb680b0e5317f670e3e,VALID,1.0,,1,2026-08-20T02:30:00+05:30
99c5663a769e4661956e82465069cf9f,backfill-20260906-213201,simulator,DEL,BLR,DEL-BLR,2026-10-04,2026-08-20,2026-08-20T02:30:00+05:30,6E,6E666,ECONOMY,,45,4316,1066,0,5382,INR,,,,e0e485bdcef1a2cb429532898d654376c9c5e0e5b224b2344bd4e5d4f36917f2,VALID,1.0,,1,2026-08-20T02:30:00+05:30
08bfa1520c42403a96e26306e8eed6f9,backfill-20260906-213201,simulator,DEL,BLR,DEL-BLR,2026-10-04,2026-08-20,2026-08-20T02:30:00+05:30,6E,6E429,ECONOMY,,45,4456,1073,0,5529,INR,,,,a44238c4fc1000a52cc12273cafebee983d085fa166de6f720fed69f45934daf,VALID,1.0,,1,2026-08-20T02:30:00+05:30
3071fecdc42845eba326bc762f8ab180,backfill-20260906-213201,simulator,DEL,BLR,DEL-BLR,2026-10-04,2026-08-20,2026-08-20T02:30:00+05:30,6E,6E881,ECONOMY,,45,4291,1065,0,5356,INR,,,,2726c666fa1113bb6710bc9051e4571f19938a90b7e51ebc826476dc3f1ae12c,VALID,1.0,,1,2026-08-20T02:30:00+05:30
b9322bc7484c477ca625f9899ecd7b7b,backfill-20260906-213201,simulator,DEL,BLR,DEL-BLR,2026-10-04,2026-08-20,2026-08-20T02:30:00+05:30,AI,AI631,ECONOMY,,45,4578,1079,0,5657,INR,,,,913e866936bd05bc3257d1f6d607b10f62aadea127d6eade8d93f00c88408085,VALID,1.0,,1,2026-08-20T02:30:00+05:30
c03ee2bde9884af296a1e1481fc86aa4,backfill-20260906-213201,simulator,DEL,BLR,DEL-BLR,2026-10-04,2026-08-20,2026-08-20T02:30:00+05:30,AI,AI386,ECONOMY,,45,4335,1067,0,5402,INR,,,,601bbced49b7ca34538edfa229b3ec1a7765eadc653be8571bde52e1d2e05770,VALID,1.0,,1,2026-08-20T02:30:00+05:30
3de7e5a5e7384c7b9c3127225c42f2a8,backfill-20260906-213201,simulator,DEL,BLR,DEL-BLR,2026-10-04,2026-08-20,2026-08-20T02:30:00+05:30,QP,QP765,ECONOMY,,45,3691,1035,0,4726,INR,,,,e64184657cab3d9e84a55e0bbf0d608d5debb84e65f4e75ede0e198d9c7ba15b,VALID,1.0,,1,2026-08-20T02:30:00+05:30
f821d19f7dc3464cb01d8e6e336cf74e,backfill-20260906-213201,simulator,DEL,BLR,DEL-BLR,2026-10-04,2026-08-20,2026-08-20T02:30:00+05:30,SG,SG222,ECONOMY,,45,4169,1058,0,5227,INR,,,,da6e5b88cde43c2495c2af9725059389d90f017b202511757079a8260d0e6ee0,VALID,1.0,,1,2026-08-20T02:30:00+05:30
623496f15ea54ae2a1dd3b504703a9c5,backfill-20260906-213201,simulator,DEL,BOM,DEL-BOM,2026-08-22,2026-08-21,2026-08-21T02:30:00+05:30,6E,6E796,ECONOMY,,1,7330,1217,0,8547,INR,,,,05da7b28b3c01e2e8465c23ec4b2c4dc77f3e5021e1c02f30ec68047dfc115ab,VALID,1.0,,1,2026-08-21T02:30:00+05:30
2316ff7430724dae89eeb730b4362272,backfill-20260906-213201,simulator,DEL,BOM,DEL-BOM,2026-08-22,2026-08-21,2026-08-21T02:30:00+05:30,6E,6E752,ECONOMY,,1,8351,1268,0,9619,INR,,,,a97f07257abfddbbd15662e46583cdc65158dcd2d5eb96738d2844f3f76cfb59,VALID,1.0,,1,2026-08-21T02:30:00+05:30
d6893f997a8d4da28ebe565007f70c49,backfill-20260906-213201,simulator,DEL,BOM,DEL-BOM,2026-08-22,2026-08-21,2026-08-21T02:30:00+05:30,6E,6E503,ECONOMY,,1,8770,1289,0,10059,INR,,,,cadcc92a3fa4b2ce912e79d46f95b1d0369cc69f399d2fe28c1c8f4808960555,VALID,1.0,,1,2026-08-21T02:30:00+05:30
b359d71a3c964ed2990f990dfdc814ed,backfill-20260906-213201,simulator,DEL,BOM,DEL-BOM,2026-08-22,2026-08-21,2026-08-21T02:30:00+05:30,AI,AI933,ECONOMY,,1,7687,1234,0,8921,INR,,,,b9a868e6c0a71370bc5350c2ffcf80756eb391a0b559054c1a53acf3e31e796c,VALID,1.0,,1,2026-08-21T02:30:00+05:30
ba9b7dc8eb934234bbca133f6f1d66e6,backfill-20260906-213201,simulator,DEL,BOM,DEL-BOM,2026-08-22,2026-08-21,2026-08-21T02:30:00+05:30,AI,AI448,ECONOMY,,1,7538,1227,0,8765,INR,,,,f248e8cf7f87319a45c992c8c840c45e076057ae7d7091420790964033d04fc3,VALID,1.0,,1,2026-08-21T02:30:00+05:30
1b36660427ec461ebe3168b72445bbf6,backfill-20260906-213201,simulator,DEL,BOM,DEL-BOM,2026-08-22,2026-08-21,2026-08-21T02:30:00+05:30,QP,QP638,ECONOMY,,1,9625,1331,0,10956,INR,,,,91f7b31057df74ec973fbc3515546ef8f4f7ee7e65497d93a8f1564af118a773,VALID,1.0,,1,2026-08-21T02:30:00+05:30
687482ce8852415088fcd23673d17b2a,backfill-20260906-213201,simulator,DEL,BOM,DEL-BOM,2026-08-22,2026-08-21,2026-08-21T02:30:00+05:30,SG,SG550,ECONOMY,,1,7539,1227,0,8766,INR,,,,a39ad4ea637563c070e0f48ed4cd895a1da34f5bddfcb3697e3be5693d9b9484,VALID,1.0,,1,2026-08-21T02:30:00+05:30
4db32bf51f154174a5cec443c03d511e,backfill-20260906-213201,simulator,DEL,BOM,DEL-BOM,2026-08-28,2026-08-21,2026-08-21T02:30:00+05:30,6E,6E898,ECONOMY,,7,5590,1129,0,6719,INR,,,,09e53e02c69537a41087ac91870c93c28e9492632622b6161bfc39889badc6f0,VALID,1.0,,1,2026-08-21T02:30:00+05:30
e4850d042fcd409c94b9141572afd106,backfill-20260906-213201,simulator,DEL,BOM,DEL-BOM,2026-08-28,2026-08-21,2026-08-21T02:30:00+05:30,6E,6.00E+234,ECONOMY,,7,5922,1146,0,7068,INR,,,,678986cfebdb9625ff7ebf2a5c1cb186513e45cef02ebf1c6405d105e9162972,VALID,1.0,,1,2026-08-21T02:30:00+05:30
360d959976fd4008944ba31ba7c06b7f,backfill-20260906-213201,simulator,DEL,BOM,DEL-BOM,2026-08-28,2026-08-21,2026-08-21T02:30:00+05:30,6E,6.00E+268,ECONOMY,,7,5621,1131,0,6752,INR,,,,f112f8896a5733d2d5350cb2b0c75d774e58e2779c5d2875f6680110153e84d1,VALID,1.0,,1,2026-08-21T02:30:00+05:30
45f1e668192347ddb067ed225367a637,backfill-20260906-213201,simulator,DEL,BOM,DEL-BOM,2026-08-28,2026-08-21,2026-08-21T02:30:00+05:30,AI,AI917,ECONOMY,,7,5890,1144,0,7034,INR,,,,659520b006edae14cae53fde6ebd336c76f2d50a631717bc348138ac13aebe7d,VALID,1.0,,1,2026-08-21T02:30:00+05:30
ea941ea316fe4ce19e4d47f57402c8b1,backfill-20260906-213201,simulator,DEL,BOM,DEL-BOM,2026-08-28,2026-08-21,2026-08-21T02:30:00+05:30,AI,AI439,ECONOMY,,7,7711,1236,0,8947,INR,,,,a01267b79c00fabe7e1c15639cd4555dfcd3bed63de9b5445a24a954baf38c76,VALID,1.0,,1,2026-08-21T02:30:00+05:30
0567840677bd4109902d9a4e24a693a6,backfill-20260906-213201,simulator,DEL,BOM,DEL-BOM,2026-08-28,2026-08-21,2026-08-21T02:30:00+05:30,QP,QP941,ECONOMY,,7,5672,1134,0,6806,INR,,,,b211d24bde8a99d3c9e80a520a100163314ca6e6c4fba29466d3746fc17a4d5c,VALID,1.0,,1,2026-08-21T02:30:00+05:30
6d923e11f9a642ed87435922a6ab059a,backfill-20260906-213201,simulator,DEL,BOM,DEL-BOM,2026-08-28,2026-08-21,2026-08-21T02:30:00+05:30,SG,SG501,ECONOMY,,7,4877,1094,0,5971,INR,,,,af20529faeea3ae2681f33e78e1641f45f955dabe9625319d5aee9efd8e427b9,VALID,1.0,,1,2026-08-21T02:30:00+05:30
baa1b0f3c3114c59b1540ce7b923e422,backfill-20260906-213201,simulator,DEL,BOM,DEL-BOM,2026-09-05,2026-08-21,2026-08-21T02:30:00+05:30,6E,6E955,ECONOMY,,15,4675,1084,0,5759,INR,,,,f3b95089bb48553e29781beec3e25fc67ec7067705dd092abc14a60397b94697,VALID,1.0,,1,2026-08-21T02:30:00+05:30
627193e46eed4d078e9d7a494885395c,backfill-20260906-213201,simulator,DEL,BOM,DEL-BOM,2026-09-05,2026-08-21,2026-08-21T02:30:00+05:30,6E,6.00E+236,ECONOMY,,15,4470,1074,0,5544,INR,,,,6ac523f731ce233bdcd58cededc4950e5d8c424704afbb3f63d46bca65107601,VALID,1.0,,1,2026-08-21T02:30:00+05:30
c9cdf6f942d444f98b74162f0b92c56a,backfill-20260906-213201,simulator,DEL,BOM,DEL-BOM,2026-09-05,2026-08-21,2026-08-21T02:30:00+05:30,6E,6E621,ECONOMY,,15,3913,1046,0,4959,INR,,,,6fb1229584d744942f102836d297e9ed89f81b5f5c31709a274e24291112f8b2,VALID,1.0,,1,2026-08-21T02:30:00+05:30
57a47f6b78bd4eaaad7229a9c48366dc,backfill-20260906-213201,simulator,DEL,BOM,DEL-BOM,2026-09-05,2026-08-21,2026-08-21T02:30:00+05:30,AI,AI483,ECONOMY,,15,4424,1071,0,5495,INR,,,,abd886fff1910002d6fa6b6be263504fad153dad4cde602e54bb043ecbc79140,VALID,1.0,,1,2026-08-21T02:30:00+05:30
33ced6be5c0245fe8607e6fbaeaa2445,backfill-20260906-213201,simulator,DEL,BOM,DEL-BOM,2026-09-05,2026-08-21,2026-08-21T02:30:00+05:30,AI,AI821,ECONOMY,,15,4748,1087,0,5835,INR,,,,ce1da889c919ccd4f70cbbbec009f05161db394b17abf88d1ceb52b5d82088cc,VALID,1.0,,1,2026-08-21T02:30:00+05:30
6126c49e05cf49c2b9530d1e59cc624f,backfill-20260906-213201,simulator,DEL,BOM,DEL-BOM,2026-09-05,2026-08-21,2026-08-21T02:30:00+05:30,QP,QP983,ECONOMY,,15,3727,1036,0,4763,INR,,,,c62c884a3911d5bc5c0e4279b473609660fa3c1c7ac59e713c0eadacbd9f3e24,VALID,1.0,,1,2026-08-21T02:30:00+05:30
9b132ed81bac45769eaac69affbc281c,backfill-20260906-213201,simulator,DEL,BOM,DEL-BOM,2026-09-05,2026-08-21,2026-08-21T02:30:00+05:30,SG,SG524,ECONOMY,,15,4258,1063,0,5321,INR,,,,2620d8610745d48ddaa3a87fd0fd21375a0176dc1090aa73e00cc42a04ddf2a7,VALID,1.0,,1,2026-08-21T02:30:00+05:30
250e51e76b04419dbef92fe70556d207,backfill-20260906-213201,simulator,DEL,BOM,DEL-BOM,2026-09-20,2026-08-21,2026-08-21T02:30:00+05:30,6E,6E467,ECONOMY,,30,4293,1065,0,5358,INR,,,,dd8d0df44c2fce60a8b6615a48d84434439b3b5f11019a225738eff69d4ae4a0,VALID,1.0,,1,2026-08-21T02:30:00+05:30
d28ce81ee83a4cdd95e93d5185ac10ae,backfill-20260906-213201,simulator,DEL,BOM,DEL-BOM,2026-09-20,2026-08-21,2026-08-21T02:30:00+05:30,6E,6E946,ECONOMY,,30,4510,1075,0,5585,INR,,,,6c92a2e1d6b196f3fa205d8c3af7e8a7e87c2f4e55c0d2e07489408754bd2b25,VALID,1.0,,1,2026-08-21T02:30:00+05:30
7863f0bd5f7947da81a3926065a88153,backfill-20260906-213201,simulator,DEL,BOM,DEL-BOM,2026-09-20,2026-08-21,2026-08-21T02:30:00+05:30,6E,6E966,ECONOMY,,30,4171,1059,0,5230,INR,,,,46bfd9bb7aede1e0202e01b3a65d0a2e678383eb971074474dd7c96ca024d6b8,VALID,1.0,,1,2026-08-21T02:30:00+05:30
0bc608d41d674893b06ca77b6fa5280f,backfill-20260906-213201,simulator,DEL,BOM,DEL-BOM,2026-09-20,2026-08-21,2026-08-21T02:30:00+05:30,AI,AI686,ECONOMY,,30,4096,1055,0,5151,INR,,,,86bcb166f74a33eb37bdf6cdbe8042312ed0f62fdda4c540c9184412381e9b02,VALID,1.0,,1,2026-08-21T02:30:00+05:30
51f9f84b2ac94931a3b7912aea2ae282,backfill-20260906-213201,simulator,DEL,BOM,DEL-BOM,2026-09-20,2026-08-21,2026-08-21T02:30:00+05:30,AI,AI572,ECONOMY,,30,4315,1066,0,5381,INR,,,,775af70dbbc42d35154c16c6ba0b0119a928d0aaeff8413c7bd27662ac5742fd,VALID,1.0,,1,2026-08-21T02:30:00+05:30
0a38d1e23bf34b45929adbefd464a036,backfill-20260906-213201,simulator,DEL,BOM,DEL-BOM,2026-09-20,2026-08-21,2026-08-21T02:30:00+05:30,QP,QP735,ECONOMY,,30,3400,1020,0,4420,INR,,,,88a77619c4707078061dbf157ffcb566617cfabf88b4dbbe53f125a9b5381fbc,VALID,1.0,,1,2026-08-21T02:30:00+05:30
b573bc1921164657873e635b853aa183,backfill-20260906-213201,simulator,DEL,BOM,DEL-BOM,2026-09-20,2026-08-21,2026-08-21T02:30:00+05:30,SG,SG557,ECONOMY,,30,3534,1027,0,4561,INR,,,,7ef571b3346a33f1966866e7643eef68c35174ca923fa2c5f7f2f4a2833e2969,VALID,1.0,,1,2026-08-21T02:30:00+05:30
87e45d163937453bbee481a1460a0683,backfill-20260906-213201,simulator,DEL,BOM,DEL-BOM,2026-10-05,2026-08-21,2026-08-21T02:30:00+05:30,6E,6E744,ECONOMY,,45,3055,1003,0,4058,INR,,,,13e3ab80368ecd04ade623d8f1bb6d525368f2601ec471576a8983b16bc6e916,VALID,1.0,,1,2026-08-21T02:30:00+05:30
2450c111f73243ad87c2776996c2f4b4,backfill-20260906-213201,simulator,DEL,BOM,DEL-BOM,2026-10-05,2026-08-21,2026-08-21T02:30:00+05:30,6E,6E884,ECONOMY,,45,3252,1013,0,4265,INR,,,,7088b2516a579d13421f49012ea511bfbfe5ddea5a0f427b6704453a9473681e,VALID,1.0,,1,2026-08-21T02:30:00+05:30
5908ec3ecfd34598aa31f0385cbc51e6,backfill-20260906-213201,simulator,DEL,BOM,DEL-BOM,2026-10-05,2026-08-21,2026-08-21T02:30:00+05:30,6E,6E594,ECONOMY,,45,3472,1024,0,4496,INR,,,,c61abc3f24851524797628fbc613b2d426c7d1bdbcd162109fdcff9168f37356,VALID,1.0,,1,2026-08-21T02:30:00+05:30
baef3e0fae0348b49d56074183d8a285,backfill-20260906-213201,simulator,DEL,BOM,DEL-BOM,2026-10-05,2026-08-21,2026-08-21T02:30:00+05:30,AI,AI687,ECONOMY,,45,3802,1040,0,4842,INR,,,,b6a86f410b9d3c8639e23b1a3d99ca5cef3aaee511050cf08d5e98f82e3e5b77,VALID,1.0,,1,2026-08-21T02:30:00+05:30
19bccec0abf04455b96a2ff69d20a422,backfill-20260906-213201,simulator,DEL,BOM,DEL-BOM,2026-10-05,2026-08-21,2026-08-21T02:30:00+05:30,AI,AI414,ECONOMY,,45,3546,1027,0,4573,INR,,,,1f129490636ef7f81446ce0ff9c2a224318c0c59e074b850608ea25e536c0d9e,VALID,1.0,,1,2026-08-21T02:30:00+05:30
199383393b094714888a3f60153bb0a7,backfill-20260906-213201,simulator,DEL,BOM,DEL-BOM,2026-10-05,2026-08-21,2026-08-21T02:30:00+05:30,QP,QP743,ECONOMY,,45,3250,1013,0,4263,INR,,,,b002f1c272606781fb9f2fb6f1c0b9dbc0ef2880a3be896c944f60afb9ae0bd0,VALID,1.0,,1,2026-08-21T02:30:00+05:30
e672f91a965a4ee9b44f4802bc6446da,backfill-20260906-213201,simulator,DEL,BOM,DEL-BOM,2026-10-05,2026-08-21,2026-08-21T02:30:00+05:30,SG,SG718,ECONOMY,,45,2773,989,0,3762,INR,,,,738ff391a5ccc636e72a384970cfb763554e627502648e381e78d23f2df9c8a2,VALID,1.0,,1,2026-08-21T02:30:00+05:30
df936af963544d0b9c8535d8716522ff,backfill-20260906-213201,simulator,DEL,BLR,DEL-BLR,2026-08-22,2026-08-21,2026-08-21T02:30:00+05:30,6E,6E942,ECONOMY,,1,9681,1334,0,11015,INR,,,,61a2e95f52dcb29bb0c103b83ae8e4ef6a1d0562031ffb6051012d4a0680169e,VALID,1.0,,1,2026-08-21T02:30:00+05:30
7845ca77f22d497ab8c3cc6c8651c73e,backfill-20260906-213201,simulator,DEL,BLR,DEL-BLR,2026-08-22,2026-08-21,2026-08-21T02:30:00+05:30,6E,6.00E+242,ECONOMY,,1,9974,1349,0,11323,INR,,,,7e3784885b87ac987ea9227ea2d23f1662d7757d64e7b3293445d7a10fe37588,VALID,1.0,,1,2026-08-21T02:30:00+05:30
22cd64bcd77947ffa2f3d43e18737970,backfill-20260906-213201,simulator,DEL,BLR,DEL-BLR,2026-08-22,2026-08-21,2026-08-21T02:30:00+05:30,QP,QP609,ECONOMY,,1,8398,1270,0,9668,INR,,,,05780610388f6f31785becab28f6f4b8616da8623bd0048aa287693830f729b9,VALID,1.0,,1,2026-08-21T02:30:00+05:30
4b4bceddf37e418bb01792912d011901,backfill-20260906-213201,simulator,DEL,BLR,DEL-BLR,2026-08-22,2026-08-21,2026-08-21T02:30:00+05:30,SG,SG984,ECONOMY,,1,8905,1295,0,10200,INR,,,,8652d101191cdc41aa9e7de10077cc789bf12cf83186f24a91679a688b36c088,VALID,1.0,,1,2026-08-21T02:30:00+05:30
cf7febf1f95d4b289cbfa741ae12c266,backfill-20260906-213201,simulator,DEL,BLR,DEL-BLR,2026-08-28,2026-08-21,2026-08-21T02:30:00+05:30,6E,6E933,ECONOMY,,7,6559,1178,0,7737,INR,,,,29d275667c06c8834d9dd310947bd22c9856db63ed80367124ab1b7f62efc4a6,VALID,1.0,,1,2026-08-21T02:30:00+05:30
8eeb9e8d4f644d838cf8d7531d0919cd,backfill-20260906-213201,simulator,DEL,BLR,DEL-BLR,2026-08-28,2026-08-21,2026-08-21T02:30:00+05:30,6E,6.00E+266,ECONOMY,,7,7004,1200,0,8204,INR,,,,5fc66a751ff1b1b6bf2cff4274363cab2bb22babccf6ed56f6d97ea9ea1aee25,VALID,1.0,,1,2026-08-21T02:30:00+05:30
a3d4c8e90a994736a6408c3004824aba,backfill-20260906-213201,simulator,DEL,BLR,DEL-BLR,2026-08-28,2026-08-21,2026-08-21T02:30:00+05:30,6E,6E345,ECONOMY,,7,6827,1191,0,8018,INR,,,,53bf00a69514b0c9679585054e60b4ef03905602980cc34d12338b24b4da518e,VALID,1.0,,1,2026-08-21T02:30:00+05:30
462822dd43c142bc860c1e8689a0bb84,backfill-20260906-213201,simulator,DEL,BLR,DEL-BLR,2026-08-28,2026-08-21,2026-08-21T02:30:00+05:30,AI,AI418,ECONOMY,,7,8354,1268,0,9622,INR,,,,1aacfa2be02dc0291e5a611ae2ba52029b262ac77247bd594b86200f52e5db25,VALID,1.0,,1,2026-08-21T02:30:00+05:30
8c9c3270829e44f185a5243cfec03fc3,backfill-20260906-213201,simulator,DEL,BLR,DEL-BLR,2026-08-28,2026-08-21,2026-08-21T02:30:00+05:30,AI,AI828,ECONOMY,,7,7668,1233,0,8901,INR,,,,2df59b8309d345a1924775a6dc9466bbb029a99a7c7b4b753c7807780ae4567b,VALID,1.0,,1,2026-08-21T02:30:00+05:30
e658143236b8414aa4837e33f68082ef,backfill-20260906-213201,simulator,DEL,BLR,DEL-BLR,2026-08-28,2026-08-21,2026-08-21T02:30:00+05:30,QP,QP383,ECONOMY,,7,6229,1161,0,7390,INR,,,,3c74eb2a20280efbc4fe6cad92cb51ae888a85badb892cfd10209140a7a3221d,VALID,1.0,,1,2026-08-21T02:30:00+05:30
cc39a6e670b14433939c3488807132be,backfill-20260906-213201,simulator,DEL,BLR,DEL-BLR,2026-08-28,2026-08-21,2026-08-21T02:30:00+05:30,SG,SG479,ECONOMY,,7,6522,1176,0,7698,INR,,,,d3b1d8aeaeb7b2f876094faea25ca1cce9d7e9e124b0d2e837585875e8b18596,VALID,1.0,,1,2026-08-21T02:30:00+05:30
359fe4a2caf84e5fa727981ed4893e43,backfill-20260906-213201,simulator,DEL,BLR,DEL-BLR,2026-09-05,2026-08-21,2026-08-21T02:30:00+05:30,6E,6E964,ECONOMY,,15,5064,1103,0,6167,INR,,,,bd23969b072cbd7ef80639b9124e4270e3fe2cd449bf4a133f53ec9514afd949,VALID,1.0,,1,2026-08-21T02:30:00+05:30
82c7455c034b4dd993ac6b14f780961e,backfill-20260906-213201,simulator,DEL,BLR,DEL-BLR,2026-09-05,2026-08-21,2026-08-21T02:30:00+05:30,6E,6E790,ECONOMY,,15,4386,1069,0,5455,INR,,,,50e6c89466e0d6e8ad7e7a4476f899d9485ef55266ac8dd227fceaf8084c7cff,VALID,1.0,,1,2026-08-21T02:30:00+05:30
e1a9b00cae814cd487fd580e166f942f,backfill-20260906-213201,simulator,DEL,BLR,DEL-BLR,2026-09-05,2026-08-21,2026-08-21T02:30:00+05:30,6E,6E382,ECONOMY,,15,5617,1131,0,6748,INR,,,,570b36ee67f1f8b4c8c4620eb4a15f96a3c793f19c7e4ba378c01ef2a960dba7,VALID,1.0,,1,2026-08-21T02:30:00+05:30
3c78c92adf974ca7a3de9f7c132009de,backfill-20260906-213201,simulator,DEL,BLR,DEL-BLR,2026-09-05,2026-08-21,2026-08-21T02:30:00+05:30,AI,AI720,ECONOMY,,15,5190,1109,0,6299,INR,,,,93cb8a3198720131f63dd3a6d2dc2bf41426aea4fd6124e7c8070940757db134,VALID,1.0,,1,2026-08-21T02:30:00+05:30
c3131e764e794c52a0dff81795aaf8ff,backfill-20260906-213201,simulator,DEL,BLR,DEL-BLR,2026-09-05,2026-08-21,2026-08-21T02:30:00+05:30,AI,AI656,ECONOMY,,15,5879,1144,0,7023,INR,,,,bed9c99f287a8a9e00fb4bf50ffe51552a11fb83aef9ba13348d67187bb4e7e3,VALID,1.0,,1,2026-08-21T02:30:00+05:30
a3794f05c46746e1b31bf06495bb6522,backfill-20260906-213201,simulator,DEL,BLR,DEL-BLR,2026-09-05,2026-08-21,2026-08-21T02:30:00+05:30,QP,QP977,ECONOMY,,15,4104,1055,0,5159,INR,,,,66ef48a121451752f69b543d24b1cc7a20559bb47ba5a317f3b08c0ad7cb2321,VALID,1.0,,1,2026-08-21T02:30:00+05:30
043bbb27b7a84874a68c9115aaf00e84,backfill-20260906-213201,simulator,DEL,BLR,DEL-BLR,2026-09-05,2026-08-21,2026-08-21T02:30:00+05:30,SG,SG200,ECONOMY,,15,4582,1079,0,5661,INR,,,,af9eecd4d2c9844e3a2d7736f3adf4054a8f251684fd17b98de97a0fd85e1d82,VALID,1.0,,1,2026-08-21T02:30:00+05:30
585d4012e06b496a8991e451896e978e,backfill-20260906-213201,simulator,DEL,BLR,DEL-BLR,2026-09-20,2026-08-21,2026-08-21T02:30:00+05:30,6E,6E484,ECONOMY,,30,4164,1058,0,5222,INR,,,,265143848403b0bbfc69c90f3f71b5495966e67dba197e0ff50742ef8ee384cf,VALID,1.0,,1,2026-08-21T02:30:00+05:30
68728e7b65ba4dd0bcfee6d8b0ee44c8,backfill-20260906-213201,simulator,DEL,BLR,DEL-BLR,2026-09-20,2026-08-21,2026-08-21T02:30:00+05:30,6E,6E541,ECONOMY,,30,4775,1089,0,5864,INR,,,,ded074695cb68fa636d78ce0d25a71cf0eedef98effc7635d5740bb0d9ae9572,VALID,1.0,,1,2026-08-21T02:30:00+05:30
66e4444bc4864f3c822777662774e2f2,backfill-20260906-213201,simulator,DEL,BLR,DEL-BLR,2026-09-20,2026-08-21,2026-08-21T02:30:00+05:30,6E,6E442,ECONOMY,,30,4977,1099,0,6076,INR,,,,945d925c9cf4f053393ce4a956ef84de93ccc11aec0191a85c9cd89c6a3b3600,VALID,1.0,,1,2026-08-21T02:30:00+05:30
f83ef648f48b47b5a6d888422207172d,backfill-20260906-213201,simulator,DEL,BLR,DEL-BLR,2026-09-20,2026-08-21,2026-08-21T02:30:00+05:30,AI,AI483,ECONOMY,,30,5121,1106,0,6227,INR,,,,d76850d98ddf3535a64c411d555b6baeca87b7faba8cca5fbb5fe4a936dfe117,VALID,1.0,,1,2026-08-21T02:30:00+05:30
53c48e508839442fa8a9b44f0f35655d,backfill-20260906-213201,simulator,DEL,BLR,DEL-BLR,2026-09-20,2026-08-21,2026-08-21T02:30:00+05:30,AI,AI394,ECONOMY,,30,5193,1110,0,6303,INR,,,,e1128c83c81cba5546f571801982cbba5167197c36efe01a9a48caaf761756e2,VALID,1.0,,1,2026-08-21T02:30:00+05:30
c3bcc74d2a654db58eb4a1e5b02a1f06,backfill-20260906-213201,simulator,DEL,BLR,DEL-BLR,2026-09-20,2026-08-21,2026-08-21T02:30:00+05:30,QP,QP724,ECONOMY,,30,4354,1068,0,5422,INR,,,,2e6c99c763564633509e7566a0acc04796af684c2ae0341aa22cff32365f4331,VALID,1.0,,1,2026-08-21T02:30:00+05:30
03cc43f6f61e4f659724c6e0916c5f83,backfill-20260906-213201,simulator,DEL,BLR,DEL-BLR,2026-09-20,2026-08-21,2026-08-21T02:30:00+05:30,SG,SG994,ECONOMY,,30,4600,1080,0,5680,INR,,,,4359773dc6d1f51b9bd6f3ed26d02c931e71a09ecb1d964aff7c077543caf49a,VALID,1.0,,1,2026-08-21T02:30:00+05:30
2559265c70e242e8a9f20b932161b4d2,backfill-20260906-213201,simulator,DEL,BLR,DEL-BLR,2026-10-05,2026-08-21,2026-08-21T02:30:00+05:30,6E,6E864,ECONOMY,,45,4017,1051,0,5068,INR,,,,fadb713fab3b02963d09d1f89e4772a5e08b9e37a40bcd988cae36bf835b753c,VALID,1.0,,1,2026-08-21T02:30:00+05:30
729322a29a834207a1152da41c9255ee,backfill-20260906-213201,simulator,DEL,BLR,DEL-BLR,2026-10-05,2026-08-21,2026-08-21T02:30:00+05:30,6E,6E985,ECONOMY,,45,3989,1049,0,5038,INR,,,,0acda33c53373edfeb07aad1632b3913512077fdb72b363894f0c4caad1805c3,VALID,1.0,,1,2026-08-21T02:30:00+05:30
b1afed46340a4ec78719bb960fcb2441,backfill-20260906-213201,simulator,DEL,BLR,DEL-BLR,2026-10-05,2026-08-21,2026-08-21T02:30:00+05:30,6E,6E414,ECONOMY,,45,4151,1058,0,5209,INR,,,,959e5ee45f7b14873275d1e39bfd2ab9d7e4418b0dd3321318df1d6c54d301a7,VALID,1.0,,1,2026-08-21T02:30:00+05:30
ea2da42292f54e019ecae26b890fb010,backfill-20260906-213201,simulator,DEL,BLR,DEL-BLR,2026-10-05,2026-08-21,2026-08-21T02:30:00+05:30,AI,AI258,ECONOMY,,45,3916,1046,0,4962,INR,,,,8f43b98d380a8831938927a36ecb2f1f12f95b4f3d6dcda97412a0f07165235e,VALID,1.0,,1,2026-08-21T02:30:00+05:30
73db85653eb74c9ea0b38e1802af6b91,backfill-20260906-213201,simulator,DEL,BLR,DEL-BLR,2026-10-05,2026-08-21,2026-08-21T02:30:00+05:30,AI,AI660,ECONOMY,,45,4187,1059,0,5246,INR,,,,654653ed94b15f7a20212677cb709e169a00f1e7270686ce2506e4f8906ee67a,VALID,1.0,,1,2026-08-21T02:30:00+05:30
2dacddacd40a4502b87a23ef96576124,backfill-20260906-213201,simulator,DEL,BLR,DEL-BLR,2026-10-05,2026-08-21,2026-08-21T02:30:00+05:30,QP,QP235,ECONOMY,,45,4128,1056,0,5184,INR,,,,33a6fb50b24e53d16fa34a78bfa598786204833476dcc0714c49a059c1de6862,VALID,1.0,,1,2026-08-21T02:30:00+05:30
3c9f3929a3fb49239e0b5529adef0be4,backfill-20260906-213201,simulator,DEL,BLR,DEL-BLR,2026-10-05,2026-08-21,2026-08-21T02:30:00+05:30,SG,SG941,ECONOMY,,45,4011,1051,0,5062,INR,,,,084e54e5995a788e103bc8f5f83fd123786084c73eb7ff0820f495e139c09870,VALID,1.0,,1,2026-08-21T02:30:00+05:30
92db6112ee654ddba7e9ff04ca47bee1,backfill-20260906-213201,simulator,DEL,BOM,DEL-BOM,2026-08-23,2026-08-22,2026-08-22T02:30:00+05:30,6E,6E380,ECONOMY,,1,10310,1366,0,11676,INR,,,,8d2419e90c49890e7a3a4d1335c66338e5f05c5162999d4165952f1f4b6fac80,VALID,1.0,,1,2026-08-22T02:30:00+05:30
b1dd53c5acb841489d0a10f98c404403,backfill-20260906-213201,simulator,DEL,BOM,DEL-BOM,2026-08-23,2026-08-22,2026-08-22T02:30:00+05:30,6E,6.00E+259,ECONOMY,,1,8791,1290,0,10081,INR,,,,39d2280767f9835d2b15a49ec0e02f49c18d78530acc838d159176c680df086b,VALID,1.0,,1,2026-08-22T02:30:00+05:30
