observation_id,run_id,source,origin,destination,route,departure_date,collection_date,collection_timestamp,airline,flight_number,cabin,fare_class,lead_time_days,base_fare,taxes,fees,total_fare,currency,availability,seats_remaining,raw_payload_reference,fingerprint,quality_status,quality_score,exclusion_reason,in_basket,inserted_at
ff5f060437cc46518ef3ece208c8368a,backfill-20260906-213201,simulator,DEL,BOM,DEL-BOM,2026-08-23,2026-08-22,2026-08-22T02:30:00+05:30,6E,6E984,ECONOMY,,1,9514,1326,0,10840,INR,,,,966128b9cc57af52f4176282575648974f0d484c904a5000e75472badf9b5891,VALID,1.0,,1,2026-08-22T02:30:00+05:30
5aacb6e68fa94e5fb9ba8268c0635182,backfill-20260906-213201,simulator,DEL,BOM,DEL-BOM,2026-08-23,2026-08-22,2026-08-22T02:30:00+05:30,AI,AI697,ECONOMY,,1,10388,1369,0,11757,INR,,,,3c40d99f205860e2aad173b34b0dfff1823890a4e3aa0981c340c0704a0b9c12,VALID,1.0,,1,2026-08-22T02:30:00+05:30
d4b739cd87f642b4bec388b4c81224f4,backfill-20260906-213201,simulator,DEL,BOM,DEL-BOM,2026-08-23,2026-08-22,2026-08-22T02:30:00+05:30,AI,AI523,ECONOMY,,1,10179,1359,0,11538,INR,,,,a46f9baa65d909d5f08140d3e7d87dd72809813b2a7517e1e929f56960cb90be,VALID,1.0,,1,2026-08-22T02:30:00+05:30
4743c930bddf4f9b86dcce6dcdd785b7,backfill-20260906-213201,simulator,DEL,BOM,DEL-BOM,2026-08-23,2026-08-22,2026-08-22T02:30:00+05:30,QP,QP659,ECONOMY,,1,9615,1331,0,10946,INR,,,,1a55e5b1f52cc12e88e5319944654738257dce9cc1162a9eacc65b0eef3c66b2,VALID,1.0,,1,2026-08-22T02:30:00+05:30
146cc29e54754e1487a5e33475e22261,backfill-20260906-213201,simulator,DEL,BOM,DEL-BOM,2026-08-23,2026-08-22,2026-08-22T02:30:00+05:30,SG,SG786,ECONOMY,,1,9300,1315,0,10615,INR,,,,504684dc7fa5623ec8d1ae816173e5edb1634bf8d290cce608cdf42f18d583cc,VALID,1.0,,1,2026-08-22T02:30:00+05:30
08fce0fabbec441d9e72d99a0683cd06,backfill-20260906-213201,simulator,DEL,BOM,DEL-BOM,2026-08-29,2026-08-22,2026-08-22T02:30:00+05:30,6E,6E329,ECONOMY,,7,4405,1070,0,5475,INR,,,,07a45171591af93053b25a4cc246bbb8260d12a00ae11103d5b3ed03577c8480,VALID,1.0,,1,2026-08-22T02:30:00+05:30
08e29596bf234ccaae7460a3ecca4ac6,backfill-20260906-213201,simulator,DEL,BOM,DEL-BOM,2026-08-29,2026-08-22,2026-08-22T02:30:00+05:30,6E,6E921,ECONOMY,,7,4760,1088,0,5848,INR,,,,80e5f0f22661c34035c2f80f3753bbfb3a0dc08bb25aaa18b4c5f298d42b1cc2,VALID,1.0,,1,2026-08-22T02:30:00+05:30
aa8566924f204294a703f409085a4f87,backfill-20260906-213201,simulator,DEL,BOM,DEL-BOM,2026-08-29,2026-08-22,2026-08-22T02:30:00+05:30,6E,6E809,ECONOMY,,7,6089,1154,0,7243,INR,,,,26520cd933ed4564c92eb55f779cb6d072832658768f3e6830ec4120bb7daaa7,VALID,1.0,,1,2026-08-22T02:30:00+05:30
18c3972b49d74298be18fca70478be5a,backfill-20260906-213201,simulator,DEL,BOM,DEL-BOM,2026-08-29,2026-08-22,2026-08-22T02:30:00+05:30,AI,AI858,ECONOMY,,7,5046,1102,0,6148,INR,,,,a6fa107f840f84f9872dc95101f021ad4b35faa502a72bf2abcfa997341af64b,VALID,1.0,,1,2026-08-22T02:30:00+05:30
71b6165f555c4971ae18dd6cb91afa24,backfill-20260906-213201,simulator,DEL,BOM,DEL-BOM,2026-08-29,2026-08-22,2026-08-22T02:30:00+05:30,AI,AI340,ECONOMY,,7,5740,1137,0,6877,INR,,,,fdf418871a2b7d7dee626a6e0a36d4803c2b13247e0dc9151cf741368026d755,VALID,1.0,,1,2026-08-22T02:30:00+05:30
6f5991f1f094433b83d64e022c4b7178,backfill-20260906-213201,simulator,DEL,BOM,DEL-BOM,2026-08-29,2026-08-22,2026-08-22T02:30:00+05:30,QP,QP917,ECONOMY,,7,4951,1098,0,6049,INR,,,,851aace42a6ca50577e9921157cc4c0b1ebf2b8d5c9afd7a11ecf177bea18199,VALID,1.0,,1,2026-08-22T02:30:00+05:30
7c666155577c4493900ee601c1b8139e,backfill-20260906-213201,simulator,DEL,BOM,DEL-BOM,2026-08-29,2026-08-22,2026-08-22T02:30:00+05:30,SG,SG364,ECONOMY,,7,4680,1084,0,5764,INR,,,,f3d3dfb62992b1b3ce38efb8301660ef8528e72bb2820b3077f6ee0b723f9403,VALID,1.0,,1,2026-08-22T02:30:00+05:30
be76d7c5fa044cd7b695d0f0aa4f0fdd,backfill-20260906-213201,simulator,DEL,BOM,DEL-BOM,2026-09-06,2026-08-22,2026-08-22T02:30:00+05:30,6E,6E520,ECONOMY,,15,4656,1083,0,5739,INR,,,,abf28b6fb385992b6ef6e06eace32dd27421c816360376e49724344da9d083ac,VALID,1.0,,1,2026-08-22T02:30:00+05:30
c1c32db86cec4320957a14be83792be4,backfill-20260906-213201,simulator,DEL,BOM,DEL-BOM,2026-09-06,2026-08-22,2026-08-22T02:30:00+05:30,6E,6E672,ECONOMY,,15,4391,1070,0,5461,INR,,,,14a84dda98b3d942e9c14a97dd0f431f14986a0a62d8f7f3dba0db77a198d6bf,VALID,1.0,,1,2026-08-22T02:30:00+05:30
b8865ba600524d26884e3dd03488b2e3,backfill-20260906-213201,simulator,DEL,BOM,DEL-BOM,2026-09-06,2026-08-22,2026-08-22T02:30:00+05:30,6E,6E638,ECONOMY,,15,4906,1095,0,6001,INR,,,,22f6c2bd804aa617e925159964fe551620006de6c2ba78b41565b0ed07e17580,VALID,1.0,,1,2026-08-22T02:30:00+05:30
93a23d7c9b99418288f95bcf74a6caf5,backfill-20260906-213201,simulator,DEL,BOM,DEL-BOM,2026-09-06,2026-08-22,2026-08-22T02:30:00+05:30,AI,AI483,ECONOMY,,15,4870,1093,0,5963,INR,,,,b9bb72e56fa4dffc74c0ba46a8e37ebf8fe7b969dbc1da05f91ddc9b32f43531,VALID,1.0,,1,2026-08-22T02:30:00+05:30
78c74807c61d43a4b5d07a883cbbac81,backfill-20260906-213201,simulator,DEL,BOM,DEL-BOM,2026-09-06,2026-08-22,2026-08-22T02:30:00+05:30,AI,AI396,ECONOMY,,15,5960,1148,0,7108,INR,,,,ed36f1758c4b8619568d9fca9ab0671df40e9bedb88d4a62c49749bf3a95bb7a,VALID,1.0,,1,2026-08-22T02:30:00+05:30
0364f417f45b46628bd3dced17312add,backfill-20260906-213201,simulator,DEL,BOM,DEL-BOM,2026-09-06,2026-08-22,2026-08-22T02:30:00+05:30,QP,QP486,ECONOMY,,15,3865,1043,0,4908,INR,,,,c59024e4008848e5a9a2b1cb3d6eabac501fb9c6fd5d4f71e456e7f05b6ff480,VALID,1.0,,1,2026-08-22T02:30:00+05:30
0450d80a00284170b593536775c0a0ff,backfill-20260906-213201,simulator,DEL,BOM,DEL-BOM,2026-09-06,2026-08-22,2026-08-22T02:30:00+05:30,SG,SG719,ECONOMY,,15,4805,1090,0,5895,INR,,,,21cae427044f43066744f5c2fa8ab7dbfc7728be038471f38f599204de563fea,VALID,1.0,,1,2026-08-22T02:30:00+05:30
6f9452bf3d56409fa8c77c772ab88035,backfill-20260906-213201,simulator,DEL,BOM,DEL-BOM,2026-09-21,2026-08-22,2026-08-22T02:30:00+05:30,6E,6E863,ECONOMY,,30,3701,1035,0,4736,INR,,,,2a3c956f818a2f7caa699632d9c4a370dc3e61effd2450a1c722f0984f4084dd,VALID,1.0,,1,2026-08-22T02:30:00+05:30
c1a9c0f4d6e1416bb717dc8436c52476,backfill-20260906-213201,simulator,DEL,BOM,DEL-BOM,2026-09-21,2026-08-22,2026-08-22T02:30:00+05:30,6E,6E484,ECONOMY,,30,3577,1029,0,4606,INR,,,,ac641804ea6bef92c9738a9d0b291d0fc2d282376b3b133a5ffdab8e14a674ec,VALID,1.0,,1,2026-08-22T02:30:00+05:30
b4f76db5b882407aa31efa09f16cb0f8,backfill-20260906-213201,simulator,DEL,BOM,DEL-BOM,2026-09-21,2026-08-22,2026-08-22T02:30:00+05:30,6E,6E926,ECONOMY,,30,3385,1019,0,4404,INR,,,,8b8ed15ccda8ffeaac750dbb0187cbecf76cc576fa2197e17e7c4261703105b8,VALID,1.0,,1,2026-08-22T02:30:00+05:30
b9a99b0b44844123b4e10c68a565b66d,backfill-20260906-213201,simulator,DEL,BOM,DEL-BOM,2026-09-21,2026-08-22,2026-08-22T02:30:00+05:30,AI,AI605,ECONOMY,,30,3426,1021,0,4447,INR,,,,9c982fe48b14515ed0907a78af8fe47c63c11d5ef95c80a841900c728f222034,VALID,1.0,,1,2026-08-22T02:30:00+05:30
ee508d066e744b4ca2f58df442566170,backfill-20260906-213201,simulator,DEL,BOM,DEL-BOM,2026-09-21,2026-08-22,2026-08-22T02:30:00+05:30,AI,AI879,ECONOMY,,30,3475,1024,0,4499,INR,,,,11493878230e9fb5b3a4437ae08365eeba4acd792d260bf0c7a7374b390164bd,VALID,1.0,,1,2026-08-22T02:30:00+05:30
77597546a8a14a18847db07bd03231fe,backfill-20260906-213201,simulator,DEL,BOM,DEL-BOM,2026-09-21,2026-08-22,2026-08-22T02:30:00+05:30,QP,QP661,ECONOMY,,30,3250,1013,0,4263,INR,,,,04a9af34994395c294bc0400d6524295367ba373ecbddfa9ec10f96b08c7635e,VALID,1.0,,1,2026-08-22T02:30:00+05:30
9aba9dcf84ef4331a3f67d7f7a6b2006,backfill-20260906-213201,simulator,DEL,BOM,DEL-BOM,2026-09-21,2026-08-22,2026-08-22T02:30:00+05:30,SG,SG851,ECONOMY,,30,3189,1009,0,4198,INR,,,,64baaa2b2a3ae8d963379245cd005cd68f5a8f7c5ccea38ef8076509dd9a6ea9,VALID,1.0,,1,2026-08-22T02:30:00+05:30
09e81474513945e5b13d5b831683f048,backfill-20260906-213201,simulator,DEL,BOM,DEL-BOM,2026-10-06,2026-08-22,2026-08-22T02:30:00+05:30,6E,6E626,ECONOMY,,45,3012,1001,0,4013,INR,,,,01467c9d30fe8949b26e2155a423f0713f8b65a498bce28f4cad1ef1216a6c01,VALID,1.0,,1,2026-08-22T02:30:00+05:30
aa2c5c5fd86d4fab83e4d437cf9c4c05,backfill-20260906-213201,simulator,DEL,BOM,DEL-BOM,2026-10-06,2026-08-22,2026-08-22T02:30:00+05:30,6E,6E559,ECONOMY,,45,2934,997,0,3931,INR,,,,1666536078d29d71b12df4a4c8ffb65ffa32f9fe05450f4f45eba9447a21ddcb,VALID,1.0,,1,2026-08-22T02:30:00+05:30
42290422cf6941e8b1468522482040d9,backfill-20260906-213201,simulator,DEL,BOM,DEL-BOM,2026-10-06,2026-08-22,2026-08-22T02:30:00+05:30,6E,6E397,ECONOMY,,45,3061,1003,0,4064,INR,,,,6070efe0e8117ae79669d20e76fabf1ce98e9280327169ddc1252880ec325a21,VALID,1.0,,1,2026-08-22T02:30:00+05:30
1ddf261fa1a04857ade25dd44d995a6d,backfill-20260906-213201,simulator,DEL,BOM,DEL-BOM,2026-10-06,2026-08-22,2026-08-22T02:30:00+05:30,AI,AI497,ECONOMY,,45,3135,1007,0,4142,INR,,,,c189f45825f9c1418114f7ce5ba9f6b87c56ac44008d7f0465e2d7a543416aa4,VALID,1.0,,1,2026-08-22T02:30:00+05:30
562a930eb2e74200a5344fe70d26db2f,backfill-20260906-213201,simulator,DEL,BOM,DEL-BOM,2026-10-06,2026-08-22,2026-08-22T02:30:00+05:30,AI,AI932,ECONOMY,,45,2827,991,0,3818,INR,,,,cb13d0d19d65739ba98cb71c2628f75f0411ecc205a729337f01f9a478f3f1dd,VALID,1.0,,1,2026-08-22T02:30:00+05:30
46723335c2104afe818fc1a6974f59ab,backfill-20260906-213201,simulator,DEL,BOM,DEL-BOM,2026-10-06,2026-08-22,2026-08-22T02:30:00+05:30,QP,QP866,ECONOMY,,45,2766,988,0,3754,INR,,,,4521176d6da525f3751156de3f023e93053b2248e14ad834527ae5831909ad3d,VALID,1.0,,1,2026-08-22T02:30:00+05:30
605e1391dbf1454ea051f63b08b9844f,backfill-20260906-213201,simulator,DEL,BOM,DEL-BOM,2026-10-06,2026-08-22,2026-08-22T02:30:00+05:30,SG,SG343,ECONOMY,,45,2597,980,0,3577,INR,,,,005c6d2ce697338207cdb22481606d65cc66735374c31c35c0ed2753d615e248,VALID,1.0,,1,2026-08-22T02:30:00+05:30
76e81dba17c545928715028220408887,backfill-20260906-213201,simulator,DEL,BLR,DEL-BLR,2026-08-23,2026-08-22,2026-08-22T02:30:00+05:30,6E,6E423,ECONOMY,,1,9761,1338,0,11099,INR,,,,ec7daeea1217a2f67338c8b3c1636441bfb6488d591672d21ba0bfbbfdf81982,VALID,1.0,,1,2026-08-22T02:30:00+05:30
02ab3e2eadf846a1b1a2df40402e06a7,backfill-20260906-213201,simulator,DEL,BLR,DEL-BLR,2026-08-23,2026-08-22,2026-08-22T02:30:00+05:30,6E,6E739,ECONOMY,,1,12382,1469,0,13851,INR,,,,ea736deb5d0ea6e7b67bbe3f4b9215ba5b38c6f1f76f6e5a13a04adea7da9847,VALID,1.0,,1,2026-08-22T02:30:00+05:30
cfee80835f3041ee917e67f316cb56e1,backfill-20260906-213201,simulator,DEL,BLR,DEL-BLR,2026-08-23,2026-08-22,2026-08-22T02:30:00+05:30,6E,6E555,ECONOMY,,1,11222,1411,0,12633,INR,,,,fe1fe2f5719af09f26aac79d73f8c55dd0080102fa32de9fb4448e46234171d0,VALID,1.0,,1,2026-08-22T02:30:00+05:30
affc0e49913d4f67bb1f46bfcc3e8cd3,backfill-20260906-213201,simulator,DEL,BLR,DEL-BLR,2026-08-23,2026-08-22,2026-08-22T02:30:00+05:30,AI,AI578,ECONOMY,,1,9968,1348,0,11316,INR,,,,bd1a7149a40bdd94b088d52a13dd78d0bac7399a56f92f277e667c10b4c2745c,VALID,1.0,,1,2026-08-22T02:30:00+05:30
0d9f670388114f01a1ecd59476a54112,backfill-20260906-213201,simulator,DEL,BLR,DEL-BLR,2026-08-23,2026-08-22,2026-08-22T02:30:00+05:30,AI,AI656,ECONOMY,,1,13356,1518,0,14874,INR,,,,af44ae406c7ca45975ed547f0ca7cbe7408aa37c2e173c9e7bc92c8b293e9fb3,VALID,1.0,,1,2026-08-22T02:30:00+05:30
b6cc7f87bf614888809903f20aa5e386,backfill-20260906-213201,simulator,DEL,BLR,DEL-BLR,2026-08-23,2026-08-22,2026-08-22T02:30:00+05:30,QP,QP321,ECONOMY,,1,11802,1440,0,13242,INR,,,,16ebbb5806008ac210f1169effef68cd6356cf056cb703c896e768a1d33fb7fd,VALID,1.0,,1,2026-08-22T02:30:00+05:30
15d124e1757f421d8431cf9738755915,backfill-20260906-213201,simulator,DEL,BLR,DEL-BLR,2026-08-23,2026-08-22,2026-08-22T02:30:00+05:30,SG,SG642,ECONOMY,,1,10244,1362,0,11606,INR,,,,0cb11bd8314df172398a4f5fc0d4e22c8c8eea17b07b989065cdd2908ab093f2,VALID,1.0,,1,2026-08-22T02:30:00+05:30
b0c159d8b83a4e358d7287bd72240e00,backfill-20260906-213201,simulator,DEL,BLR,DEL-BLR,2026-08-29,2026-08-22,2026-08-22T02:30:00+05:30,6E,6E510,ECONOMY,,7,5994,1150,0,7144,INR,,,,efc71d51f2ead3983b4206016ffdb19767f3bdc90e2302c9f92a2ad363e49890,VALID,1.0,,1,2026-08-22T02:30:00+05:30
683ed43f162c45568475e542329d8a1d,backfill-20260906-213201,simulator,DEL,BLR,DEL-BLR,2026-08-29,2026-08-22,2026-08-22T02:30:00+05:30,6E,6E577,ECONOMY,,7,6173,1159,0,7332,INR,,,,a620bf622446ae34e566c03634b6c451f2b40c5ba4bd7cf53ccd212779446ed6,VALID,1.0,,1,2026-08-22T02:30:00+05:30
24517cd4b06c4ab882681504b5b76ac8,backfill-20260906-213201,simulator,DEL,BLR,DEL-BLR,2026-08-29,2026-08-22,2026-08-22T02:30:00+05:30,6E,6E322,ECONOMY,,7,6460,1173,0,7633,INR,,,,a8f013115bbfcf573975694cdd57ad1126ca87bf0c84aa2d5af5391ecfd8ca63,VALID,1.0,,1,2026-08-22T02:30:00+05:30
c9da0c7434c24ae9adf61bf011565d75,backfill-20260906-213201,simulator,DEL,BLR,DEL-BLR,2026-08-29,2026-08-22,2026-08-22T02:30:00+05:30,AI,AI526,ECONOMY,,7,7050,1202,0,8252,INR,,,,1dc903ff440ed0721ad695ebb86d3eb13a34a0ca381444d1c0c2295f1f78dbe2,VALID,1.0,,1,2026-08-22T02:30:00+05:30
4f70df47614548e3ae921ab6eaa338cc,backfill-20260906-213201,simulator,DEL,BLR,DEL-BLR,2026-08-29,2026-08-22,2026-08-22T02:30:00+05:30,AI,AI567,ECONOMY,,7,6916,1196,0,8112,INR,,,,b88570b391b4ad37b9b87e27a014269637e5c097d7e3773bc45252b4290ff1d8,VALID,1.0,,1,2026-08-22T02:30:00+05:30
7af620d2666e43448199dbbc9b71f62a,backfill-20260906-213201,simulator,DEL,BLR,DEL-BLR,2026-08-29,2026-08-22,2026-08-22T02:30:00+05:30,QP,QP834,ECONOMY,,7,5266,1113,0,6379,INR,,,,969efead7898c562f1d43b333718be02a0573b0e018358705930c7954fca791e,VALID,1.0,,1,2026-08-22T02:30:00+05:30
25e3f1d5f18a48f8b120b834c2554de6,backfill-20260906-213201,simulator,DEL,BLR,DEL-BLR,2026-08-29,2026-08-22,2026-08-22T02:30:00+05:30,SG,SG968,ECONOMY,,7,6034,1152,0,7186,INR,,,,3b2e938fe024af5d7545e265bc870cc01420d0eb408c7731b3d1cf0255951f34,VALID,1.0,,1,2026-08-22T02:30:00+05:30
9197375aa77a49a29b054b923a773a9e,backfill-20260906-213201,simulator,DEL,BLR,DEL-BLR,2026-09-06,2026-08-22,2026-08-22T02:30:00+05:30,6E,6E579,ECONOMY,,15,5724,1136,0,6860,INR,,,,ff8e708c7cd5631ab7d01ce7c4f5b266c1a9d071fb3df7450f3779895e890799,VALID,1.0,,1,2026-08-22T02:30:00+05:30
c78dd02ffd6f42bb9dd37e06cbb47879,backfill-20260906-213201,simulator,DEL,BLR,DEL-BLR,2026-09-06,2026-08-22,2026-08-22T02:30:00+05:30,6E,6E496,ECONOMY,,15,5017,1101,0,6118,INR,,,,94befd807f41eb611ace95b6b1f7d85a0efded8efa8cccc5ed968025130e013e,VALID,1.0,,1,2026-08-22T02:30:00+05:30
72f01f1d62f44090968376fc51eef1ba,backfill-20260906-213201,simulator,DEL,BLR,DEL-BLR,2026-09-06,2026-08-22,2026-08-22T02:30:00+05:30,6E,6E866,ECONOMY,,15,5519,1126,0,6645,INR,,,,9df1a36fb1f2d6df2e19bbed6b0053357f058afc3ca736c02fe0a3cab60e3637,VALID,1.0,,1,2026-08-22T02:30:00+05:30
f00b14136a5a4f73a2c7b5bab398d995,backfill-20260906-213201,simulator,DEL,BLR,DEL-BLR,2026-09-06,2026-08-22,2026-08-22T02:30:00+05:30,AI,AI971,ECONOMY,,15,5528,1126,0,6654,INR,,,,39ab600e76d79d0b0651939e6a3e940b0d2d30ec7d42700d4280843c3d757cf3,VALID,1.0,,1,2026-08-22T02:30:00+05:30
58cc4295b050446b84957ca4f4dee605,backfill-20260906-213201,simulator,DEL,BLR,DEL-BLR,2026-09-06,2026-08-22,2026-08-22T02:30:00+05:30,AI,AI570,ECONOMY,,15,5878,1144,0,7022,INR,,,,419ab72a1a24407cb56e39855252184753ffeb403cc7c041b9496faa37a2eedf,VALID,1.0,,1,2026-08-22T02:30:00+05:30
841e83a1d5d24741a1f7729d8a5cf775,backfill-20260906-213201,simulator,DEL,BLR,DEL-BLR,2026-09-06,2026-08-22,2026-08-22T02:30:00+05:30,QP,QP870,ECONOMY,,15,5616,1131,0,6747,INR,,,,0720c7424de547fccd4cc0991421cbc1a643c6d951e9d6aa790a26effbff6589,VALID,1.0,,1,2026-08-22T02:30:00+05:30
bae68bc96f554505b1f1f2f22b0dd023,backfill-20260906-213201,simulator,DEL,BLR,DEL-BLR,2026-09-06,2026-08-22,2026-08-22T02:30:00+05:30,SG,SG500,ECONOMY,,15,5233,1112,0,6345,INR,,,,f4219baef8fb582b8f53f4b76f48daf1215104c7372aea8c3798e94f472babb1,VALID,1.0,,1,2026-08-22T02:30:00+05:30
85445dfd562b4bea88a0db592b5ab26f,backfill-20260906-213201,simulator,DEL,BLR,DEL-BLR,2026-09-21,2026-08-22,2026-08-22T02:30:00+05:30,6E,6.00E+247,ECONOMY,,30,5150,1107,0,6257,INR,,,,211372e1bef1c39af92b923412b64cdbfdb19d1048f14db7949df90c8ecdf24b,VALID,1.0,,1,2026-08-22T02:30:00+05:30
e3098cf0b11c4985b6e08d0ce1d6b241,backfill-20260906-213201,simulator,DEL,BLR,DEL-BLR,2026-09-21,2026-08-22,2026-08-22T02:30:00+05:30,6E,6E823,ECONOMY,,30,4267,1063,0,5330,INR,,,,581af7a2bb2ef61494a39c69b31579b02212507ce2206eb82197834c342adf00,VALID,1.0,,1,2026-08-22T02:30:00+05:30
a304069e9d57482e9e72b970426773cf,backfill-20260906-213201,simulator,DEL,BLR,DEL-BLR,2026-09-21,2026-08-22,2026-08-22T02:30:00+05:30,6E,6E919,ECONOMY,,30,3986,1049,0,5035,INR,,,,0ea8746475bc764d08bd2c6f7a38913455c7408df02858bc56d312096d2f6731,VALID,1.0,,1,2026-08-22T02:30:00+05:30
39b49f10074e416b8dd2636f33214798,backfill-20260906-213201,simulator,DEL,BLR,DEL-BLR,2026-09-21,2026-08-22,2026-08-22T02:30:00+05:30,AI,AI911,ECONOMY,,30,5075,1104,0,6179,INR,,,,c083ae8b3e1b364916f65e911f6854c5895e4e3a976b411110ead7ec85faa42c,VALID,1.0,,1,2026-08-22T02:30:00+05:30
94c745eee108457bb6d35a9201e7d506,backfill-20260906-213201,simulator,DEL,BLR,DEL-BLR,2026-09-21,2026-08-22,2026-08-22T02:30:00+05:30,AI,AI947,ECONOMY,,30,4921,1096,0,6017,INR,,,,7e151d46d25208824efd77f4ef5aeb7de6ea98a435d7378ef3b2f25bc39c10f5,VALID,1.0,,1,2026-08-22T02:30:00+05:30
12df6edb00094f50bef23053e5b33bd3,backfill-20260906-213201,simulator,DEL,BLR,DEL-BLR,2026-09-21,2026-08-22,2026-08-22T02:30:00+05:30,QP,QP670,ECONOMY,,30,4404,1070,0,5474,INR,,,,01b6a7f6bf6f0083466972438fbcdaffa4a1f0b240afe62c41aeef515906bc7c,VALID,1.0,,1,2026-08-22T02:30:00+05:30
5d41a9d446aa4bc3a527123a19e94c46,backfill-20260906-213201,simulator,DEL,BLR,DEL-BLR,2026-09-21,2026-08-22,2026-08-22T02:30:00+05:30,SG,SG372,ECONOMY,,30,4030,1052,0,5082,INR,,,,1ca067015f8066ac5bb9108500ef5ae1b5255299b41e6bbc571c563c5959a039,VALID,1.0,,1,2026-08-22T02:30:00+05:30
3c50a720d9224c75896d43b39c75f645,backfill-20260906-213201,simulator,DEL,BLR,DEL-BLR,2026-10-06,2026-08-22,2026-08-22T02:30:00+05:30,6E,6E596,ECONOMY,,45,3878,1044,0,4922,INR,,,,7db1beb26ebee712e654e5c234990a2c27036aae6a8176010d5e339e6acca58b,VALID,1.0,,1,2026-08-22T02:30:00+05:30
3d168ccffce44981afc91f13118940e7,backfill-20260906-213201,simulator,DEL,BLR,DEL-BLR,2026-10-06,2026-08-22,2026-08-22T02:30:00+05:30,6E,6E609,ECONOMY,,45,3079,1004,0,4083,INR,,,,0ba5f971cace59ebbf452cfefa86ea01bc0112412e0efd1cb4ae1fe79f221dcd,VALID,1.0,,1,2026-08-22T02:30:00+05:30
a0599c35fc4347b78d02cc84d0303c67,backfill-20260906-213201,simulator,DEL,BLR,DEL-BLR,2026-10-06,2026-08-22,2026-08-22T02:30:00+05:30,6E,6E844,ECONOMY,,45,3312,1016,0,4328,INR,,,,dda7e0bfacd3d16769e3bfa4d34ddd2eca6ae0a17359cb3a2a03279267c089dd,VALID,1.0,,1,2026-08-22T02:30:00+05:30
feeffa5c77774ec183033f726270cd1e,backfill-20260906-213201,simulator,DEL,BLR,DEL-BLR,2026-10-06,2026-08-22,2026-08-22T02:30:00+05:30,AI,AI570,ECONOMY,,45,3797,1040,0,4837,INR,,,,0118d86bf95206146ea9c107c797f4101fc4bac0434e3c455465b3ab8946d51c,VALID,1.0,,1,2026-08-22T02:30:00+05:30
d808c95593914b2a9e4835ce29bdd873,backfill-20260906-213201,simulator,DEL,BLR,DEL-BLR,2026-10-06,2026-08-22,2026-08-22T02:30:00+05:30,AI,AI213,ECONOMY,,45,3931,1047,0,4978,INR,,,,7cae82b32ff48a632bbecd9c539d8f343b338d9fa27efa520ee4c7a2a64d2b51,VALID,1.0,,1,2026-08-22T02:30:00+05:30
497d6de08ff74467b90dbe481bd3dfc2,backfill-20260906-213201,simulator,DEL,BLR,DEL-BLR,2026-10-06,2026-08-22,2026-08-22T02:30:00+05:30,QP,QP951,ECONOMY,,45,2953,998,0,3951,INR,,,,a5647921b29594b62250d79f92876ea36bd0c807afd28d11884be9ff91afda7e,VALID,1.0,,1,2026-08-22T02:30:00+05:30
582d15778b814021a86c28ed9122f10d,backfill-20260906-213201,simulator,DEL,BLR,DEL-BLR,2026-10-06,2026-08-22,2026-08-22T02:30:00+05:30,SG,SG267,ECONOMY,,45,3691,1035,0,4726,INR,,,,c2681a772092bbe85026f38f7a0104979d5bfb95a44d83c911bcb4619523bf08,VALID,1.0,,1,2026-08-22T02:30:00+05:30
4dc293ec2fd144d29507759e7c093768,backfill-20260906-213201,simulator,DEL,BOM,DEL-BOM,2026-08-24,2026-08-23,2026-08-23T02:30:00+05:30,6E,6E610,ECONOMY,,1,8325,1266,0,9591,INR,,,,29cbaa2a59df0b1ae7e24cd1679d13c53b8499f4acb5c93eafcd66985432b011,VALID,1.0,,1,2026-08-23T02:30:00+05:30
dc9084e46d694e1293784eadf480c550,backfill-20260906-213201,simulator,DEL,BOM,DEL-BOM,2026-08-24,2026-08-23,2026-08-23T02:30:00+05:30,6E,6E527,ECONOMY,,1,8034,1252,0,9286,INR,,,,61fcde482d95e62011f27d044dfcc2b2d65ceb7d445cc9d6ee0c4dab1e2f3f84,VALID,1.0,,1,2026-08-23T02:30:00+05:30
483f451d307046ceb5c5765e11e97dfe,backfill-20260906-213201,simulator,DEL,BOM,DEL-BOM,2026-08-24,2026-08-23,2026-08-23T02:30:00+05:30,6E,6E332,ECONOMY,,1,7749,1237,0,8986,INR,,,,25de018169bc9f07a225d309539cf62732387699958f6e35731ddda98139c735,VALID,1.0,,1,2026-08-23T02:30:00+05:30
304c6cf4186f4402bb1a035d95c24002,backfill-20260906-213201,simulator,DEL,BOM,DEL-BOM,2026-08-24,2026-08-23,2026-08-23T02:30:00+05:30,AI,AI368,ECONOMY,,1,8397,1270,0,9667,INR,,,,1637d9ddaed7ebd7e15e6b55ca845622aa7b41feefef257bbf6b22d3c982c6ee,VALID,1.0,,1,2026-08-23T02:30:00+05:30
4b0e26e42496421ab3344f060b804efe,backfill-20260906-213201,simulator,DEL,BOM,DEL-BOM,2026-08-24,2026-08-23,2026-08-23T02:30:00+05:30,AI,AI790,ECONOMY,,1,8467,1273,0,9740,INR,,,,9aae9027d4ec73656cfd6e0cadc1bec757080d129d50b499c12c6efed8233ee0,VALID,1.0,,1,2026-08-23T02:30:00+05:30
7b2cce9a67104e04ac267047f52391e2,backfill-20260906-213201,simulator,DEL,BOM,DEL-BOM,2026-08-24,2026-08-23,2026-08-23T02:30:00+05:30,QP,QP821,ECONOMY,,1,8876,1294,0,10170,INR,,,,69e5cda5497fdb0d4e882fe1d993d00dd0238d7974bfc12f87f1426be286719c,VALID,1.0,,1,2026-08-23T02:30:00+05:30
7f13c8feea1e40aa94cbe8e625012781,backfill-20260906-213201,simulator,DEL,BOM,DEL-BOM,2026-08-24,2026-08-23,2026-08-23T02:30:00+05:30,SG,SG267,ECONOMY,,1,7899,1245,0,9144,INR,,,,dd47d68155e8731c69e800be3c6a442fb1a4a8517de5c426f1eda84af7bcc4ab,VALID,1.0,,1,2026-08-23T02:30:00+05:30
5acb04f47f5341f2884657f194ce4e0e,backfill-20260906-213201,simulator,DEL,BOM,DEL-BOM,2026-08-30,2026-08-23,2026-08-23T02:30:00+05:30,6E,6E465,ECONOMY,,7,6578,1179,0,7757,INR,,,,f11dfacd9d53abf4f5599bc96ca3f15272e3d78b22f2b3b700d97ec3e6a9c018,VALID,1.0,,1,2026-08-23T02:30:00+05:30
cf7ef970fab34e1eb55ab29617b4356d,backfill-20260906-213201,simulator,DEL,BOM,DEL-BOM,2026-08-30,2026-08-23,2026-08-23T02:30:00+05:30,6E,6E439,ECONOMY,,7,6839,1192,0,8031,INR,,,,ea420172f42bb404bb3f394344d9489a093886156633349ebe724b639bc93f43,VALID,1.0,,1,2026-08-23T02:30:00+05:30
ce8913eb9b22490ca6ffca9c3f7e7dda,backfill-20260906-213201,simulator,DEL,BOM,DEL-BOM,2026-08-30,2026-08-23,2026-08-23T02:30:00+05:30,6E,6E401,ECONOMY,,7,5715,1136,0,6851,INR,,,,149da29b17e726bf1ef848979620b2b003fb1e0defd8788957acd0450ec733e0,VALID,1.0,,1,2026-08-23T02:30:00+05:30
e8fcb63b37b0406e952693f9ff011d26,backfill-20260906-213201,simulator,DEL,BOM,DEL-BOM,2026-08-30,2026-08-23,2026-08-23T02:30:00+05:30,AI,AI243,ECONOMY,,7,6816,1191,0,8007,INR,,,,026167a7b73b699d8b358775b16f393ba258ff370ebb129d564d91d57d2aed24,VALID,1.0,,1,2026-08-23T02:30:00+05:30
45df36cebdd345bc871c7cbc03523e25,backfill-20260906-213201,simulator,DEL,BOM,DEL-BOM,2026-08-30,2026-08-23,2026-08-23T02:30:00+05:30,AI,AI725,ECONOMY,,7,7174,1209,0,8383,INR,,,,1a7d82c7aabc6f9743ae7c9af1da5412242972f81e37d9a7ac08246d8e29b66e,VALID,1.0,,1,2026-08-23T02:30:00+05:30
aeb98a1a90084acb85e791b7b63ca047,backfill-20260906-213201,simulator,DEL,BOM,DEL-BOM,2026-08-30,2026-08-23,2026-08-23T02:30:00+05:30,QP,QP433,ECONOMY,,7,6272,1164,0,7436,INR,,,,f72f38596531a427047734f5cc0972b8be7c1080d8f2073d548b893fba90279b,VALID,1.0,,1,2026-08-23T02:30:00+05:30
96ae1c9a78f544e6a6aed08dba373266,backfill-20260906-213201,simulator,DEL,BOM,DEL-BOM,2026-08-30,2026-08-23,2026-08-23T02:30:00+05:30,SG,SG442,ECONOMY,,7,5442,1122,0,6564,INR,,,,8d1295f2e813b97c3f3642cf5298699984b8524346390dbedd945a82d1096c18,VALID,1.0,,1,2026-08-23T02:30:00+05:30
705610ab719f46dda15cfa792e2be84e,backfill-20260906-213201,simulator,DEL,BOM,DEL-BOM,2026-09-07,2026-08-23,2026-08-23T02:30:00+05:30,6E,6E692,ECONOMY,,15,4444,1072,0,5516,INR,,,,1610e5ee2c966570d3b4216e878af146ea18a74e6a60025b9f4febacdafecfa6,VALID,1.0,,1,2026-08-23T02:30:00+05:30
a02bc984e80f46c0bd6d0d87c32cee91,backfill-20260906-213201,simulator,DEL,BOM,DEL-BOM,2026-09-07,2026-08-23,2026-08-23T02:30:00+05:30,6E,6E766,ECONOMY,,15,4513,1076,0,5589,INR,,,,4e0d8366dcf8e05b8822bd444ab3a22a255d0751a2108237d2e9cd4db6b4b567,VALID,1.0,,1,2026-08-23T02:30:00+05:30
151283a3eb344e43b187d40ef4f60fce,backfill-20260906-213201,simulator,DEL,BOM,DEL-BOM,2026-09-07,2026-08-23,2026-08-23T02:30:00+05:30,6E,6.00E+241,ECONOMY,,15,3940,1047,0,4987,INR,,,,7451db8ae619d915a437b04bb86fe84c2011e2b057e6cbdce539c5e5d7808daa,VALID,1.0,,1,2026-08-23T02:30:00+05:30
26cac96623f1469b8f3d8370fe3c2fa1,backfill-20260906-213201,simulator,DEL,BOM,DEL-BOM,2026-09-07,2026-08-23,2026-08-23T02:30:00+05:30,AI,AI478,ECONOMY,,15,4739,1087,0,5826,INR,,,,8d297e77b63f6e8a82c638560762bb647f4cbb9dc631dd2601e0ff30946bbd3a,VALID,1.0,,1,2026-08-23T02:30:00+05:30
42881873bf454b0d87fa42540ed5bcd6,backfill-20260906-213201,simulator,DEL,BOM,DEL-BOM,2026-09-07,2026-08-23,2026-08-23T02:30:00+05:30,AI,AI830,ECONOMY,,15,4065,1053,0,5118,INR,,,,f78b6d1d421f14171b2ece90710bb971e39896c43ceba9f118326a70094e420e,VALID,1.0,,1,2026-08-23T02:30:00+05:30
ed5c8d9d10e84a699d1e0210fd3ea18a,backfill-20260906-213201,simulator,DEL,BOM,DEL-BOM,2026-09-07,2026-08-23,2026-08-23T02:30:00+05:30,QP,QP623,ECONOMY,,15,3755,1038,0,4793,INR,,,,ff56fc95b5d45a91e2a995343a393a78af581e1c7a39950b3f04e9f2a4e59d7c,VALID,1.0,,1,2026-08-23T02:30:00+05:30
978445d20c8144089b5df5ec4449dbf0,backfill-20260906-213201,simulator,DEL,BOM,DEL-BOM,2026-09-07,2026-08-23,2026-08-23T02:30:00+05:30,SG,SG743,ECONOMY,,15,4418,1071,0,5489,INR,,,,2aa4186cd04941eb40a906c79b7db26ae68c24a404ebe04cb0ad9f73ea8bb084,VALID,1.0,,1,2026-08-23T02:30:00+05:30
0aff9d2edc614c869b1126f1cf4247c6,backfill-20260906-213201,simulator,DEL,BOM,DEL-BOM,2026-09-22,2026-08-23,2026-08-23T02:30:00+05:30,6E,6.00E+242,ECONOMY,,30,3743,1037,0,4780,INR,,,,b0ad16ee31e6c19da891e367614901008b1f8611b6fe64c30c3603df67bb9942,VALID,1.0,,1,2026-08-23T02:30:00+05:30
a55e971a434a4be3ab8d0697b1125d5b,backfill-20260906-213201,simulator,DEL,BOM,DEL-BOM,2026-09-22,2026-08-23,2026-08-23T02:30:00+05:30,6E,6E412,ECONOMY,,30,3603,1030,0,4633,INR,,,,4afc5c47c647e8c29102ce90006c91c62c65887792e2f924fcea5497cb57a124,VALID,1.0,,1,2026-08-23T02:30:00+05:30
1c14897804ce4654b1db850faf1d09f5,backfill-20260906-213201,simulator,DEL,BOM,DEL-BOM,2026-09-22,2026-08-23,2026-08-23T02:30:00+05:30,6E,6E313,ECONOMY,,30,3276,1014,0,4290,INR,,,,dd4899a8a85ef2512a90c5fe248b93fd35e5517227bf0bbe545091ed54e42a8d,VALID,1.0,,1,2026-08-23T02:30:00+05:30
b845fe7efcd94bb285434ea4edaad972,backfill-20260906-213201,simulator,DEL,BOM,DEL-BOM,2026-09-22,2026-08-23,2026-08-23T02:30:00+05:30,AI,AI689,ECONOMY,,30,3390,1020,0,4410,INR,,,,c242ec85c0968edbcec437e942758cb315d743fa6c7c104a50dd3c96c0ae7518,VALID,1.0,,1,2026-08-23T02:30:00+05:30
e23f8c9549c94d16b61bd328cb984c21,backfill-20260906-213201,simulator,DEL,BOM,DEL-BOM,2026-09-22,2026-08-23,2026-08-23T02:30:00+05:30,AI,AI373,ECONOMY,,30,3181,1009,0,4190,INR,,,,880c10326099698ce42054339fc309c63b567e17408a0860c7c52aff8f359cef,VALID,1.0,,1,2026-08-23T02:30:00+05:30
251d916c934d4ddc9146bebb9e4b3f82,backfill-20260906-213201,simulator,DEL,BOM,DEL-BOM,2026-09-22,2026-08-23,2026-08-23T02:30:00+05:30,QP,QP542,ECONOMY,,30,2938,997,0,3935,INR,,,,19b694b3768eadbaa9adab09a974e746719a2dc0c51c395d88c8bbcadaddc3ae,VALID,1.0,,1,2026-08-23T02:30:00+05:30
5d128fc475e943f0ba29a6cf82d6e27e,backfill-20260906-213201,simulator,DEL,BOM,DEL-BOM,2026-09-22,2026-08-23,2026-08-23T02:30:00+05:30,SG,SG954,ECONOMY,,30,3008,1000,0,4008,INR,,,,82288e9bc9b9e6441e39175c1c3a4337fcee8b28551acf54530dfe2f4e35cd78,VALID,1.0,,1,2026-08-23T02:30:00+05:30
fd8eb4caad7e484dab33edd1fb849fa7,backfill-20260906-213201,simulator,DEL,BOM,DEL-BOM,2026-10-07,2026-08-23,2026-08-23T02:30:00+05:30,6E,6E549,ECONOMY,,45,2982,999,0,3981,INR,,,,ce5072020e044450803ed7128bf2153ed28b50c9a6b086c75773aee9e0f798bf,VALID,1.0,,1,2026-08-23T02:30:00+05:30
2292f64ee62845c59418deaf1f241824,backfill-20260906-213201,simulator,DEL,BOM,DEL-BOM,2026-10-07,2026-08-23,2026-08-23T02:30:00+05:30,6E,6E405,ECONOMY,,45,2654,983,0,3637,INR,,,,3e1af27cebb68464bd5f82cdded1a4aebc1e64f10cddd7b3aaba33129a676520,VALID,1.0,,1,2026-08-23T02:30:00+05:30
20e97c9f3e34459fa8edcc25952b96b0,backfill-20260906-213201,simulator,DEL,BOM,DEL-BOM,2026-10-07,2026-08-23,2026-08-23T02:30:00+05:30,6E,6E445,ECONOMY,,45,3433,1022,0,4455,INR,,,,99ecccaaa2ec598048115bae477a11af674fd60a4d80ff02686c895ca11bd547,VALID,1.0,,1,2026-08-23T02:30:00+05:30
30053d4d96a7441bbfbabfe8840667e7,backfill-20260906-213201,simulator,DEL,BOM,DEL-BOM,2026-10-07,2026-08-23,2026-08-23T02:30:00+05:30,AI,AI673,ECONOMY,,45,3786,1039,0,4825,INR,,,,c9498ca8bf7b6da1f6aef184669b86227a828956ef586749b597a8aa99853abc,VALID,1.0,,1,2026-08-23T02:30:00+05:30
c2c5f364c787436bae9526f5171688a3,backfill-20260906-213201,simulator,DEL,BOM,DEL-BOM,2026-10-07,2026-08-23,2026-08-23T02:30:00+05:30,AI,AI734,ECONOMY,,45,3664,1033,0,4697,INR,,,,d72f0c02252dbc4b483b78089de550aa40ef97a32029c79c032d04210a933bac,VALID,1.0,,1,2026-08-23T02:30:00+05:30
bda1c7e54b62465eadb750c17a3c7588,backfill-20260906-213201,simulator,DEL,BOM,DEL-BOM,2026-10-07,2026-08-23,2026-08-23T02:30:00+05:30,QP,QP975,ECONOMY,,45,3066,1003,0,4069,INR,,,,9b48b9b08cb5259b60a0d52b8f0884e5ad9e939dc3004f8073995e9ef2825854,VALID,1.0,,1,2026-08-23T02:30:00+05:30
eaf4c7ee1f0d4a0e81309cbf1ddbcb79,backfill-20260906-213201,simulator,DEL,BOM,DEL-BOM,2026-10-07,2026-08-23,2026-08-23T02:30:00+05:30,SG,SG491,ECONOMY,,45,2894,995,0,3889,INR,,,,f9c87136f8029a1fb5ae7e1dad9178e12bf6efe9670eb29f51d2380cd01d13eb,VALID,1.0,,1,2026-08-23T02:30:00+05:30
41e848d0d5354872a86d17aed23789e0,backfill-20260906-213201,simulator,DEL,BLR,DEL-BLR,2026-08-24,2026-08-23,2026-08-23T02:30:00+05:30,6E,6E595,ECONOMY,,1,10056,1353,0,11409,INR,,,,0ec103d6e4cbcc860b5ffc0d50caafcc24673e330f5ef78ad125cf8e2b4a4037,VALID,1.0,,1,2026-08-23T02:30:00+05:30
ac4b97c1ea584dd2ade0f5b0276985c6,backfill-20260906-213201,simulator,DEL,BLR,DEL-BLR,2026-08-24,2026-08-23,2026-08-23T02:30:00+05:30,6E,6E660,ECONOMY,,1,9845,1342,0,11187,INR,,,,951e9e688000af7a2af8f743db14bfe5365bd84567c08c813f2ccdad105c6362,VALID,1.0,,1,2026-08-23T02:30:00+05:30
58517688e2da4a39a52bab5c4c9129cf,backfill-20260906-213201,simulator,DEL,BLR,DEL-BLR,2026-08-24,2026-08-23,2026-08-23T02:30:00+05:30,6E,6E818,ECONOMY,,1,9270,1313,0,10583,INR,,,,b02563d68d405c36fc54abab1382faf15caf712bc4c4aaafdd31a5915cc2e230,VALID,1.0,,1,2026-08-23T02:30:00+05:30
503cb5d29dea415b9653b87e2cc59392,backfill-20260906-213201,simulator,DEL,BLR,DEL-BLR,2026-08-24,2026-08-23,2026-08-23T02:30:00+05:30,AI,AI245,ECONOMY,,1,11333,1417,0,12750,INR,,,,fa7ddd1ee49fcc4702c50cea3e0df954a6aef6cbb0deed9b13d6144ce702e830,VALID,1.0,,1,2026-08-23T02:30:00+05:30
da99a169b4e044c9ae18d0972e0913cb,backfill-20260906-213201,simulator,DEL,BLR,DEL-BLR,2026-08-24,2026-08-23,2026-08-23T02:30:00+05:30,AI,AI794,ECONOMY,,1,9922,1346,0,11268,INR,,,,6e15dda5a1daf3f8b98054b18d55de1c5cadca764a3d3a5f23cfa18870d86962,VALID,1.0,,1,2026-08-23T02:30:00+05:30
ecbf677358f941fb9ec5c60ed4561a9b,backfill-20260906-213201,simulator,DEL,BLR,DEL-BLR,2026-08-24,2026-08-23,2026-08-23T02:30:00+05:30,QP,QP211,ECONOMY,,1,9086,1304,0,10390,INR,,,,1d5c30eaf4b22cd0e94bf9fbcbc6d1b0934522284bed9db5f81f10824bb320dd,VALID,1.0,,1,2026-08-23T02:30:00+05:30
0c05828e0bf3499fa42e7223753be2a2,backfill-20260906-213201,simulator,DEL,BLR,DEL-BLR,2026-08-24,2026-08-23,2026-08-23T02:30:00+05:30,SG,SG896,ECONOMY,,1,8264,1263,0,9527,INR,,,,fc677d2ea5b7ddca066f93e7291a4251e9a20320d0dcf1b6fb0e5483b02d19fa,VALID,1.0,,1,2026-08-23T02:30:00+05:30
bdaa7d6503c84b1ea3783d63a9bf0aac,backfill-20260906-213201,simulator,DEL,BLR,DEL-BLR,2026-08-30,2026-08-23,2026-08-23T02:30:00+05:30,6E,6E605,ECONOMY,,7,6762,1188,0,7950,INR,,,,4cc7e6860eb8ebe186c362b124eb0bbe3b930821442b4adb8a6f289ecb1d31fa,VALID,1.0,,1,2026-08-23T02:30:00+05:30
cca16bbad49e497488988eecd1b50fba,backfill-20260906-213201,simulator,DEL,BLR,DEL-BLR,2026-08-30,2026-08-23,2026-08-23T02:30:00+05:30,6E,6E342,ECONOMY,,7,6937,1197,0,8134,INR,,,,9698102f2263029ec413dc75fca71b649ae75108754807b3ab3e5afc091cfde0,VALID,1.0,,1,2026-08-23T02:30:00+05:30
497c6e418c7a4efdb3a165c4bca58557,backfill-20260906-213201,simulator,DEL,BLR,DEL-BLR,2026-08-30,2026-08-23,2026-08-23T02:30:00+05:30,6E,6E464,ECONOMY,,7,6613,1181,0,7794,INR,,,,134621cf91a21ba80b832141a7b1d24db1799b3738fc7f7871d584087ff54af8,VALID,1.0,,1,2026-08-23T02:30:00+05:30
499b711a8cda4af1b5ffe0cd2b02a0ad,backfill-20260906-213201,simulator,DEL,BLR,DEL-BLR,2026-08-30,2026-08-23,2026-08-23T02:30:00+05:30,AI,AI743,ECONOMY,,7,8122,1256,0,9378,INR,,,,89364959e2de2f75cabb0110035d481f7463e9b848bdd12810207bc7d4e3d537,VALID,1.0,,1,2026-08-23T02:30:00+05:30
33b2348e56c244608541c1619adb2313,backfill-20260906-213201,simulator,DEL,BLR,DEL-BLR,2026-08-30,2026-08-23,2026-08-23T02:30:00+05:30,AI,AI220,ECONOMY,,7,7421,1221,0,8642,INR,,,,fd12673dc336eb205989fd3060d8d0c49c009e9cfa76bfe31bed312687c522c5,VALID,1.0,,1,2026-08-23T02:30:00+05:30
8a37f372fad3432292d3a724cc2a31a0,backfill-20260906-213201,simulator,DEL,BLR,DEL-BLR,2026-08-30,2026-08-23,2026-08-23T02:30:00+05:30,QP,QP609,ECONOMY,,7,6735,1187,0,7922,INR,,,,a4ca6a18f0272a1b2a2d85bc9b088de81b36cdf5365a704a588365cedaa1f95e,VALID,1.0,,1,2026-08-23T02:30:00+05:30
37719dfa5eaf4ccfa3e71b3586118fbe,backfill-20260906-213201,simulator,DEL,BLR,DEL-BLR,2026-08-30,2026-08-23,2026-08-23T02:30:00+05:30,SG,SG352,ECONOMY,,7,6004,1150,0,7154,INR,,,,db617fafad25fbaa6f045c236f6f0c79dde082724c88353a543deeb85195d918,VALID,1.0,,1,2026-08-23T02:30:00+05:30
0ebadca30ccc48b983f09013133cd1ed,backfill-20260906-213201,simulator,DEL,BLR,DEL-BLR,2026-09-07,2026-08-23,2026-08-23T02:30:00+05:30,6E,6.00E+292,ECONOMY,,15,4162,1058,0,5220,INR,,,,9f563d8a76a3b7ef792b5bf34efe383a15a63e5aa4917b9d79c52999af812439,VALID,1.0,,1,2026-08-23T02:30:00+05:30
b6999fc53ba24e949461a53676f6fb3d,backfill-20260906-213201,simulator,DEL,BLR,DEL-BLR,2026-09-07,2026-08-23,2026-08-23T02:30:00+05:30,6E,6E743,ECONOMY,,15,4250,1062,0,5312,INR,,,,b4bd414ab80f1b2e3c218d243fba451d310f6c188e3d046451464b66c2da309c,VALID,1.0,,1,2026-08-23T02:30:00+05:30
0d36764448aa4464b3e027574160591e,backfill-20260906-213201,simulator,DEL,BLR,DEL-BLR,2026-09-07,2026-08-23,2026-08-23T02:30:00+05:30,6E,6E321,ECONOMY,,15,5006,1100,0,6106,INR,,,,80bedf1c9ab033d9209b4070861f6e2ed1556a93281261143ef8e3d1034afcd8,VALID,1.0,,1,2026-08-23T02:30:00+05:30
7a5879bbbe014244bec5c804c9404d32,backfill-20260906-213201,simulator,DEL,BLR,DEL-BLR,2026-09-07,2026-08-23,2026-08-23T02:30:00+05:30,AI,AI482,ECONOMY,,15,4549,1077,0,5626,INR,,,,5db9aa43f3a1de620c92a57257161c55a55ee65417c11fe33c8e352190fbc988,VALID,1.0,,1,2026-08-23T02:30:00+05:30
1be8ee7d96574eab9467ce32602a2230,backfill-20260906-213201,simulator,DEL,BLR,DEL-BLR,2026-09-07,2026-08-23,2026-08-23T02:30:00+05:30,AI,AI545,ECONOMY,,15,4903,1095,0,5998,INR,,,,c8589ace7b7e1b12f1f5fd6084d76fdcb63c9bbce361b87e510630dfec561089,VALID,1.0,,1,2026-08-23T02:30:00+05:30
6c37b32102fa4ec091ea92943cc17940,backfill-20260906-213201,simulator,DEL,BLR,DEL-BLR,2026-09-07,2026-08-23,2026-08-23T02:30:00+05:30,QP,QP809,ECONOMY,,15,4260,1063,0,5323,INR,,,,75e374a34299ddaf91b1767ecc081d69d15d25eb42c6b4d13e1ccadc336a3aa6,VALID,1.0,,1,2026-08-23T02:30:00+05:30
9aa795468f07406abf61d18eacc5bdaa,backfill-20260906-213201,simulator,DEL,BLR,DEL-BLR,2026-09-07,2026-08-23,2026-08-23T02:30:00+05:30,SG,SG979,ECONOMY,,15,4958,1098,0,6056,INR,,,,eb8d1a86584efafe2c132a7754107be2984e8a714f6b28b00b1740e948c480dd,VALID,1.0,,1,2026-08-23T02:30:00+05:30
3f0e9e3df7ac449f824e9b0b16a676ce,backfill-20260906-213201,simulator,DEL,BLR,DEL-BLR,2026-09-22,2026-08-23,2026-08-23T02:30:00+05:30,6E,6.00E+243,ECONOMY,,30,3346,1017,0,4363,INR,,,,6e67cc9c57647ec60698db7e8920af57e96cdc12c70fbd813d2c59a6cb5740b4,VALID,1.0,,1,2026-08-23T02:30:00+05:30
b348a594c01345bc8770f92316a10217,backfill-20260906-213201,simulator,DEL,BLR,DEL-BLR,2026-09-22,2026-08-23,2026-08-23T02:30:00+05:30,6E,6E595,ECONOMY,,30,3510,1026,0,4536,INR,,,,dae0660a4337be5cd4183868c9003e2b3b51f1000870e58f6df55603d72f1aa1,VALID,1.0,,1,2026-08-23T02:30:00+05:30
19d3cdce38084dbc9553c3c6d118937a,backfill-20260906-213201,simulator,DEL,BLR,DEL-BLR,2026-09-22,2026-08-23,2026-08-23T02:30:00+05:30,6E,6E404,ECONOMY,,30,4299,1065,0,5364,INR,,,,6c6e46437885e3dbe4f3d7c9bab6e295fc0130edb82e814561783369d4398fc6,VALID,1.0,,1,2026-08-23T02:30:00+05:30
d2c92f666daf4b41ae79014dc9ece312,backfill-20260906-213201,simulator,DEL,BLR,DEL-BLR,2026-09-22,2026-08-23,2026-08-23T02:30:00+05:30,AI,AI270,ECONOMY,,30,5073,1104,0,6177,INR,,,,eb6286980566220a790cffa999bb0eedea96acebf3084ff499c8f248e0d90f01,VALID,1.0,,1,2026-08-23T02:30:00+05:30
f87997ba350e4abfba3c7020f3b76394,backfill-20260906-213201,simulator,DEL,BLR,DEL-BLR,2026-09-22,2026-08-23,2026-08-23T02:30:00+05:30,AI,AI841,ECONOMY,,30,3914,1046,0,4960,INR,,,,8d0584f74441cd679a376b84aab96ea643da2284d325f508e31d4fae61b1336a,VALID,1.0,,1,2026-08-23T02:30:00+05:30
767781b7a73d4790a81a60ca5d4bf1ad,backfill-20260906-213201,simulator,DEL,BLR,DEL-BLR,2026-09-22,2026-08-23,2026-08-23T02:30:00+05:30,QP,QP292,ECONOMY,,30,3599,1030,0,4629,INR,,,,b51cdfb8645008085a18fd637ec29d8882648216f7b9af445a8d25d0e7369bd0,VALID,1.0,,1,2026-08-23T02:30:00+05:30
bca272942c8e4b269a9f92195cb12776,backfill-20260906-213201,simulator,DEL,BLR,DEL-BLR,2026-09-22,2026-08-23,2026-08-23T02:30:00+05:30,SG,SG742,ECONOMY,,30,3867,1043,0,4910,INR,,,,ec616775440576abf6f97e23089972d93fe1687ea7cfcb1ad3db9fd854edde15,VALID,1.0,,1,2026-08-23T02:30:00+05:30
32287e3944e744399dc8abefe00629a2,backfill-20260906-213201,simulator,DEL,BLR,DEL-BLR,2026-10-07,2026-08-23,2026-08-23T02:30:00+05:30,6E,6E463,ECONOMY,,45,3694,1035,0,4729,INR,,,,abb2be4038ac5d6064300b6ec5e02fcacd04c7175396a8426df35e7256754289,VALID,1.0,,1,2026-08-23T02:30:00+05:30
510fb1596c4949b1807b8994a77881a6,backfill-20260906-213201,simulator,DEL,BLR,DEL-BLR,2026-10-07,2026-08-23,2026-08-23T02:30:00+05:30,6E,6E991,ECONOMY,,45,3353,1018,0,4371,INR,,,,8014ffb2202abd5816114d478d69b53ea01325c2267cdb179a5f9dce0fe43f41,VALID,1.0,,1,2026-08-23T02:30:00+05:30
bb3a1f8de5d84b95b04d1f001fdcb4ee,backfill-20260906-213201,simulator,DEL,BLR,DEL-BLR,2026-10-07,2026-08-23,2026-08-23T02:30:00+05:30,6E,6E682,ECONOMY,,45,3188,1009,0,4197,INR,,,,f30b48c6da212b71d64d1a49763abd1d0202a6b8e13cd2049037866dc1bce5b3,VALID,1.0,,1,2026-08-23T02:30:00+05:30
92082deca66b4f289e27daa9966ce5bf,backfill-20260906-213201,simulator,DEL,BLR,DEL-BLR,2026-10-07,2026-08-23,2026-08-23T02:30:00+05:30,AI,AI290,ECONOMY,,45,3862,1043,0,4905,INR,,,,5887afe3b751ff2f596df91762edac67b184bf405c2153964427cc1babac38bc,VALID,1.0,,1,2026-08-23T02:30:00+05:30
98a326c3e3d64757a21c26f5552e49fc,backfill-20260906-213201,simulator,DEL,BLR,DEL-BLR,2026-10-07,2026-08-23,2026-08-23T02:30:00+05:30,AI,AI550,ECONOMY,,45,3708,1035,0,4743,INR,,,,1e43bd3a03085a8e553e055b61eb87060439dd67cda86eaa8c1cdaab0a0d5564,VALID,1.0,,1,2026-08-23T02:30:00+05:30
80112067381b4ef89721dcb52c42ad04,backfill-20260906-213201,simulator,DEL,BLR,DEL-BLR,2026-10-07,2026-08-23,2026-08-23T02:30:00+05:30,QP,QP519,ECONOMY,,45,3361,1018,0,4379,INR,,,,c5b952497c6153e9eda8052c31ca24e34ba52d922ebf165ade660dcbab326282,VALID,1.0,,1,2026-08-23T02:30:00+05:30
bc282dffc2894b5abf04c8574a985b65,backfill-20260906-213201,simulator,DEL,BLR,DEL-BLR,2026-10-07,2026-08-23,2026-08-23T02:30:00+05:30,SG,SG771,ECONOMY,,45,3577,1029,0,4606,INR,,,,ace752ab528516decec83b5596ad0c2d1bd06840bf2634f24a1df4ba6f48496c,VALID,1.0,,1,2026-08-23T02:30:00+05:30
83aaee2a64d447c8849cd1ca78f907a5,backfill-20260906-213201,simulator,DEL,BOM,DEL-BOM,2026-08-25,2026-08-24,2026-08-24T02:30:00+05:30,6E,6E592,ECONOMY,,1,8586,1279,0,9865,INR,,,,1375a3b9f04a49545e2f76004c60ae2a2004129273467dd7e471869bdf9a35ac,VALID,1.0,,1,2026-08-24T02:30:00+05:30
74c0652a04244d88ac553aff73a34f10,backfill-20260906-213201,simulator,DEL,BOM,DEL-BOM,2026-08-25,2026-08-24,2026-08-24T02:30:00+05:30,6E,6E411,ECONOMY,,1,7486,1224,0,8710,INR,,,,076bc97e17c4f12ff1f1d0fc274a72fd1b35dc90a5439dca9019c5d0a7829985,VALID,1.0,,1,2026-08-24T02:30:00+05:30
42dd4af0f2f3493a97a8beb0194c8ab6,backfill-20260906-213201,simulator,DEL,BOM,DEL-BOM,2026-08-25,2026-08-24,2026-08-24T02:30:00+05:30,6E,6E446,ECONOMY,,1,7401,1220,0,8621,INR,,,,fe45d071e00193932b72e1c7870a0409c1e19e7058aca698f389d763030e4262,VALID,1.0,,1,2026-08-24T02:30:00+05:30
1d8334e99ea345c893e3adcb82eea7f8,backfill-20260906-213201,simulator,DEL,BOM,DEL-BOM,2026-08-25,2026-08-24,2026-08-24T02:30:00+05:30,AI,AI459,ECONOMY,,1,8055,1253,0,9308,INR,,,,069f076d25191361e4b8ed88afe25c910c11ca4d26c0a81ae451d97f36ae1b92,VALID,1.0,,1,2026-08-24T02:30:00+05:30
48132e20fb1f446caffb2751dc9f7e27,backfill-20260906-213201,simulator,DEL,BOM,DEL-BOM,2026-08-25,2026-08-24,2026-08-24T02:30:00+05:30,AI,AI261,ECONOMY,,1,7843,1242,0,9085,INR,,,,35c368bb89831f1aa5bba6f94e41d6b6a919541ffa0e660e3147de310cb66655,VALID,1.0,,1,2026-08-24T02:30:00+05:30
a7331e1e61384527ac8019e079623a0f,backfill-20260906-213201,simulator,DEL,BOM,DEL-BOM,2026-08-25,2026-08-24,2026-08-24T02:30:00+05:30,QP,QP925,ECONOMY,,1,7566,1228,0,8794,INR,,,,fb39d2d6cfcd57da9619fd003c485ec010b542960599aa80df76302ae4ebf06b,VALID,1.0,,1,2026-08-24T02:30:00+05:30
cf1a01ec77ee414eadbc5b057f1c2103,backfill-20260906-213201,simulator,DEL,BOM,DEL-BOM,2026-08-25,2026-08-24,2026-08-24T02:30:00+05:30,SG,SG388,ECONOMY,,1,6518,1176,0,7694,INR,,,,e06e53bac36a6a25c6a9e21bb05f145a0491861e13a4c757b1b53c29d93471f7,VALID,1.0,,1,2026-08-24T02:30:00+05:30
320d86591d294ea78d9acf98552dd9a9,backfill-20260906-213201,simulator,DEL,BOM,DEL-BOM,2026-08-31,2026-08-24,2026-08-24T02:30:00+05:30,6E,6E945,ECONOMY,,7,5538,1127,0,6665,INR,,,,09c1fa01a737199069f21021b3bc49f74c0948f47d032ebbced13c13efcbb062,VALID,1.0,,1,2026-08-24T02:30:00+05:30
0e17ff384ce64a9891d01d964156ea8f,backfill-20260906-213201,simulator,DEL,BOM,DEL-BOM,2026-08-31,2026-08-24,2026-08-24T02:30:00+05:30,6E,6E406,ECONOMY,,7,5381,1119,0,6500,INR,,,,157dfa1e7490ca9adc1cf621b091feb2e573c87508ab04845c0eb625694a0086,VALID,1.0,,1,2026-08-24T02:30:00+05:30
ef801dd382d14a1c9216a965546b539e,backfill-20260906-213201,simulator,DEL,BOM,DEL-BOM,2026-08-31,2026-08-24,2026-08-24T02:30:00+05:30,6E,6.00E+216,ECONOMY,,7,5470,1123,0,6593,INR,,,,f0a638cb1bbe072f464fc99effe91db8db28fdc9822ea5add53353b7c4c56b06,VALID,1.0,,1,2026-08-24T02:30:00+05:30
cb37d0417adb48dfae8457fea011034e,backfill-20260906-213201,simulator,DEL,BOM,DEL-BOM,2026-08-31,2026-08-24,2026-08-24T02:30:00+05:30,AI,AI672,ECONOMY,,7,6050,1152,0,7202,INR,,,,81488dac897d4807f1196cba65d10bff16a4326bd039ca2d3a7e0b960781e1d5,VALID,1.0,,1,2026-08-24T02:30:00+05:30
4ec5e6745b9f44abb686581d277e81e1,backfill-20260906-213201,simulator,DEL,BOM,DEL-BOM,2026-08-31,2026-08-24,2026-08-24T02:30:00+05:30,AI,AI868,ECONOMY,,7,5079,1104,0,6183,INR,,,,2613749d4506f6ddb052123c275e85a2e64620aafd393b47d85ab3406425955e,VALID,1.0,,1,2026-08-24T02:30:00+05:30
4348f530631c4464b02ae705a3cab510,backfill-20260906-213201,simulator,DEL,BOM,DEL-BOM,2026-08-31,2026-08-24,2026-08-24T02:30:00+05:30,QP,QP656,ECONOMY,,7,5196,1110,0,6306,INR,,,,0802257e89d861402ed2219b87b29ba828160a78ade41bf82d458ec28498bbf8,VALID,1.0,,1,2026-08-24T02:30:00+05:30
b8ae54bfaca54c35acdeedd7e98d57af,backfill-20260906-213201,simulator,DEL,BOM,DEL-BOM,2026-08-31,2026-08-24,2026-08-24T02:30:00+05:30,SG,SG983,ECONOMY,,7,5073,1104,0,6177,INR,,,,aa96a3054724d8f2ee0385536c144c5c095d35b19b233105af28fa49a55f1104,VALID,1.0,,1,2026-08-24T02:30:00+05:30
69cd53351a6643908d1a34e9551109ce,backfill-20260906-213201,simulator,DEL,BOM,DEL-BOM,2026-09-08,2026-08-24,2026-08-24T02:30:00+05:30,6E,6E358,ECONOMY,,15,4305,1065,0,5370,INR,,,,2a8824b211c5d1ac1799b945d7631fe76534c78f41a4ef62bd56b74add7c16cf,VALID,1.0,,1,2026-08-24T02:30:00+05:30
c94ec5a46cd242bb9315760eaffd30a6,backfill-20260906-213201,simulator,DEL,BOM,DEL-BOM,2026-09-08,2026-08-24,2026-08-24T02:30:00+05:30,6E,6E449,ECONOMY,,15,4246,1062,0,5308,INR,,,,33562a88b86eaba3448a16e52ce7fb313783c67f820d2019c8ff5821e1747e60,VALID,1.0,,1,2026-08-24T02:30:00+05:30
1a863d6a40db485a91c1bd2009590f76,backfill-20260906-213201,simulator,DEL,BOM,DEL-BOM,2026-09-08,2026-08-24,2026-08-24T02:30:00+05:30,6E,6E952,ECONOMY,,15,4172,1059,0,5231,INR,,,,f66870bd041c5fb8bfe164ddb475fbfdefabad786dae5f270d66f278c9b6f7f7,VALID,1.0,,1,2026-08-24T02:30:00+05:30
0374d0ae96d84b5a83b2a0644206872c,backfill-20260906-213201,simulator,DEL,BOM,DEL-BOM,2026-09-08,2026-08-24,2026-08-24T02:30:00+05:30,AI,AI734,ECONOMY,,15,4198,1060,0,5258,INR,,,,635a6be240f59eab4e14d7de0ecd7475adfd1f391b49eacf97082bf471511d3a,VALID,1.0,,1,2026-08-24T02:30:00+05:30
65adac46892b404785ff7f860194c5db,backfill-20260906-213201,simulator,DEL,BOM,DEL-BOM,2026-09-08,2026-08-24,2026-08-24T02:30:00+05:30,QP,QP250,ECONOMY,,15,3302,1015,0,4317,INR,,,,b35c6dfe87963f32fd0dc5a1b0b97a0d99cb03eecfa6f8b416ee5650ed7eac2e,VALID,1.0,,1,2026-08-24T02:30:00+05:30
daa0e291aa1546168024671b3754c007,backfill-20260906-213201,simulator,DEL,BOM,DEL-BOM,2026-09-08,2026-08-24,2026-08-24T02:30:00+05:30,SG,SG738,ECONOMY,,15,3472,1024,0,4496,INR,,,,49b7cfdd4660c22cc0ad476ffa8fdacb0b1926e50171f88ac0f60c84f5669c85,VALID,1.0,,1,2026-08-24T02:30:00+05:30
52eed69779a54720a27f7a1fa8fe3cf8,backfill-20260906-213201,simulator,DEL,BOM,DEL-BOM,2026-09-23,2026-08-24,2026-08-24T02:30:00+05:30,6E,6E473,ECONOMY,,30,3867,1043,0,4910,INR,,,,06cd69b32df2eb14c1fe8e2c47b88bc9ac6ad8032c9312b3b449ead8c87e387b,VALID,1.0,,1,2026-08-24T02:30:00+05:30
ef668929965f4dfc910ca494db142b63,backfill-20260906-213201,simulator,DEL,BOM,DEL-BOM,2026-09-23,2026-08-24,2026-08-24T02:30:00+05:30,6E,6E847,ECONOMY,,30,3019,1001,0,4020,INR,,,,6536ec3cc095baf7c2c656ce5a42bbfa285170f341eff63286251d6667621ccb,VALID,1.0,,1,2026-08-24T02:30:00+05:30
c38ae5f9df4647f4b0872acefed23e46,backfill-20260906-213201,simulator,DEL,BOM,DEL-BOM,2026-09-23,2026-08-24,2026-08-24T02:30:00+05:30,6E,6E942,ECONOMY,,30,3590,1030,0,4620,INR,,,,9d85f79c4210c3fb8a661f03d93a07205aba630f472d10bd10b221a6b136ff1c,VALID,1.0,,1,2026-08-24T02:30:00+05:30
c629aed4c0d4406d8562a1bf0f83d077,backfill-20260906-213201,simulator,DEL,BOM,DEL-BOM,2026-09-23,2026-08-24,2026-08-24T02:30:00+05:30,AI,AI496,ECONOMY,,30,3648,1032,0,4680,INR,,,,9ee9a211057d752c094047e22a20e23ee9bdabf7f1e0e7349125b0f3a7fdca6c,VALID,1.0,,1,2026-08-24T02:30:00+05:30
47a074c547c9404093bcb1feb8092a15,backfill-20260906-213201,simulator,DEL,BOM,DEL-BOM,2026-09-23,2026-08-24,2026-08-24T02:30:00+05:30,AI,AI633,ECONOMY,,30,3913,1046,0,4959,INR,,,,2a9b70a6a1895b6519d7d3165a4652a40ff17b01a7667ce5401a16f16a916113,VALID,1.0,,1,2026-08-24T02:30:00+05:30
0c0dc2cc86d64d89a8e9df9c06abd880,backfill-20260906-213201,simulator,DEL,BOM,DEL-BOM,2026-09-23,2026-08-24,2026-08-24T02:30:00+05:30,QP,QP531,ECONOMY,,30,3465,1023,0,4488,INR,,,,e30218b60ab0cde207dafd2c8ffe93236684f7d7f640f36318e48859c70521b4,VALID,1.0,,1,2026-08-24T02:30:00+05:30
75faf0f917e0442dbdd712157341fc9e,backfill-20260906-213201,simulator,DEL,BOM,DEL-BOM,2026-09-23,2026-08-24,2026-08-24T02:30:00+05:30,SG,SG524,ECONOMY,,30,2636,982,0,3618,INR,,,,78cb0b0524cdce0679fe7cb4532518066a8087350919b49b819a8f3c9da276a8,VALID,1.0,,1,2026-08-24T02:30:00+05:30
01326a088e9c4e22bd64f31941bd51bb,backfill-20260906-213201,simulator,DEL,BOM,DEL-BOM,2026-10-08,2026-08-24,2026-08-24T02:30:00+05:30,6E,6E860,ECONOMY,,45,3696,1035,0,4731,INR,,,,af2740ecde0dad5b9a7817ce17abc53445f538acea5887cb910e357dd701ccd2,VALID,1.0,,1,2026-08-24T02:30:00+05:30
49afb0eaa941417198e9925b5fbd029e,backfill-20260906-213201,simulator,DEL,BOM,DEL-BOM,2026-10-08,2026-08-24,2026-08-24T02:30:00+05:30,6E,6.00E+248,ECONOMY,,45,3222,1011,0,4233,INR,,,,6737bb16ec5e566789b312c48c679dc74b405015180e612b08d313796e4e54c9,VALID,1.0,,1,2026-08-24T02:30:00+05:30
58b4e0dc0f3742fa862f9949d2d018a8,backfill-20260906-213201,simulator,DEL,BOM,DEL-BOM,2026-10-08,2026-08-24,2026-08-24T02:30:00+05:30,6E,6E886,ECONOMY,,45,3159,1008,0,4167,INR,,,,573eeebc0d7f86d68c331ef0775bd8a71375aad9b4b0ea7704a051d1e49c6954,VALID,1.0,,1,2026-08-24T02:30:00+05:30
d31528cd70304c86af9287d8b7dce59d,backfill-20260906-213201,simulator,DEL,BOM,DEL-BOM,2026-10-08,2026-08-24,2026-08-24T02:30:00+05:30,AI,AI961,ECONOMY,,45,3675,1034,0,4709,INR,,,,de1f1fe361d5a3c88d61ef53050a76ec07c4ed1c59b3d105e4ad15f097af199e,VALID,1.0,,1,2026-08-24T02:30:00+05:30
34294a442737412796b8d8df89220ab1,backfill-20260906-213201,simulator,DEL,BOM,DEL-BOM,2026-10-08,2026-08-24,2026-08-24T02:30:00+05:30,AI,AI454,ECONOMY,,45,3429,1021,0,4450,INR,,,,20a2bd90fcef1ca3b41381fbc320ca86dac5e911ea6026b9673b8a549fa834bb,VALID,1.0,,1,2026-08-24T02:30:00+05:30
f7bcd06dbddc439fa9231763c177c2f3,backfill-20260906-213201,simulator,DEL,BOM,DEL-BOM,2026-10-08,2026-08-24,2026-08-24T02:30:00+05:30,QP,QP457,ECONOMY,,45,3173,1009,0,4182,INR,,,,48a64c208db312da190658c2e319e7cf0fffabd10a1610b79b7dfadabd93015f,VALID,1.0,,1,2026-08-24T02:30:00+05:30
852108505f264b99ab8de1d656b71eb2,backfill-20260906-213201,simulator,DEL,BOM,DEL-BOM,2026-10-08,2026-08-24,2026-08-24T02:30:00+05:30,SG,SG855,ECONOMY,,45,2973,999,0,3972,INR,,,,4c32fa9edf97cbc313d35c14b375057ccc30c845b5a1049ed2ccac948a3be7cb,VALID,1.0,,1,2026-08-24T02:30:00+05:30
96e16859ec294ced987b25026acd3207,backfill-20260906-213201,simulator,DEL,BLR,DEL-BLR,2026-08-25,2026-08-24,2026-08-24T02:30:00+05:30,6E,6E990,ECONOMY,,1,8927,1296,0,10223,INR,,,,63d1dfb71976fce5770ddcc245409648e1d7703e5c6e143b5ff97ad53faf4a07,VALID,1.0,,1,2026-08-24T02:30:00+05:30
0b536628ccc143d49bb1aaf548449b9e,backfill-20260906-213201,simulator,DEL,BLR,DEL-BLR,2026-08-25,2026-08-24,2026-08-24T02:30:00+05:30,6E,6E797,ECONOMY,,1,8505,1275,0,9780,INR,,,,84acaf005421a327f78f9ab1b22f646009157b5ffce0b6b519cf9933ab9e52e8,VALID,1.0,,1,2026-08-24T02:30:00+05:30
f55d9ba311d54bd9910f01a310380311,backfill-20260906-213201,simulator,DEL,BLR,DEL-BLR,2026-08-25,2026-08-24,2026-08-24T02:30:00+05:30,6E,6E942,ECONOMY,,1,10447,1372,0,11819,INR,,,,7b9ea3fb1e817ddac7724cfe95926481151501bcdbabb45022ddb4f30ddbdb64,VALID,1.0,,1,2026-08-24T02:30:00+05:30
51eed211b9414ac59d93a8f46530722f,backfill-20260906-213201,simulator,DEL,BLR,DEL-BLR,2026-08-25,2026-08-24,2026-08-24T02:30:00+05:30,AI,AI690,ECONOMY,,1,9905,1345,0,11250,INR,,,,22b907ebdcc25a2fc23c3a49c90b8513c7f800734aed95d1e02b99896b5263ef,VALID,1.0,,1,2026-08-24T02:30:00+05:30
828b670306d14af292aae808c9a3de63,backfill-20260906-213201,simulator,DEL,BLR,DEL-BLR,2026-08-25,2026-08-24,2026-08-24T02:30:00+05:30,AI,AI845,ECONOMY,,1,10067,1353,0,11420,INR,,,,399edaf9ad1eea168ca0a224416dc81e552233a1ec31be77aa2059f4e8ee3de8,VALID,1.0,,1,2026-08-24T02:30:00+05:30
9dc891ca6a094f65b57679bedf82acaa,backfill-20260906-213201,simulator,DEL,BLR,DEL-BLR,2026-08-25,2026-08-24,2026-08-24T02:30:00+05:30,QP,QP438,ECONOMY,,1,8210,1260,0,9470,INR,,,,4b9cf5abfb82f16e3acb0e535080965cb22064b62718ea11b5a128a73f5cbe2d,VALID,1.0,,1,2026-08-24T02:30:00+05:30
b5f84fea2e384d60ad993aeac3a72dd2,backfill-20260906-213201,simulator,DEL,BLR,DEL-BLR,2026-08-25,2026-08-24,2026-08-24T02:30:00+05:30,SG,SG607,ECONOMY,,1,8207,1260,0,9467,INR,,,,3207b3a326c3b18a09726b03222902431091213f75ce1b0c1c85fbbd555b72a4,VALID,1.0,,1,2026-08-24T02:30:00+05:30
21c0b1f8b657417cbf575f41948ffaf9,backfill-20260906-213201,simulator,DEL,BLR,DEL-BLR,2026-08-31,2026-08-24,2026-08-24T02:30:00+05:30,6E,6.00E+242,ECONOMY,,7,6494,1175,0,7669,INR,,,,39c06c8d1d1ec706f6cf0426694c335da7265cff8ba98fa6d6b9fa7ff8548601,VALID,1.0,,1,2026-08-24T02:30:00+05:30
3d9d04f67c214e6e955183756010f119,backfill-20260906-213201,simulator,DEL,BLR,DEL-BLR,2026-08-31,2026-08-24,2026-08-24T02:30:00+05:30,6E,6E443,ECONOMY,,7,6399,1170,0,7569,INR,,,,a65a96423d3a0ec8575b10a8d5ca22d7f041d351c3dfbfb00a157072f798fa2e,VALID,1.0,,1,2026-08-24T02:30:00+05:30
412d27596fc342dd90817b0c3e2f65ee,backfill-20260906-213201,simulator,DEL,BLR,DEL-BLR,2026-08-31,2026-08-24,2026-08-24T02:30:00+05:30,6E,6.00E+233,ECONOMY,,7,6189,1159,0,7348,INR,,,,5e5173c70c9c38fa504ed7320bbf1885c3c8838536d5c6d28c5317b6dedd8b38,VALID,1.0,,1,2026-08-24T02:30:00+05:30
97caa19ad7ec4ba99107b18688173645,backfill-20260906-213201,simulator,DEL,BLR,DEL-BLR,2026-08-31,2026-08-24,2026-08-24T02:30:00+05:30,AI,AI993,ECONOMY,,7,6453,1173,0,7626,INR,,,,f5fef89b140f12520d1ffc93b3e63b4cd94564853ceeb178805033b57a4ba365,VALID,1.0,,1,2026-08-24T02:30:00+05:30
dd6c071ae0ab48d9924f56e724177209,backfill-20260906-213201,simulator,DEL,BLR,DEL-BLR,2026-08-31,2026-08-24,2026-08-24T02:30:00+05:30,AI,AI847,ECONOMY,,7,6739,1187,0,7926,INR,,,,faaf7affee2ab6da4f9ac8ed69f2b38b3556b2f08d2f9e79e7c16588b24576e4,VALID,1.0,,1,2026-08-24T02:30:00+05:30
2ee3fb8c0c3e44e6956ad78cce63803c,backfill-20260906-213201,simulator,DEL,BLR,DEL-BLR,2026-08-31,2026-08-24,2026-08-24T02:30:00+05:30,QP,QP210,ECONOMY,,7,6169,1158,0,7327,INR,,,,1db9184e810dc02b11d9832d36bbcfe8ddc9fbe9fe84a7b1e0e1ee0d3e564a44,VALID,1.0,,1,2026-08-24T02:30:00+05:30
58a62e4c44674744b598625f0e987a36,backfill-20260906-213201,simulator,DEL,BLR,DEL-BLR,2026-08-31,2026-08-24,2026-08-24T02:30:00+05:30,SG,SG258,ECONOMY,,7,5890,1145,0,7035,INR,,,,ebe14c2c09335456f1cfa6c33c1d5b1affd04d4959c2770da74df8174192f64e,VALID,1.0,,1,2026-08-24T02:30:00+05:30
e81c47b06a7f482b96bc9712569ccf17,backfill-20260906-213201,simulator,DEL,BLR,DEL-BLR,2026-09-08,2026-08-24,2026-08-24T02:30:00+05:30,6E,6E752,ECONOMY,,15,4464,1073,0,5537,INR,,,,07210789eb5184445c3c24b9780972f7b45e95ba2f09d998d5e244f7f08e48ab,VALID,1.0,,1,2026-08-24T02:30:00+05:30
5d58d53834314a05907b7a026c71f5ee,backfill-20260906-213201,simulator,DEL,BLR,DEL-BLR,2026-09-08,2026-08-24,2026-08-24T02:30:00+05:30,6E,6E657,ECONOMY,,15,3986,1049,0,5035,INR,,,,c7f0f96486566c8eaa741b059f404011668f176c6db2d53f4399fa9e179e8140,VALID,1.0,,1,2026-08-24T02:30:00+05:30
bfd5aa2018bd4741bfbf27d58e4b555f,backfill-20260906-213201,simulator,DEL,BLR,DEL-BLR,2026-09-08,2026-08-24,2026-08-24T02:30:00+05:30,6E,6E560,ECONOMY,,15,4554,1078,0,5632,INR,,,,072809f229018e33e7372c35b7f7c3e8565fae17a5f4206966f8e7857effb741,VALID,1.0,,1,2026-08-24T02:30:00+05:30
ebd3b70c2a2d4e84a6f1692dfd18433e,backfill-20260906-213201,simulator,DEL,BLR,DEL-BLR,2026-09-08,2026-08-24,2026-08-24T02:30:00+05:30,AI,AI736,ECONOMY,,15,5451,1123,0,6574,INR,,,,4ae46f8364cf98a74cc3ec892699665879849642aec5df92415fa3cdbfbd3112,VALID,1.0,,1,2026-08-24T02:30:00+05:30
5a5aa667273943cfbbd34a6b55dddcd3,backfill-20260906-213201,simulator,DEL,BLR,DEL-BLR,2026-09-08,2026-08-24,2026-08-24T02:30:00+05:30,AI,AI232,ECONOMY,,15,4350,1068,0,5418,INR,,,,d5eb1cc357c3846668e676821eef7a4610705ca1617f9d1b8bf340aab0418c95,VALID,1.0,,1,2026-08-24T02:30:00+05:30
9cd465f5c5d047d9815ddcd758e8ed9c,backfill-20260906-213201,simulator,DEL,BLR,DEL-BLR,2026-09-08,2026-08-24,2026-08-24T02:30:00+05:30,QP,QP380,ECONOMY,,15,4148,1057,0,5205,INR,,,,58dd0534e68cf5943da464e214622b1bfc268b5506b8e493b07e913c8cdfea4f,VALID,1.0,,1,2026-08-24T02:30:00+05:30
c4cd82a46e8b4cdcb50edfc3a679c348,backfill-20260906-213201,simulator,DEL,BLR,DEL-BLR,2026-09-08,2026-08-24,2026-08-24T02:30:00+05:30,SG,SG587,ECONOMY,,15,4379,1069,0,5448,INR,,,,2ef7d23cf6d30ab2f00972480334eb8e14666f884cbe6cf13e48cfbbf9bea845,VALID,1.0,,1,2026-08-24T02:30:00+05:30
39c96c67dfb34f8ba08977da7d30172b,backfill-20260906-213201,simulator,DEL,BLR,DEL-BLR,2026-09-23,2026-08-24,2026-08-24T02:30:00+05:30,6E,6E859,ECONOMY,,30,3727,1036,0,4763,INR,,,,3fef3cd224c1853a72e06cbc1b4568731f4a427f2ad1729e5b5e6f680ec1d593,VALID,1.0,,1,2026-08-24T02:30:00+05:30
d615ddc6f5254c99a6f564fd5f0ac93d,backfill-20260906-213201,simulator,DEL,BLR,DEL-BLR,2026-09-23,2026-08-24,2026-08-24T02:30:00+05:30,6E,6E892,ECONOMY,,30,4272,1064,0,5336,INR,,,,3b9c01c04ecef34d9401cbde6f7c4055790be4e306d706b9953ec88dfec7d3d9,VALID,1.0,,1,2026-08-24T02:30:00+05:30
413fe43e8b7844b2b29e5e75b1e56d3b,backfill-20260906-213201,simulator,DEL,BLR,DEL-BLR,2026-09-23,2026-08-24,2026-08-24T02:30:00+05:30,6E,6E743,ECONOMY,,30,4184,1059,0,5243,INR,,,,53a4cb13fe93ac20202fa65d1a1f75f06161c0f548b9e9f997201b77c27e566f,VALID,1.0,,1,2026-08-24T02:30:00+05:30
e77e1d9f15a14a8ea5e0ab2284221a0e,backfill-20260906-213201,simulator,DEL,BLR,DEL-BLR,2026-09-23,2026-08-24,2026-08-24T02:30:00+05:30,AI,AI544,ECONOMY,,30,4083,1054,0,5137,INR,,,,c72487668e17c36a7253ddd53bde5e67ae62b6a39709ae78810dedd75409fb1e,VALID,1.0,,1,2026-08-24T02:30:00+05:30
c1065c760dda480c8c002226fcb80533,backfill-20260906-213201,simulator,DEL,BLR,DEL-BLR,2026-09-23,2026-08-24,2026-08-24T02:30:00+05:30,AI,AI906,ECONOMY,,30,3912,1046,0,4958,INR,,,,5c301140ca625f72d79a8ce1707f0ff57532f01c44763cb087e97e3b54e220e0,VALID,1.0,,1,2026-08-24T02:30:00+05:30
69f60672a4aa48e6aae980e6db1a9f05,backfill-20260906-213201,simulator,DEL,BLR,DEL-BLR,2026-09-23,2026-08-24,2026-08-24T02:30:00+05:30,QP,QP492,ECONOMY,,30,3908,1045,0,4953,INR,,,,0ad0e9f8b67a8c66a3184a9a6f2b1230c899b647110e7fdd85057b5ba289a653,VALID,1.0,,1,2026-08-24T02:30:00+05:30
96f126e5d29a4585859765bcc627db27,backfill-20260906-213201,simulator,DEL,BLR,DEL-BLR,2026-09-23,2026-08-24,2026-08-24T02:30:00+05:30,SG,SG568,ECONOMY,,30,3682,1034,0,4716,INR,,,,7e9ad8c14c24027ba924a63d99a45d76a6a1b22c1de719f50897bfe231a321bc,VALID,1.0,,1,2026-08-24T02:30:00+05:30
602ea45618754edc80cf34925d2ace21,backfill-20260906-213201,simulator,DEL,BLR,DEL-BLR,2026-10-08,2026-08-24,2026-08-24T02:30:00+05:30,6E,6E438,ECONOMY,,45,3928,1046,0,4974,INR,,,,ddf61e1644bc76b0fdc91d7af15807afa70bf07794adffe4d7740b03fa479131,VALID,1.0,,1,2026-08-24T02:30:00+05:30
0aa20ef71b39426a8b11a98c845c510e,backfill-20260906-213201,simulator,DEL,BLR,DEL-BLR,2026-10-08,2026-08-24,2026-08-24T02:30:00+05:30,6E,6E471,ECONOMY,,45,3770,1038,0,4808,INR,,,,1cf186109d0e08df8420880382dbc15e68c814fb5f0d8a2d4200afa09acf8bd0,VALID,1.0,,1,2026-08-24T02:30:00+05:30
36bfcca6f2ac4bc39bbcacf0b857f222,backfill-20260906-213201,simulator,DEL,BLR,DEL-BLR,2026-10-08,2026-08-24,2026-08-24T02:30:00+05:30,6E,6E971,ECONOMY,,45,3717,1036,0,4753,INR,,,,d566cc49cb98a01f41ad3783d686add94cfa10a15942a5f15bc408060336555d,VALID,1.0,,1,2026-08-24T02:30:00+05:30
17f1a178f9974de4af6f6f3fcb8f76e2,backfill-20260906-213201,simulator,DEL,BLR,DEL-BLR,2026-10-08,2026-08-24,2026-08-24T02:30:00+05:30,AI,AI898,ECONOMY,,45,4019,1051,0,5070,INR,,,,9e848929a6d93be484c1249a9759228ecb7bc702f6a5b72b4117abc5259b3f95,VALID,1.0,,1,2026-08-24T02:30:00+05:30
3822348149374f7ba043b0cd671ab3fe,backfill-20260906-213201,simulator,DEL,BLR,DEL-BLR,2026-10-08,2026-08-24,2026-08-24T02:30:00+05:30,AI,AI332,ECONOMY,,45,3810,1041,0,4851,INR,,,,e55477e8d59757989f1e50cc284346ed0cfb46e5811dd355e9ab9a110f2526af,VALID,1.0,,1,2026-08-24T02:30:00+05:30
00e8327723454c049a0b58f41bb8b3cb,backfill-20260906-213201,simulator,DEL,BLR,DEL-BLR,2026-10-08,2026-08-24,2026-08-24T02:30:00+05:30,QP,QP245,ECONOMY,,45,3777,1039,0,4816,INR,,,,7bc61bb2ff5044ca1303d54a5f8a0ef7a1b9e9b7d38f8845d40d73d1287c9d72,VALID,1.0,,1,2026-08-24T02:30:00+05:30
205cdeab57844e2e839406fba17f6e6c,backfill-20260906-213201,simulator,DEL,BLR,DEL-BLR,2026-10-08,2026-08-24,2026-08-24T02:30:00+05:30,SG,SG638,ECONOMY,,45,3729,1036,0,4765,INR,,,,9647b97c55a4a65ba58ad52e1c676dceab4916694a7766ad151daa6cc90cd0cd,VALID,1.0,,1,2026-08-24T02:30:00+05:30
eeac6e407a334c92806292325fe54554,backfill-20260906-213201,simulator,DEL,BOM,DEL-BOM,2026-08-26,2026-08-25,2026-08-25T02:30:00+05:30,6E,6E994,ECONOMY,,1,8526,1276,0,9802,INR,,,,1833851a6d5f4862c44b4d8bf0359ba8303d78d5a46eb0f36223a88273696fbc,VALID,1.0,,1,2026-08-25T02:30:00+05:30
c3dec03abc544c8c950acc0f44bd91c6,backfill-20260906-213201,simulator,DEL,BOM,DEL-BOM,2026-08-26,2026-08-25,2026-08-25T02:30:00+05:30,6E,6E341,ECONOMY,,1,7787,1239,0,9026,INR,,,,311157f72499e23c61d2797d0916315725d8c550bb668ab91240eb76ceb8b4b0,VALID,1.0,,1,2026-08-25T02:30:00+05:30
c599975ba8734039b62f72e40af1ecdc,backfill-20260906-213201,simulator,DEL,BOM,DEL-BOM,2026-08-26,2026-08-25,2026-08-25T02:30:00+05:30,6E,6E691,ECONOMY,,1,7477,1224,0,8701,INR,,,,451a84af94948d0fca7473105256d0b062b574a1b5cd36b0fde9a02a32ae7232,VALID,1.0,,1,2026-08-25T02:30:00+05:30
8b0b452d08c5455b8bac083c1144f63d,backfill-20260906-213201,simulator,DEL,BOM,DEL-BOM,2026-08-26,2026-08-25,2026-08-25T02:30:00+05:30,AI,AI789,ECONOMY,,1,8188,1259,0,9447,INR,,,,2224942901b7d6300375ea48ecb09c8fb89ddc804e696aacc6ebcd2ef35485c7,VALID,1.0,,1,2026-08-25T02:30:00+05:30
d871a0f98e774882a4ab9e8932ca508b,backfill-20260906-213201,simulator,DEL,BOM,DEL-BOM,2026-08-26,2026-08-25,2026-08-25T02:30:00+05:30,QP,QP622,ECONOMY,,1,6935,1197,0,8132,INR,,,,8b22f51ad4769ca9380c36d2c001c056439ee58eea937a05b218d2a4fa32458a,VALID,1.0,,1,2026-08-25T02:30:00+05:30
1b98145c136b43d0b7f48ec51e7a344e,backfill-20260906-213201,simulator,DEL,BOM,DEL-BOM,2026-08-26,2026-08-25,2026-08-25T02:30:00+05:30,SG,SG938,ECONOMY,,1,7489,1224,0,8713,INR,,,,ddf0b37850151d35231bebbc40800c89544bb204b366f7a1a15f89009b83aca3,VALID,1.0,,1,2026-08-25T02:30:00+05:30
c35758e6321041e28aeaa6a65b74aff3,backfill-20260906-213201,simulator,DEL,BOM,DEL-BOM,2026-09-01,2026-08-25,2026-08-25T02:30:00+05:30,6E,6E775,ECONOMY,,7,5175,1109,0,6284,INR,,,,5ec7d23ce48362b97eac83fc6fe27aac30c92957f93d10d18d462babb9ceeaa8,VALID,1.0,,1,2026-08-25T02:30:00+05:30
48b7fecb92ec41c4946062c037f668d5,backfill-20260906-213201,simulator,DEL,BOM,DEL-BOM,2026-09-01,2026-08-25,2026-08-25T02:30:00+05:30,6E,6.00E+211,ECONOMY,,7,5190,1109,0,6299,INR,,,,c43760a34ededbd02af34476b88f4de3b0f188acb230783b9a8072807267d014,VALID,1.0,,1,2026-08-25T02:30:00+05:30
8afce69b8221450ab07054364fd893ad,backfill-20260906-213201,simulator,DEL,BOM,DEL-BOM,2026-09-01,2026-08-25,2026-08-25T02:30:00+05:30,6E,6E349,ECONOMY,,7,4811,1091,0,5902,INR,,,,0c170c87888ed13fc99fc4594b01364a5ad1fe5736d6910ad63612e17e35e5de,VALID,1.0,,1,2026-08-25T02:30:00+05:30
6e320b74c69848d8a40c2637de26fcea,backfill-20260906-213201,simulator,DEL,BOM,DEL-BOM,2026-09-01,2026-08-25,2026-08-25T02:30:00+05:30,AI,AI416,ECONOMY,,7,4746,1087,0,5833,INR,,,,7971b1190bd2ed7e2f572c1b7a8b1474810bdcfdcfaa743e6037b231932e8f59,VALID,1.0,,1,2026-08-25T02:30:00+05:30
3913b622e6314b5b84fb3cd2552f4ddd,backfill-20260906-213201,simulator,DEL,BOM,DEL-BOM,2026-09-01,2026-08-25,2026-08-25T02:30:00+05:30,AI,AI755,ECONOMY,,7,5791,1140,0,6931,INR,,,,72e46692b7ff9696d82b388390c2f40932d997cf3dcbd5b17d31df7def790fe4,VALID,1.0,,1,2026-08-25T02:30:00+05:30
b88f5702f30f4126b38c6f594e5745d9,backfill-20260906-213201,simulator,DEL,BOM,DEL-BOM,2026-09-01,2026-08-25,2026-08-25T02:30:00+05:30,QP,QP680,ECONOMY,,7,4266,1063,0,5329,INR,,,,836c0dce3f52aa2e82b931ce4f65b2ec26f8501bc269b8ce9d2440866e76c8d3,VALID,1.0,,1,2026-08-25T02:30:00+05:30
7193903c6bdd49c9a5468f3274c090dd,backfill-20260906-213201,simulator,DEL,BOM,DEL-BOM,2026-09-01,2026-08-25,2026-08-25T02:30:00+05:30,SG,SG484,ECONOMY,,7,4674,1084,0,5758,INR,,,,60131dcb6bdbe1e15e00ba9e3c230f93620285ddb295efa587d42aa5fe4c8c42,VALID,1.0,,1,2026-08-25T02:30:00+05:30
7b501959a2ca4b1d8463bf520a09332b,backfill-20260906-213201,simulator,DEL,BOM,DEL-BOM,2026-09-09,2026-08-25,2026-08-25T02:30:00+05:30,6E,6.00E+213,ECONOMY,,15,3846,1042,0,4888,INR,,,,b9bf452900f24811dc4c5be2361873c9c7c95ee14e3c30b5b99f85d03bbadb7a,VALID,1.0,,1,2026-08-25T02:30:00+05:30
77e17b04ca094661a7a1b26f3b9e6c51,backfill-20260906-213201,simulator,DEL,BOM,DEL-BOM,2026-09-09,2026-08-25,2026-08-25T02:30:00+05:30,6E,6.00E+205,ECONOMY,,15,3858,1043,0,4901,INR,,,,46a4b89142515eb44750be843f54578af3787b6f6b671847d6878ecc765032c9,VALID,1.0,,1,2026-08-25T02:30:00+05:30
bf2093dbba5b460990c53e30a0510fea,backfill-20260906-213201,simulator,DEL,BOM,DEL-BOM,2026-09-09,2026-08-25,2026-08-25T02:30:00+05:30,6E,6E453,ECONOMY,,15,3628,1031,0,4659,INR,,,,2a557f6a52180dd70d23868685ec19f9818a45b05e81ab09ad0dde954ff580ed,VALID,1.0,,1,2026-08-25T02:30:00+05:30
180473a2138140588c0f2e06b2af7760,backfill-20260906-213201,simulator,DEL,BOM,DEL-BOM,2026-09-09,2026-08-25,2026-08-25T02:30:00+05:30,AI,AI774,ECONOMY,,15,4638,1082,0,5720,INR,,,,f4253bfeb4100406a7e624b06cf4bf56ff8002e180509839953327341c834eaa,VALID,1.0,,1,2026-08-25T02:30:00+05:30
193f8bea6b2645bab3f834482fc399f0,backfill-20260906-213201,simulator,DEL,BOM,DEL-BOM,2026-09-09,2026-08-25,2026-08-25T02:30:00+05:30,AI,AI509,ECONOMY,,15,4515,1076,0,5591,INR,,,,9989539264c972518f320a0317539078d86cf0cf9071e53b9e1818431b8afb0a,VALID,1.0,,1,2026-08-25T02:30:00+05:30
26a5fa8513604329992bb50efeaf9baf,backfill-20260906-213201,simulator,DEL,BOM,DEL-BOM,2026-09-09,2026-08-25,2026-08-25T02:30:00+05:30,QP,QP842,ECONOMY,,15,3978,1049,0,5027,INR,,,,c7dfbc7f7aa746d18e0615da6a2fd5ac6b29b6ea3f30cb8a4ded838f59295bf7,VALID,1.0,,1,2026-08-25T02:30:00+05:30
2721c664391241cda397da265f2cf72e,backfill-20260906-213201,simulator,DEL,BOM,DEL-BOM,2026-09-09,2026-08-25,2026-08-25T02:30:00+05:30,SG,SG327,ECONOMY,,15,3859,1043,0,4902,INR,,,,0f65cf09098d3f962d2dd193c27b19cfe98453af5d04488e794a05c67acfe3ab,VALID,1.0,,1,2026-08-25T02:30:00+05:30
2736edc00d2d43c2ba95bdd49198630d,backfill-20260906-213201,simulator,DEL,BOM,DEL-BOM,2026-09-24,2026-08-25,2026-08-25T02:30:00+05:30,6E,6E729,ECONOMY,,30,3906,1045,0,4951,INR,,,,7aa7b5c6399b34843e967535392a6de7ad874704078be35d3d6964b30f2b6816,VALID,1.0,,1,2026-08-25T02:30:00+05:30
52786d855e07405d8ed703900b72d22c,backfill-20260906-213201,simulator,DEL,BOM,DEL-BOM,2026-09-24,2026-08-25,2026-08-25T02:30:00+05:30,6E,6E638,ECONOMY,,30,3764,1038,0,4802,INR,,,,42341371ce2c1861163dfad1a79c94dd9d8dc80630e1cfbe9d11af1a30065b89,VALID,1.0,,1,2026-08-25T02:30:00+05:30
492ea8c8abec4239aa7313a457a01bd4,backfill-20260906-213201,simulator,DEL,BOM,DEL-BOM,2026-09-24,2026-08-25,2026-08-25T02:30:00+05:30,6E,6E682,ECONOMY,,30,3210,1011,0,4221,INR,,,,087ebac26c9e256a056a88ac69e6ea6f03b261e242fcf05b34a65e723d504ac8,VALID,1.0,,1,2026-08-25T02:30:00+05:30
0d273ebc803a4a379505bd131ad084d0,backfill-20260906-213201,simulator,DEL,BOM,DEL-BOM,2026-09-24,2026-08-25,2026-08-25T02:30:00+05:30,AI,AI306,ECONOMY,,30,4302,1065,0,5367,INR,,,,4150e53540eabf7c27a8ded911561f17bff7b4125b1f4d5fb6b181ba8eb716bc,VALID,1.0,,1,2026-08-25T02:30:00+05:30
cfdc51ddcd0041dab8fd265bcf858f09,backfill-20260906-213201,simulator,DEL,BOM,DEL-BOM,2026-09-24,2026-08-25,2026-08-25T02:30:00+05:30,AI,AI476,ECONOMY,,30,3648,1032,0,4680,INR,,,,c3a33380b6058abc534259350cd37e0e43938d539d5dd435d649d7ac9de0a332,VALID,1.0,,1,2026-08-25T02:30:00+05:30
d19c2ac8cbd5484c85f7924136ef7e55,backfill-20260906-213201,simulator,DEL,BOM,DEL-BOM,2026-09-24,2026-08-25,2026-08-25T02:30:00+05:30,QP,QP215,ECONOMY,,30,3586,1029,0,4615,INR,,,,5d9fc07e20460761b7d3825c2574154e2a0b6d75d138677a6e5b2943fb6f57fe,VALID,1.0,,1,2026-08-25T02:30:00+05:30
82d59b0561f74ad09532b240e7657ee2,backfill-20260906-213201,simulator,DEL,BOM,DEL-BOM,2026-09-24,2026-08-25,2026-08-25T02:30:00+05:30,SG,SG862,ECONOMY,,30,3451,1023,0,4474,INR,,,,de9133a6f3ed9d53c3df1e947a9ffabe608be612f228837b288cb6e14b2c41d0,VALID,1.0,,1,2026-08-25T02:30:00+05:30
814d0d7027694d40beda14d224749909,backfill-20260906-213201,simulator,DEL,BOM,DEL-BOM,2026-10-09,2026-08-25,2026-08-25T02:30:00+05:30,6E,6E335,ECONOMY,,45,4073,1054,0,5127,INR,,,,b42820d5e234db99b5d575ad1b3e78e041ab5d68e5d45bb61a844ac518c8f735,VALID,1.0,,1,2026-08-25T02:30:00+05:30
5fe8dda21cf84e5b8475e6ff20c7737b,backfill-20260906-213201,simulator,DEL,BOM,DEL-BOM,2026-10-09,2026-08-25,2026-08-25T02:30:00+05:30,6E,6E732,ECONOMY,,45,3963,1048,0,5011,INR,,,,d62fa80e2728cdf1daf8dd5727e5bf7a9d42ec7dc67801474a178768447ae5df,VALID,1.0,,1,2026-08-25T02:30:00+05:30
27e3c8d0c2bd411285fc694f7fda946a,backfill-20260906-213201,simulator,DEL,BOM,DEL-BOM,2026-10-09,2026-08-25,2026-08-25T02:30:00+05:30,6E,6E650,ECONOMY,,45,3893,1045,0,4938,INR,,,,44ad1e406c8962174f279e417b8bd18df3da8d3d9d04d85e52cc51f0cba6b0d6,VALID,1.0,,1,2026-08-25T02:30:00+05:30
816abe9e709e4a938c5bf74daf7f20e7,backfill-20260906-213201,simulator,DEL,BOM,DEL-BOM,2026-10-09,2026-08-25,2026-08-25T02:30:00+05:30,AI,AI903,ECONOMY,,45,3853,1043,0,4896,INR,,,,f70f1ae1742471cc7810b70b6364cd60648b8a57ebd7ca909f101aa3734d8843,VALID,1.0,,1,2026-08-25T02:30:00+05:30
549f9e5b525f40bb8f3e85cf0629ba3e,backfill-20260906-213201,simulator,DEL,BOM,DEL-BOM,2026-10-09,2026-08-25,2026-08-25T02:30:00+05:30,AI,AI937,ECONOMY,,45,4008,1050,0,5058,INR,,,,577acb0dd67048cfc25520779a0a19466f9e13a31fb417257c08097e22ece28b,VALID,1.0,,1,2026-08-25T02:30:00+05:30
599a17c03eef476eace03f065f33c910,backfill-20260906-213201,simulator,DEL,BOM,DEL-BOM,2026-10-09,2026-08-25,2026-08-25T02:30:00+05:30,QP,QP459,ECONOMY,,45,3593,1030,0,4623,INR,,,,35db4a17fada02ac2781dc9d0da58f784c6831ea5b649f657855d92159d78821,VALID,1.0,,1,2026-08-25T02:30:00+05:30
42666963eab0443d9c197559726c2ff3,backfill-20260906-213201,simulator,DEL,BOM,DEL-BOM,2026-10-09,2026-08-25,2026-08-25T02:30:00+05:30,SG,SG328,ECONOMY,,45,3237,1012,0,4249,INR,,,,101537baafbfd68622f779bdf354ae38cdb44505d1a17fa7453bf6004ec7f4a4,VALID,1.0,,1,2026-08-25T02:30:00+05:30
daa54a70dc6a4b4e9df3592a8ac468fd,backfill-20260906-213201,simulator,DEL,BLR,DEL-BLR,2026-08-26,2026-08-25,2026-08-25T02:30:00+05:30,6E,6E730,ECONOMY,,1,9890,1344,0,11234,INR,,,,44591e0973bd5944c399b75cbaff45449c586d3ac03cf0b3a7a2d69342a408a9,VALID,1.0,,1,2026-08-25T02:30:00+05:30
8bc05f84b9a64c5ea8920bc761aa4eae,backfill-20260906-213201,simulator,DEL,BLR,DEL-BLR,2026-08-26,2026-08-25,2026-08-25T02:30:00+05:30,6E,6E849,ECONOMY,,1,9227,1311,0,10538,INR,,,,3735bdc313ad2b770d17c97651a47f3ddda16f537fcd930be9dabddd1bd9753b,VALID,1.0,,1,2026-08-25T02:30:00+05:30
71a78de1304f4d2ebf98a98dc76f1b22,backfill-20260906-213201,simulator,DEL,BLR,DEL-BLR,2026-08-26,2026-08-25,2026-08-25T02:30:00+05:30,6E,6E311,ECONOMY,,1,8283,1264,0,9547,INR,,,,fa3c49cfa337754d9945e451baa2ef57f69068a7f222a2c8e20f5e6623fdc7f6,VALID,1.0,,1,2026-08-25T02:30:00+05:30
2afbd9b08bef4bcfa7114669b84baeab,backfill-20260906-213201,simulator,DEL,BLR,DEL-BLR,2026-08-26,2026-08-25,2026-08-25T02:30:00+05:30,AI,AI559,ECONOMY,,1,9827,1341,0,11168,INR,,,,734082990651fb45d6e7f9a231b853fa82133af92f69999da0a98cfff42c7339,VALID,1.0,,1,2026-08-25T02:30:00+05:30
318a21d0095f48a9ae558d5d444a4aba,backfill-20260906-213201,simulator,DEL,BLR,DEL-BLR,2026-08-26,2026-08-25,2026-08-25T02:30:00+05:30,AI,AI357,ECONOMY,,1,9796,1340,0,11136,INR,,,,30b5badfcfb83fb167d9aefb09cfe4d92c39a94123e173a50906107283552ad5,VALID,1.0,,1,2026-08-25T02:30:00+05:30
3b7fc4c30800483a997cd2e823f14ae1,backfill-20260906-213201,simulator,DEL,BLR,DEL-BLR,2026-08-26,2026-08-25,2026-08-25T02:30:00+05:30,SG,SG967,ECONOMY,,1,9349,1317,0,10666,INR,,,,56d11f7c4c282354920068b4212baf560bd94c745178e72570d897c1a392cacd,VALID,1.0,,1,2026-08-25T02:30:00+05:30
db15d380e73047d59ac6752a6900c8df,backfill-20260906-213201,simulator,DEL,BLR,DEL-BLR,2026-09-01,2026-08-25,2026-08-25T02:30:00+05:30,6E,6E548,ECONOMY,,7,5961,1148,0,7109,INR,,,,3f0956ff75e9323ebb69a96e14cbf8992a2ecb7a2e06131c8adc2df4f493ee4d,VALID,1.0,,1,2026-08-25T02:30:00+05:30
d73bf1718f0a42de9776c490ee16ae47,backfill-20260906-213201,simulator,DEL,BLR,DEL-BLR,2026-09-01,2026-08-25,2026-08-25T02:30:00+05:30,6E,6E865,ECONOMY,,7,6254,1163,0,7417,INR,,,,2c0fd775240113b9046a7977745cdeadd5f297d71b56dd79eb935b48442405ea,VALID,1.0,,1,2026-08-25T02:30:00+05:30
f6df842f7cd44b9b8b2e491a54f847d5,backfill-20260906-213201,simulator,DEL,BLR,DEL-BLR,2026-09-01,2026-08-25,2026-08-25T02:30:00+05:30,6E,6E449,ECONOMY,,7,5147,1107,0,6254,INR,,,,04d0f526a80bad01c8309674effb9f6408e20e360d2542043a16524dfce5e74c,VALID,1.0,,1,2026-08-25T02:30:00+05:30
f1f2f10be3e645bb9fa37e4fe9d4acb2,backfill-20260906-213201,simulator,DEL,BLR,DEL-BLR,2026-09-01,2026-08-25,2026-08-25T02:30:00+05:30,AI,AI334,ECONOMY,,7,7075,1204,0,8279,INR,,,,6123488bfb1b3ca7bc4bd992f662790324a807f4146dc314a606865e98337556,VALID,1.0,,1,2026-08-25T02:30:00+05:30
489e3b03a7bc429ba8de9183d0174e2f,backfill-20260906-213201,simulator,DEL,BLR,DEL-BLR,2026-09-01,2026-08-25,2026-08-25T02:30:00+05:30,AI,AI683,ECONOMY,,7,6686,1184,0,7870,INR,,,,3e0dd106664f20c4c1164717f8f501b01e8dd5cc2a9a35b213de51ec2452eb07,VALID,1.0,,1,2026-08-25T02:30:00+05:30
b86332e399264993b5805f6242d21882,backfill-20260906-213201,simulator,DEL,BLR,DEL-BLR,2026-09-01,2026-08-25,2026-08-25T02:30:00+05:30,QP,QP353,ECONOMY,,7,6257,1163,0,7420,INR,,,,ab6dd5d845107065c7913a64766e47e1390076fa1ebb84634e3038631b1e8741,VALID,1.0,,1,2026-08-25T02:30:00+05:30
be6aa622b8b64e3dae2761fa241b9446,backfill-20260906-213201,simulator,DEL,BLR,DEL-BLR,2026-09-01,2026-08-25,2026-08-25T02:30:00+05:30,SG,SG454,ECONOMY,,7,5704,1135,0,6839,INR,,,,52dd2bd3774fb02ee615f57ce0af7aee1363bd1510a5ecb4aca60191427e637b,VALID,1.0,,1,2026-08-25T02:30:00+05:30
de06de9d56f64da180d2579dbc813d4d,backfill-20260906-213201,simulator,DEL,BLR,DEL-BLR,2026-09-09,2026-08-25,2026-08-25T02:30:00+05:30,6E,6E438,ECONOMY,,15,4926,1096,0,6022,INR,,,,380079d4f200335e34fa83edd2aa095bcf31e2a315336ba9a20ae353c8ec235e,VALID,1.0,,1,2026-08-25T02:30:00+05:30
55e5c8a65c3742728c2e53118e951d15,backfill-20260906-213201,simulator,DEL,BLR,DEL-BLR,2026-09-09,2026-08-25,2026-08-25T02:30:00+05:30,6E,6E983,ECONOMY,,15,4751,1088,0,5839,INR,,,,fcf02d642f2eb4f9395360c8579127080c6b3946f9982da38fde3fd348c08e1c,VALID,1.0,,1,2026-08-25T02:30:00+05:30
d9aaba16a47846f586a5336dda01da2f,backfill-20260906-213201,simulator,DEL,BLR,DEL-BLR,2026-09-09,2026-08-25,2026-08-25T02:30:00+05:30,6E,6E912,ECONOMY,,15,4233,1062,0,5295,INR,,,,4b6e40abb4766fdb892141f2a32aea9ad8cb6effd6e62f8bfa8109337664ee80,VALID,1.0,,1,2026-08-25T02:30:00+05:30
a560e9372c5a4cad9156c94e57e2847a,backfill-20260906-213201,simulator,DEL,BLR,DEL-BLR,2026-09-09,2026-08-25,2026-08-25T02:30:00+05:30,AI,AI407,ECONOMY,,15,4606,1080,0,5686,INR,,,,321d1a90366bc5654c0ea70d2763f4b3b51d50d7d0024ccb2bfd20fa876e9d13,VALID,1.0,,1,2026-08-25T02:30:00+05:30
21bb809b20bc44c0bcb2ff344c9b222a,backfill-20260906-213201,simulator,DEL,BLR,DEL-BLR,2026-09-09,2026-08-25,2026-08-25T02:30:00+05:30,AI,AI997,ECONOMY,,15,3717,1036,0,4753,INR,,,,3313d10bd3bbea4be5789cf89d72cca16292ab18f593772290fa9cd78f24fdf5,VALID,1.0,,1,2026-08-25T02:30:00+05:30
e4c978b5e3d24ebb9d09c27e80011e21,backfill-20260906-213201,simulator,DEL,BLR,DEL-BLR,2026-09-09,2026-08-25,2026-08-25T02:30:00+05:30,QP,QP467,ECONOMY,,15,4467,1073,0,5540,INR,,,,b4a43a551c7230b0b3ad4e7e2cff6e72b0614fe214c810c0a32aa036102b29fb,VALID,1.0,,1,2026-08-25T02:30:00+05:30
235198a473394c49a80d3361be9434a2,backfill-20260906-213201,simulator,DEL,BLR,DEL-BLR,2026-09-09,2026-08-25,2026-08-25T02:30:00+05:30,SG,SG679,ECONOMY,,15,4056,1053,0,5109,INR,,,,7b96576764466c9e9c5646ff9f67c7b5bd330aa1f7ca0deb11e6e147fd93e44d,VALID,1.0,,1,2026-08-25T02:30:00+05:30
9b0a69bfd7c2410c9b6d8a742f307966,backfill-20260906-213201,simulator,DEL,BLR,DEL-BLR,2026-09-24,2026-08-25,2026-08-25T02:30:00+05:30,6E,6E642,ECONOMY,,30,4243,1062,0,5305,INR,,,,32ced276790f6f9b8b5be1b962fb8a23b65794200813ed229bcea524638bce34,VALID,1.0,,1,2026-08-25T02:30:00+05:30
14dae78bb48041a7b667ebb8aac9e71a,backfill-20260906-213201,simulator,DEL,BLR,DEL-BLR,2026-09-24,2026-08-25,2026-08-25T02:30:00+05:30,6E,6E572,ECONOMY,,30,4350,1067,0,5417,INR,,,,6e8d9fa9c16845e8bc21fcde9e9e7502eae4f781012815969476293c8f4a71ec,VALID,1.0,,1,2026-08-25T02:30:00+05:30
cef6c1c1f987464482ac90fd19ad8b72,backfill-20260906-213201,simulator,DEL,BLR,DEL-BLR,2026-09-24,2026-08-25,2026-08-25T02:30:00+05:30,6E,6E809,ECONOMY,,30,3705,1035,0,4740,INR,,,,d91e513f7bf6a2b6e8ba76c1b25b42d5202dc419d2952f17d60ac3dbcadfa874,VALID,1.0,,1,2026-08-25T02:30:00+05:30
0dec1a0c5ffb4800a8afb767bdecb1e0,backfill-20260906-213201,simulator,DEL,BLR,DEL-BLR,2026-09-24,2026-08-25,2026-08-25T02:30:00+05:30,AI,AI508,ECONOMY,,30,4879,1094,0,5973,INR,,,,18d30e1d7ecccf68f42b3f96e381863049f5da440d47777decfa923f5c21893d,VALID,1.0,,1,2026-08-25T02:30:00+05:30
b3a8a5b12dca46f1bcc33489e62296c8,backfill-20260906-213201,simulator,DEL,BLR,DEL-BLR,2026-09-24,2026-08-25,2026-08-25T02:30:00+05:30,AI,AI690,ECONOMY,,30,4241,1062,0,5303,INR,,,,b15cba3a969a9036b0d4bfe468cecdf537bc5695aeacc4d62cf3e31402285df9,VALID,1.0,,1,2026-08-25T02:30:00+05:30
b22716a74f754f758bdefb73c8da98a6,backfill-20260906-213201,simulator,DEL,BLR,DEL-BLR,2026-09-24,2026-08-25,2026-08-25T02:30:00+05:30,QP,QP949,ECONOMY,,30,4432,1072,0,5504,INR,,,,e912ed937284cd3f6642b7bfffcf4982949e969aff59b62267f8c2fa1f85938d,VALID,1.0,,1,2026-08-25T02:30:00+05:30
f14f74e9c1b14735a8bd5c3cba227a5b,backfill-20260906-213201,simulator,DEL,BLR,DEL-BLR,2026-09-24,2026-08-25,2026-08-25T02:30:00+05:30,SG,SG846,ECONOMY,,30,3692,1035,0,4727,INR,,,,6bb4f2c35fe60d350871ed71a77a89e3a224edcea618ccef7823e6fe0bb12487,VALID,1.0,,1,2026-08-25T02:30:00+05:30
4540dc99b4534da2955ccf8b7b4b6324,backfill-20260906-213201,simulator,DEL,BLR,DEL-BLR,2026-10-09,2026-08-25,2026-08-25T02:30:00+05:30,6E,6E809,ECONOMY,,45,4452,1073,0,5525,INR,,,,cfe32021304211e5378bcf2331a88e593485b2986bc679dd533068a245b4d266,VALID,1.0,,1,2026-08-25T02:30:00+05:30
b9541e292d304c388040489c74ec07b3,backfill-20260906-213201,simulator,DEL,BLR,DEL-BLR,2026-10-09,2026-08-25,2026-08-25T02:30:00+05:30,6E,6E656,ECONOMY,,45,4985,1099,0,6084,INR,,,,171e394757319b76ac65fbef53ce2e1f95ef69c2a8fb54e4f8add1c3f078abd8,VALID,1.0,,1,2026-08-25T02:30:00+05:30
30188bc5287c4b0684d7f6f13b0cf085,backfill-20260906-213201,simulator,DEL,BLR,DEL-BLR,2026-10-09,2026-08-25,2026-08-25T02:30:00+05:30,6E,6E523,ECONOMY,,45,3895,1045,0,4940,INR,,,,f66a3fed5374479a76c71004dcd76244b00ce49c6b0468be06c30251a6a30578,VALID,1.0,,1,2026-08-25T02:30:00+05:30
431d6b08257346eeb201c90b3769d4bb,backfill-20260906-213201,simulator,DEL,BLR,DEL-BLR,2026-10-09,2026-08-25,2026-08-25T02:30:00+05:30,AI,AI813,ECONOMY,,45,4679,1084,0,5763,INR,,,,84b1e8bfe0dea4869f2ad56e6983cf3e6a30013fbf1302c779832076163e9253,VALID,1.0,,1,2026-08-25T02:30:00+05:30
e2eaf2e635f24618bae452f83c238af9,backfill-20260906-213201,simulator,DEL,BLR,DEL-BLR,2026-10-09,2026-08-25,2026-08-25T02:30:00+05:30,AI,AI637,ECONOMY,,45,4119,1056,0,5175,INR,,,,d606bc16b2afe35fc184aa8e3a19e1a040a44d6d72ee561eb66ae3b922ba4cd8,VALID,1.0,,1,2026-08-25T02:30:00+05:30
45d0bbca0917455787e52fe96c1a52e0,backfill-20260906-213201,simulator,DEL,BLR,DEL-BLR,2026-10-09,2026-08-25,2026-08-25T02:30:00+05:30,QP,QP701,ECONOMY,,45,4197,1060,0,5257,INR,,,,b130c6a9b980f2351a8d80246e98b1496d3554a4e2ce30964b2fabc4fbf5f95c,VALID,1.0,,1,2026-08-25T02:30:00+05:30
91ba8c95f4dc4a32b650c9de524aedfe,backfill-20260906-213201,simulator,DEL,BLR,DEL-BLR,2026-10-09,2026-08-25,2026-08-25T02:30:00+05:30,SG,SG326,ECONOMY,,45,3565,1028,0,4593,INR,,,,71ac61cd2bcf4d00166c6ec488a9dfa1eb7c4309820733d7565dfd075264ea67,VALID,1.0,,1,2026-08-25T02:30:00+05:30
e72e236eb7f64beca7b1367b5c5d4cef,backfill-20260906-213201,simulator,DEL,BOM,DEL-BOM,2026-08-27,2026-08-26,2026-08-26T02:30:00+05:30,6E,6E961,ECONOMY,,1,8567,1278,0,9845,INR,,,,13afe3ef43a03785ed2003465b67ed5ec280313faf06d3d73535128efdd939af,VALID,1.0,,1,2026-08-26T02:30:00+05:30
c7d8c6bf904b4e4ba741c4eaf60b4802,backfill-20260906-213201,simulator,DEL,BOM,DEL-BOM,2026-08-27,2026-08-26,2026-08-26T02:30:00+05:30,6E,6E699,ECONOMY,,1,8420,1271,0,9691,INR,,,,09b3a7eba663041c59cb2805e1443e3af63bb3d9befeca904b22d1a55112d409,VALID,1.0,,1,2026-08-26T02:30:00+05:30
085c30efcdbe4588b878cc2fcd784759,backfill-20260906-213201,simulator,DEL,BOM,DEL-BOM,2026-08-27,2026-08-26,2026-08-26T02:30:00+05:30,6E,6E537,ECONOMY,,1,8203,1260,0,9463,INR,,,,88595ddeecb36878cc07cd64fde5b9b7b3a6ae1b6190aeb4c432ec532aa60ab2,VALID,1.0,,1,2026-08-26T02:30:00+05:30
8558c7c653de4ea084b225974c5f0258,backfill-20260906-213201,simulator,DEL,BOM,DEL-BOM,2026-08-27,2026-08-26,2026-08-26T02:30:00+05:30,AI,AI983,ECONOMY,,1,9071,1304,0,10375,INR,,,,a32eb468e25a55cda9d628a164d9e612c46d12a5392b3dc4e71e4173cbf37133,VALID,1.0,,1,2026-08-26T02:30:00+05:30
be24b3913a5940b7a5f5a88a0d13ca35,backfill-20260906-213201,simulator,DEL,BOM,DEL-BOM,2026-08-27,2026-08-26,2026-08-26T02:30:00+05:30,AI,AI995,ECONOMY,,1,8290,1265,0,9555,INR,,,,fe29467d708cfce4cf4c33d2a63f3490f56474d6a9521d64f6ce67d55577df5d,VALID,1.0,,1,2026-08-26T02:30:00+05:30
b835ecaf075d4b23956a5c2621db3fbf,backfill-20260906-213201,simulator,DEL,BOM,DEL-BOM,2026-08-27,2026-08-26,2026-08-26T02:30:00+05:30,QP,QP892,ECONOMY,,1,8066,1253,0,9319,INR,,,,9361292b4a5e7fab1026aea415cd9780c9e2ec012098897793368f29d17cafb3,VALID,1.0,,1,2026-08-26T02:30:00+05:30
fd8516b71fea43a596f9c0a22296122a,backfill-20260906-213201,simulator,DEL,BOM,DEL-BOM,2026-08-27,2026-08-26,2026-08-26T02:30:00+05:30,SG,SG480,ECONOMY,,1,7463,1223,0,8686,INR,,,,f6ed3d953d581c8a982bd263289fd03a7de95faf07447d652da161cd018cc2df,VALID,1.0,,1,2026-08-26T02:30:00+05:30
f6d9440bd01649c39a95da459ee1aff7,backfill-20260906-213201,simulator,DEL,BOM,DEL-BOM,2026-09-02,2026-08-26,2026-08-26T02:30:00+05:30,6E,6E462,ECONOMY,,7,5283,1114,0,6397,INR,,,,5bed723d3c65cd5a98171ee4783ec2d91a75c134e740db82c38f9c2d64ebcf28,VALID,1.0,,1,2026-08-26T02:30:00+05:30
9e7116b670ae460585728eae8619d94e,backfill-20260906-213201,simulator,DEL,BOM,DEL-BOM,2026-09-02,2026-08-26,2026-08-26T02:30:00+05:30,6E,6E520,ECONOMY,,7,4960,1098,0,6058,INR,,,,12da9dd082dc748bd7ad569eb1613ab773fb0efd7373726387ab7c3d043894e7,VALID,1.0,,1,2026-08-26T02:30:00+05:30
181abd076be04c5c977261624cade78d,backfill-20260906-213201,simulator,DEL,BOM,DEL-BOM,2026-09-02,2026-08-26,2026-08-26T02:30:00+05:30,6E,6.00E+208,ECONOMY,,7,4919,1096,0,6015,INR,,,,fb6b58063850eb4a72de53fe8c0bb3dea13d0c4ec0770f153a29d63d54ec7e2c,VALID,1.0,,1,2026-08-26T02:30:00+05:30
2007b0a7c7124e13ba4401ed4268d53e,backfill-20260906-213201,simulator,DEL,BOM,DEL-BOM,2026-09-02,2026-08-26,2026-08-26T02:30:00+05:30,AI,AI740,ECONOMY,,7,5562,1128,0,6690,INR,,,,72a699298b467f6e78870e1ec0ebce59e5d5b4f5cf3d46efb54a689254bb3709,VALID,1.0,,1,2026-08-26T02:30:00+05:30
48caf6c4da654b44a198d72dca6e0ca3,backfill-20260906-213201,simulator,DEL,BOM,DEL-BOM,2026-09-02,2026-08-26,2026-08-26T02:30:00+05:30,AI,AI802,ECONOMY,,7,4864,1093,0,5957,INR,,,,1071dd46776efa658ae64c7b38f083cb3fb95249b88a47d76f197997450c0a81,VALID,1.0,,1,2026-08-26T02:30:00+05:30
2e04e0867f78433589159789f19846bc,backfill-20260906-213201,simulator,DEL,BOM,DEL-BOM,2026-09-02,2026-08-26,2026-08-26T02:30:00+05:30,QP,QP335,ECONOMY,,7,4495,1075,0,5570,INR,,,,fad95c157a00df6b0c8755b5a3173078dd791358d2078cbc9059f6bf5f422123,VALID,1.0,,1,2026-08-26T02:30:00+05:30
8dbe2b51f1e5420fbd44a15bb285fa89,backfill-20260906-213201,simulator,DEL,BOM,DEL-BOM,2026-09-02,2026-08-26,2026-08-26T02:30:00+05:30,SG,SG605,ECONOMY,,7,4626,1081,0,5707,INR,,,,7d116fb66150b577c5f520188c1ef98aa9613b3ab89e692522ef302a7fb85f2c,VALID,1.0,,1,2026-08-26T02:30:00+05:30
f66dbc0c94054f69970552a92407d47f,backfill-20260906-213201,simulator,DEL,BOM,DEL-BOM,2026-09-10,2026-08-26,2026-08-26T02:30:00+05:30,6E,6.00E+208,ECONOMY,,15,4715,1086,0,5801,INR,,,,691cf2af71018f873707f8a31d542830496d61cba8cdd306249276684e62994a,VALID,1.0,,1,2026-08-26T02:30:00+05:30
7e53b29ee8e3410a85c69cdac00b3469,backfill-20260906-213201,simulator,DEL,BOM,DEL-BOM,2026-09-10,2026-08-26,2026-08-26T02:30:00+05:30,6E,6.00E+262,ECONOMY,,15,3852,1043,0,4895,INR,,,,a0f4ef7930728aedcde2bfa3aff307f69783cf4f5d65685a9542007ebb93c368,VALID,1.0,,1,2026-08-26T02:30:00+05:30
0785f68f841048b6b020d34347d30679,backfill-20260906-213201,simulator,DEL,BOM,DEL-BOM,2026-09-10,2026-08-26,2026-08-26T02:30:00+05:30,6E,6E837,ECONOMY,,15,4310,1066,0,5376,INR,,,,c513a4f2c13a921b052f074aa8c76c0538776c57f495f8244b20191126687784,VALID,1.0,,1,2026-08-26T02:30:00+05:30
30cfd0bbbeb04a9db6bb09a328e3f5f9,backfill-20260906-213201,simulator,DEL,BOM,DEL-BOM,2026-09-10,2026-08-26,2026-08-26T02:30:00+05:30,AI,AI862,ECONOMY,,15,4595,1080,0,5675,INR,,,,ccb7105bb6ef255fc9d31102e8a3b7c1201637758a5f925c370a3ee356b302f7,VALID,1.0,,1,2026-08-26T02:30:00+05:30
77d7eb81c1414bfcac3ee4fedc241492,backfill-20260906-213201,simulator,DEL,BOM,DEL-BOM,2026-09-10,2026-08-26,2026-08-26T02:30:00+05:30,AI,AI932,ECONOMY,,15,4288,1064,0,5352,INR,,,,0b8096844397fc2077d7d8cada569d347bbd3f97594639ccb54f6d4d8f433a56,VALID,1.0,,1,2026-08-26T02:30:00+05:30
0d9d5ac40beb49d081424b8f7f9a3811,backfill-20260906-213201,simulator,DEL,BOM,DEL-BOM,2026-09-10,2026-08-26,2026-08-26T02:30:00+05:30,QP,QP994,ECONOMY,,15,3794,1040,0,4834,INR,,,,857b65cecc25531984a8bcd8710bf564582937ce65dd695c95cafd1a3432347b,VALID,1.0,,1,2026-08-26T02:30:00+05:30
79b90d5b82104f95a32760b262bca7f9,backfill-20260906-213201,simulator,DEL,BOM,DEL-BOM,2026-09-10,2026-08-26,2026-08-26T02:30:00+05:30,SG,SG870,ECONOMY,,15,4140,1057,0,5197,INR,,,,ea8cef5d9854ac6ad306112996b2304103908ffe260ef38fc08e41ec0f7273c8,VALID,1.0,,1,2026-08-26T02:30:00+05:30
0e299d430543417bbef40d538ccfa58a,backfill-20260906-213201,simulator,DEL,BOM,DEL-BOM,2026-09-25,2026-08-26,2026-08-26T02:30:00+05:30,6E,6E620,ECONOMY,,30,4350,1067,0,5417,INR,,,,8a7f4c7fa65ba56f52f2bd168caaee4bb6fdf89fcf975d5ee92efbec16530a00,VALID,1.0,,1,2026-08-26T02:30:00+05:30
3ab00103830d4da0a611d1e8332f47ec,backfill-20260906-213201,simulator,DEL,BOM,DEL-BOM,2026-09-25,2026-08-26,2026-08-26T02:30:00+05:30,6E,6E530,ECONOMY,,30,4319,1066,0,5385,INR,,,,33f615705eeae6b0e2bdfde48685ac234cd6f4a5b73664d1e2f89ede22eb8137,VALID,1.0,,1,2026-08-26T02:30:00+05:30
9a5a6b247ecd4e139496bcb05594bdbb,backfill-20260906-213201,simulator,DEL,BOM,DEL-BOM,2026-09-25,2026-08-26,2026-08-26T02:30:00+05:30,6E,6.00E+300,ECONOMY,,30,4414,1071,0,5485,INR,,,,4ea317a5f0bd620eed937f73669ae6af2bd35da3f775c40be5401215165b1faa,VALID,1.0,,1,2026-08-26T02:30:00+05:30
0afe35b50f3d42dbafe77dc849a1188f,backfill-20260906-213201,simulator,DEL,BOM,DEL-BOM,2026-09-25,2026-08-26,2026-08-26T02:30:00+05:30,AI,AI400,ECONOMY,,30,4995,1100,0,6095,INR,,,,8396b7d08dcf6557f9764782b5d761a0284570786e19a0624fa8fec35d99b7de,VALID,1.0,,1,2026-08-26T02:30:00+05:30
7e7030197676452eabea8b826b9183f3,backfill-20260906-213201,simulator,DEL,BOM,DEL-BOM,2026-09-25,2026-08-26,2026-08-26T02:30:00+05:30,AI,AI323,ECONOMY,,30,4415,1071,0,5486,INR,,,,85cff36f6c7b9dd2b52a77ae935d197236a1c691163151433b8bc5cce670295b,VALID,1.0,,1,2026-08-26T02:30:00+05:30
f12343847834484892a8a27e4f75f048,backfill-20260906-213201,simulator,DEL,BOM,DEL-BOM,2026-09-25,2026-08-26,2026-08-26T02:30:00+05:30,QP,QP773,ECONOMY,,30,3617,1031,0,4648,INR,,,,725d38cbef6274131c61d0d78d8553f828afdda06a4046c7c6fc6a2b07c189e2,VALID,1.0,,1,2026-08-26T02:30:00+05:30
5aef7e91ad4e4e06968d6cd1d681d210,backfill-20260906-213201,simulator,DEL,BOM,DEL-BOM,2026-09-25,2026-08-26,2026-08-26T02:30:00+05:30,SG,SG554,ECONOMY,,30,2929,996,0,3925,INR,,,,1ca799239a8fb60f2d8c52ed25906989fc3c9361812c20770ee9a101071af0a3,VALID,1.0,,1,2026-08-26T02:30:00+05:30
d5097cf659f3452c9d1b7148c8c89655,backfill-20260906-213201,simulator,DEL,BOM,DEL-BOM,2026-10-10,2026-08-26,2026-08-26T02:30:00+05:30,6E,6E692,ECONOMY,,45,3403,1020,0,4423,INR,,,,f064254a4c470022e8a3c6285021b9517f28ead97a2d5a046397d74c34348784,VALID,1.0,,1,2026-08-26T02:30:00+05:30
ca39ffe4f81947ab97fe876e76728b04,backfill-20260906-213201,simulator,DEL,BOM,DEL-BOM,2026-10-10,2026-08-26,2026-08-26T02:30:00+05:30,6E,6E730,ECONOMY,,45,3073,1004,0,4077,INR,,,,d1573aa03ea01c2411c723a6d67c5437b78f1a0c8076d0783f246f0be2c267f4,VALID,1.0,,1,2026-08-26T02:30:00+05:30
9b9dd5fe57e24cd39b716eac54402000,backfill-20260906-213201,simulator,DEL,BOM,DEL-BOM,2026-10-10,2026-08-26,2026-08-26T02:30:00+05:30,6E,6E910,ECONOMY,,45,3312,1016,0,4328,INR,,,,c90a25222514edb8d7ce1a9da97192b463a6a33ea3675e805c9eeafffb388baf,VALID,1.0,,1,2026-08-26T02:30:00+05:30
2be42d332e2348508982faad1fae58b3,backfill-20260906-213201,simulator,DEL,BOM,DEL-BOM,2026-10-10,2026-08-26,2026-08-26T02:30:00+05:30,AI,AI688,ECONOMY,,45,3491,1025,0,4516,INR,,,,cb124d36e81aa7c485f7d7cb08c2639a1e656f7dd3b262f88cbd2db5260b3297,VALID,1.0,,1,2026-08-26T02:30:00+05:30
f74783c437e4473898bc0ae4b98659c7,backfill-20260906-213201,simulator,DEL,BOM,DEL-BOM,2026-10-10,2026-08-26,2026-08-26T02:30:00+05:30,AI,AI934,ECONOMY,,45,3028,1001,0,4029,INR,,,,b94fabe8b7286546e23dae4d02de935ae1cc4b75012bf81bb5cd0e593d6c22f7,VALID,1.0,,1,2026-08-26T02:30:00+05:30
7745ec6ab55a414a84b14f383783dacd,backfill-20260906-213201,simulator,DEL,BOM,DEL-BOM,2026-10-10,2026-08-26,2026-08-26T02:30:00+05:30,QP,QP527,ECONOMY,,45,3077,1004,0,4081,INR,,,,0b3e5d3ff0b8927736a1496aa0e27ee97c997b093abc5b4d1279555054366654,VALID,1.0,,1,2026-08-26T02:30:00+05:30
1ebc82f5b0e3446dad4bc1de1c353215,backfill-20260906-213201,simulator,DEL,BOM,DEL-BOM,2026-10-10,2026-08-26,2026-08-26T02:30:00+05:30,SG,SG825,ECONOMY,,45,2945,997,0,3942,INR,,,,32a50a08ea648d6ec909e5396800b76533d3b1d40da770a3fac96c6b6ce56c7c,VALID,1.0,,1,2026-08-26T02:30:00+05:30
7bbe9ba5886443608c7a99ee3f937748,backfill-20260906-213201,simulator,DEL,BLR,DEL-BLR,2026-08-27,2026-08-26,2026-08-26T02:30:00+05:30,6E,6E488,ECONOMY,,1,10678,1384,0,12062,INR,,,,5c49ea431ab4113d61c27dc8d6038b1c48ad021a2b8a9d87223db213fde1c90a,VALID,1.0,,1,2026-08-26T02:30:00+05:30
2ab17e302aa34998baf7614bcf7ec8c6,backfill-20260906-213201,simulator,DEL,BLR,DEL-BLR,2026-08-27,2026-08-26,2026-08-26T02:30:00+05:30,6E,6E478,ECONOMY,,1,9509,1325,0,10834,INR,,,,22fd846416251e68946be3858296ff4113b18d40477dcada55ea0915337d4c15,VALID,1.0,,1,2026-08-26T02:30:00+05:30
756f0dcc6fe04d16b6bb61072f4478f9,backfill-20260906-213201,simulator,DEL,BLR,DEL-BLR,2026-08-27,2026-08-26,2026-08-26T02:30:00+05:30,AI,AI671,ECONOMY,,1,10304,1365,0,11669,INR,,,,cb7e31feb0963df01ede7a9a7f81f72f7d28bbc046795988351787c6c237946e,VALID,1.0,,1,2026-08-26T02:30:00+05:30
9898dd9543df4376b8eb18e06fe74b28,backfill-20260906-213201,simulator,DEL,BLR,DEL-BLR,2026-08-27,2026-08-26,2026-08-26T02:30:00+05:30,AI,AI731,ECONOMY,,1,8867,1293,0,10160,INR,,,,0d946e86f9e9c425d6d07caf816a915e75f938ff541f7eecd75a037efdffcc14,VALID,1.0,,1,2026-08-26T02:30:00+05:30
e26da97b5d414143a95d93e434eceb4b,backfill-20260906-213201,simulator,DEL,BLR,DEL-BLR,2026-08-27,2026-08-26,2026-08-26T02:30:00+05:30,QP,QP981,ECONOMY,,1,9766,1338,0,11104,INR,,,,3e166525a5470f1c79a2ee34912607ded90e83891f365936cd92b1b7d4f5ed39,VALID,1.0,,1,2026-08-26T02:30:00+05:30
b1a712f2e458441caf82e48729d44b88,backfill-20260906-213201,simulator,DEL,BLR,DEL-BLR,2026-08-27,2026-08-26,2026-08-26T02:30:00+05:30,SG,SG261,ECONOMY,,1,8265,1263,0,9528,INR,,,,49ae671613b9df8864d1804f7f90deabb3c7139ab40916e4b6681a13bd0e9ee7,VALID,1.0,,1,2026-08-26T02:30:00+05:30
7a1f39a6e6b84f199a7f5c341c666c24,backfill-20260906-213201,simulator,DEL,BLR,DEL-BLR,2026-09-02,2026-08-26,2026-08-26T02:30:00+05:30,6E,6E542,ECONOMY,,7,6304,1165,0,7469,INR,,,,0871d912ff29ba0565547371be6a083df1b4ba550c84a30e8577a3305348cfca,VALID,1.0,,1,2026-08-26T02:30:00+05:30
04942243468c4d36bfc7f4f91eee0364,backfill-20260906-213201,simulator,DEL,BLR,DEL-BLR,2026-09-02,2026-08-26,2026-08-26T02:30:00+05:30,6E,6E615,ECONOMY,,7,5302,1115,0,6417,INR,,,,023a1f0e2aa5157d526625b392936abee81aedadf8cb8410643ac0a996bf4402,VALID,1.0,,1,2026-08-26T02:30:00+05:30
7801c99d82584a7283f1255847cbcd6f,backfill-20260906-213201,simulator,DEL,BLR,DEL-BLR,2026-09-02,2026-08-26,2026-08-26T02:30:00+05:30,6E,6.00E+285,ECONOMY,,7,5773,1139,0,6912,INR,,,,3efccea145f2fd2dacd174731c505ec8aeefa67841e4f9d2e16d04c6d9f50e24,VALID,1.0,,1,2026-08-26T02:30:00+05:30
dae7c8e4d5f5488f8813de721b406a7b,backfill-20260906-213201,simulator,DEL,BLR,DEL-BLR,2026-09-02,2026-08-26,2026-08-26T02:30:00+05:30,AI,AI875,ECONOMY,,7,5570,1128,0,6698,INR,,,,65a86c41662b846c217ea761f738996370f916d5527d73876541faf5e688c8eb,VALID,1.0,,1,2026-08-26T02:30:00+05:30
f9654977ad5a442cac9a99a14da76eb6,backfill-20260906-213201,simulator,DEL,BLR,DEL-BLR,2026-09-02,2026-08-26,2026-08-26T02:30:00+05:30,AI,AI717,ECONOMY,,7,5961,1148,0,7109,INR,,,,af925260b3945fba708a35a3a4f822aba66760ac5bd47d653cc9a255942f8d35,VALID,1.0,,1,2026-08-26T02:30:00+05:30
060fad1053654f09aad5180ef6a102ff,backfill-20260906-213201,simulator,DEL,BLR,DEL-BLR,2026-09-02,2026-08-26,2026-08-26T02:30:00+05:30,QP,QP974,ECONOMY,,7,6039,1152,0,7191,INR,,,,8c850044817cca1eff163fa97f213a20c538033270048bfd4c3dbcde24a5e1d5,VALID,1.0,,1,2026-08-26T02:30:00+05:30
9e84fff87f004b9090df8afa8530b702,backfill-20260906-213201,simulator,DEL,BLR,DEL-BLR,2026-09-02,2026-08-26,2026-08-26T02:30:00+05:30,SG,SG585,ECONOMY,,7,5238,1112,0,6350,INR,,,,54508dc0731e959ef59ce3d2e1c23c161ae9ab2ee770f86e5cb5d98b755f2bdc,VALID,1.0,,1,2026-08-26T02:30:00+05:30
0875a02f5d9c40759e17f9678dab920c,backfill-20260906-213201,simulator,DEL,BLR,DEL-BLR,2026-09-10,2026-08-26,2026-08-26T02:30:00+05:30,6E,6E543,ECONOMY,,15,5000,1100,0,6100,INR,,,,ad22457f8fffd1dd36e810c0d25f27392a7df4bdfecf6325d280ddf0e93323f1,VALID,1.0,,1,2026-08-26T02:30:00+05:30
b6901997a61a42838b0f1116381241ff,backfill-20260906-213201,simulator,DEL,BLR,DEL-BLR,2026-09-10,2026-08-26,2026-08-26T02:30:00+05:30,6E,6E641,ECONOMY,,15,4882,1094,0,5976,INR,,,,c6f048053cc05c135977d4ab5cdb36bf88a93c291ef6790ac97bacbe4bdabe8d,VALID,1.0,,1,2026-08-26T02:30:00+05:30
deb0fe31108845d8ab3294203fb4f26e,backfill-20260906-213201,simulator,DEL,BLR,DEL-BLR,2026-09-10,2026-08-26,2026-08-26T02:30:00+05:30,6E,6E807,ECONOMY,,15,5021,1101,0,6122,INR,,,,eae6da6398775502c3e9356cef160f9b4240f812c64d2378cd08d5d49c58050b,VALID,1.0,,1,2026-08-26T02:30:00+05:30
e82b426cc68b40aaa9c602b416e1871b,backfill-20260906-213201,simulator,DEL,BLR,DEL-BLR,2026-09-10,2026-08-26,2026-08-26T02:30:00+05:30,AI,AI854,ECONOMY,,15,5026,1101,0,6127,INR,,,,39517a91b62b2ffb5e0d03ce16ecc60a03300c9bd01dea54fb6bc4611ce97c03,VALID,1.0,,1,2026-08-26T02:30:00+05:30
68e34b4e42b54e6eaa34b7c8009b4950,backfill-20260906-213201,simulator,DEL,BLR,DEL-BLR,2026-09-10,2026-08-26,2026-08-26T02:30:00+05:30,AI,AI545,ECONOMY,,15,4978,1099,0,6077,INR,,,,adf69e5935dc67087441627d724111fb9ab0780dcce6177b94a0583f7897e417,VALID,1.0,,1,2026-08-26T02:30:00+05:30
2d2f0d849b8d481e82739327ee578b4f,backfill-20260906-213201,simulator,DEL,BLR,DEL-BLR,2026-09-10,2026-08-26,2026-08-26T02:30:00+05:30,QP,QP716,ECONOMY,,15,4250,1063,0,5313,INR,,,,79ab97391d5cd7993179692ceed3938acce92d0e18470d7449cb1d9bdab85e98,VALID,1.0,,1,2026-08-26T02:30:00+05:30
eba37d39988d4da6a2b5f4a1ffad3667,backfill-20260906-213201,simulator,DEL,BLR,DEL-BLR,2026-09-10,2026-08-26,2026-08-26T02:30:00+05:30,SG,SG917,ECONOMY,,15,4743,1087,0,5830,INR,,,,88e10fd26a5a2881b7e93d71e0c9d2561d07d4d7a60706e1da0c35edd5169ebb,VALID,1.0,,1,2026-08-26T02:30:00+05:30
4a46e713d20249dfa1f6bc24f2b070ea,backfill-20260906-213201,simulator,DEL,BLR,DEL-BLR,2026-09-25,2026-08-26,2026-08-26T02:30:00+05:30,6E,6E575,ECONOMY,,30,4031,1052,0,5083,INR,,,,a2670ae0896a4916beabc5f56b613589c5037e224bcaf9cbd4f9ff9254e357cd,VALID,1.0,,1,2026-08-26T02:30:00+05:30
a626dcb4939f4b7fb86dce1cc8b879b4,backfill-20260906-213201,simulator,DEL,BLR,DEL-BLR,2026-09-25,2026-08-26,2026-08-26T02:30:00+05:30,6E,6E318,ECONOMY,,30,4571,1079,0,5650,INR,,,,8b8f31d41a0f0e1efe0f0e18c66b76750a4774e3b38c0857d09cce170eb61174,VALID,1.0,,1,2026-08-26T02:30:00+05:30
cb76dfb3374443bc93d3d4db64138ce3,backfill-20260906-213201,simulator,DEL,BLR,DEL-BLR,2026-09-25,2026-08-26,2026-08-26T02:30:00+05:30,6E,6E573,ECONOMY,,30,4563,1078,0,5641,INR,,,,94daf42f65b48360286e2f5e176678fb6be39357c02a661fb8ac225dff749599,VALID,1.0,,1,2026-08-26T02:30:00+05:30
62bc1609dd154e658928e0afb71ffef2,backfill-20260906-213201,simulator,DEL,BLR,DEL-BLR,2026-09-25,2026-08-26,2026-08-26T02:30:00+05:30,AI,AI321,ECONOMY,,30,5009,1100,0,6109,INR,,,,5dca0cbcb200b8082a6fec2e4d01ebc24034ba6a263553345869a5c4ec63a236,VALID,1.0,,1,2026-08-26T02:30:00+05:30
563477a29dc64e4cb3f0d16990c7cecd,backfill-20260906-213201,simulator,DEL,BLR,DEL-BLR,2026-09-25,2026-08-26,2026-08-26T02:30:00+05:30,AI,AI565,ECONOMY,,30,4597,1080,0,5677,INR,,,,cc54441513f0a6db1f38230685a8936539e283e64420ca38c78dd1ecb303310c,VALID,1.0,,1,2026-08-26T02:30:00+05:30
74021c48909640edaeb6bc900cd0ffd2,backfill-20260906-213201,simulator,DEL,BLR,DEL-BLR,2026-09-25,2026-08-26,2026-08-26T02:30:00+05:30,QP,QP214,ECONOMY,,30,4522,1076,0,5598,INR,,,,c351a909d1089a3491c4bba04f817c1603a5c3057c14e2e1b48e00af6ced903a,VALID,1.0,,1,2026-08-26T02:30:00+05:30
f335831eacd84b13a1c526c37f9512ec,backfill-20260906-213201,simulator,DEL,BLR,DEL-BLR,2026-09-25,2026-08-26,2026-08-26T02:30:00+05:30,SG,SG948,ECONOMY,,30,4530,1077,0,5607,INR,,,,1389bd52e4191b08a6424ec4998c6f686395decc37bb4dfab6f61f1775ce4441,VALID,1.0,,1,2026-08-26T02:30:00+05:30
8adeb652e8eb4e81ba7c9b701d9ec5ba,backfill-20260906-213201,simulator,DEL,BLR,DEL-BLR,2026-10-10,2026-08-26,2026-08-26T02:30:00+05:30,6E,6.00E+294,ECONOMY,,45,3649,1032,0,4681,INR,,,,bd95c87239a6317dfc4d1aa4117dfc9599cc63e84d95c519bff0475ad6d4dc7c,VALID,1.0,,1,2026-08-26T02:30:00+05:30
e1781f3748414d4e962df4e8b9813e0b,backfill-20260906-213201,simulator,DEL,BLR,DEL-BLR,2026-10-10,2026-08-26,2026-08-26T02:30:00+05:30,6E,6E427,ECONOMY,,45,3526,1026,0,4552,INR,,,,a6dc7975d773982358709b6a6e11ad2893b22040540307904276afa5350f355e,VALID,1.0,,1,2026-08-26T02:30:00+05:30
795ad93cfce24f5c8b99be1baeb82771,backfill-20260906-213201,simulator,DEL,BLR,DEL-BLR,2026-10-10,2026-08-26,2026-08-26T02:30:00+05:30,6E,6E826,ECONOMY,,45,3643,1032,0,4675,INR,,,,598e77e9962dcda611ab0acf3f5342ba968a4b0a221fc067540ebd4e33813d46,VALID,1.0,,1,2026-08-26T02:30:00+05:30
4a46c931841e4da0a81645462ca2c834,backfill-20260906-213201,simulator,DEL,BLR,DEL-BLR,2026-10-10,2026-08-26,2026-08-26T02:30:00+05:30,AI,AI312,ECONOMY,,45,3424,1021,0,4445,INR,,,,ed70424faccadfe43bfc723cd9aacbe969cfe8adbab13826c213ab7d61e30da9,VALID,1.0,,1,2026-08-26T02:30:00+05:30
33feb5e3a9bb485081de67318bb248e4,backfill-20260906-213201,simulator,DEL,BLR,DEL-BLR,2026-10-10,2026-08-26,2026-08-26T02:30:00+05:30,AI,AI760,ECONOMY,,45,3769,1038,0,4807,INR,,,,87050e7c5868e6ebc03384e902d6a3344971e09d0f7b7eb16afde7809a5760e2,VALID,1.0,,1,2026-08-26T02:30:00+05:30
9c127281bce04ebfacda1b69ec833259,backfill-20260906-213201,simulator,DEL,BLR,DEL-BLR,2026-10-10,2026-08-26,2026-08-26T02:30:00+05:30,QP,QP584,ECONOMY,,45,3299,1015,0,4314,INR,,,,37105ba6a8a5c4ce0483a86613069027f9ca73ced58aacdda375b16015f00dd1,VALID,1.0,,1,2026-08-26T02:30:00+05:30
3a5f878b8ff94e4c93a172496797a5a2,backfill-20260906-213201,simulator,DEL,BLR,DEL-BLR,2026-10-10,2026-08-26,2026-08-26T02:30:00+05:30,SG,SG709,ECONOMY,,45,3362,1018,0,4380,INR,,,,ee75c65f75b6a87de5d5beb2b01c0ad8e8b4fe5fe97979efdbb5bbfd300653f6,VALID,1.0,,1,2026-08-26T02:30:00+05:30
db23279c09494b54a5a2bad91c065cf4,backfill-20260906-213201,simulator,DEL,BOM,DEL-BOM,2026-08-28,2026-08-27,2026-08-27T02:30:00+05:30,6E,6E982,ECONOMY,,1,10419,1371,0,11790,INR,,,,1f5dd8b199ac7529e8d2ca0ee41bf0390dab4037a4c5f6de14ae86e33369df8b,VALID,1.0,,1,2026-08-27T02:30:00+05:30
e64de8943dad4558b0fde59d945e0209,backfill-20260906-213201,simulator,DEL,BOM,DEL-BOM,2026-08-28,2026-08-27,2026-08-27T02:30:00+05:30,6E,6E309,ECONOMY,,1,9448,1322,0,10770,INR,,,,6d55cd03bcfddfbc44b8122d98e926dd8299027b544754e7a9f360a68fbf6cd8,VALID,1.0,,1,2026-08-27T02:30:00+05:30
f89d40f5870349ae92a7be67df2ac2ce,backfill-20260906-213201,simulator,DEL,BOM,DEL-BOM,2026-08-28,2026-08-27,2026-08-27T02:30:00+05:30,6E,6E616,ECONOMY,,1,10172,1359,0,11531,INR,,,,97ec8f2b75fd8648579fafcced22ccc69a7dd26c54ce9c274d7d53563b9b6cfc,VALID,1.0,,1,2026-08-27T02:30:00+05:30
9109c639ec4347ec8c04186dacc39677,backfill-20260906-213201,simulator,DEL,BOM,DEL-BOM,2026-08-28,2026-08-27,2026-08-27T02:30:00+05:30,AI,AI485,ECONOMY,,1,8108,1255,0,9363,INR,,,,00e17fe5563300e8b47c401d462f0d8cabfa05b7edd324c87c93e8361c887815,VALID,1.0,,1,2026-08-27T02:30:00+05:30
40c043100485420b9dbf2e71579fae73,backfill-20260906-213201,simulator,DEL,BOM,DEL-BOM,2026-08-28,2026-08-27,2026-08-27T02:30:00+05:30,AI,AI348,ECONOMY,,1,10480,1374,0,11854,INR,,,,c367370ea5a6153c64333848155891229acf0f25d55a6e5bd34f570695c38b23,VALID,1.0,,1,2026-08-27T02:30:00+05:30
627a26b1ec8c47ddad7c74ec3d79b0d2,backfill-20260906-213201,simulator,DEL,BOM,DEL-BOM,2026-08-28,2026-08-27,2026-08-27T02:30:00+05:30,QP,QP751,ECONOMY,,1,8943,1297,0,10240,INR,,,,89432eaf15fe5e27ab6f6a7fbdc0030e7b2bc4830012b5494f544bf63cb18578,VALID,1.0,,1,2026-08-27T02:30:00+05:30
26885786822841d29f8e1e3ba121220a,backfill-20260906-213201,simulator,DEL,BOM,DEL-BOM,2026-08-28,2026-08-27,2026-08-27T02:30:00+05:30,SG,SG333,ECONOMY,,1,8004,1250,0,9254,INR,,,,f8b76650f179bf8a68ba94e5ae428c05ae519549ec43f5f29efcaf429b4b0a28,VALID,1.0,,1,2026-08-27T02:30:00+05:30
bb188c6d40a64f7e9ebabd5c9d21f98b,backfill-20260906-213201,simulator,DEL,BOM,DEL-BOM,2026-09-03,2026-08-27,2026-08-27T02:30:00+05:30,6E,6E982,ECONOMY,,7,5426,1121,0,6547,INR,,,,8bbc340e26f235ea19e29b6fcad14223e64fe4c2bffbc5155474075eff58ede4,VALID,1.0,,1,2026-08-27T02:30:00+05:30
94472051249447099d91c93fab9b9835,backfill-20260906-213201,simulator,DEL,BOM,DEL-BOM,2026-09-03,2026-08-27,2026-08-27T02:30:00+05:30,6E,6E749,ECONOMY,,7,5506,1125,0,6631,INR,,,,c716f914a81e896a7d62e3e900d5847a09274cca5b7dc4816d1d6afbe4bacde1,VALID,1.0,,1,2026-08-27T02:30:00+05:30
293dc585df5e46198b03558392b3f694,backfill-20260906-213201,simulator,DEL,BOM,DEL-BOM,2026-09-03,2026-08-27,2026-08-27T02:30:00+05:30,6E,6E477,ECONOMY,,7,4694,1085,0,5779,INR,,,,8d6dd9729deaf8df19a849c8557c7e94b829b7185ebdfff5185a79dec235d8ef,VALID,1.0,,1,2026-08-27T02:30:00+05:30
ec4b9eac954e441ab7225a18e9e2b552,backfill-20260906-213201,simulator,DEL,BOM,DEL-BOM,2026-09-03,2026-08-27,2026-08-27T02:30:00+05:30,AI,AI992,ECONOMY,,7,5573,1129,0,6702,INR,,,,380468e066db186bdd339a8cce3277db64c170a6867fc728004f02793e15f2e8,VALID,1.0,,1,2026-08-27T02:30:00+05:30
4b6da956b9c24343a7ba9158e2c8fecf,backfill-20260906-213201,simulator,DEL,BOM,DEL-BOM,2026-09-03,2026-08-27,2026-08-27T02:30:00+05:30,AI,AI468,ECONOMY,,7,6074,1154,0,7228,INR,,,,40dc2c82fadbbf73238c3bc9f401155fb2de2e1fb835bef3f3a2b0c5e57324d6,VALID,1.0,,1,2026-08-27T02:30:00+05:30
c82c3239feb349a282d94a862fe0ec2a,backfill-20260906-213201,simulator,DEL,BOM,DEL-BOM,2026-09-03,2026-08-27,2026-08-27T02:30:00+05:30,QP,QP705,ECONOMY,,7,5331,1117,0,6448,INR,,,,942186a387f544c95ea3cb56d436ffe001d023657681983465d0d452bee3b2df,VALID,1.0,,1,2026-08-27T02:30:00+05:30
e0f14630c13b46a0b98ef49c3c4890b6,backfill-20260906-213201,simulator,DEL,BOM,DEL-BOM,2026-09-03,2026-08-27,2026-08-27T02:30:00+05:30,SG,SG674,ECONOMY,,7,5180,1109,0,6289,INR,,,,a76b47aa981c0f0c4d1a72bf09c6985b04220a518d853523d7d280d799afccd2,VALID,1.0,,1,2026-08-27T02:30:00+05:30
0ed7d7310d29411b97d1dcb1646a63a1,backfill-20260906-213201,simulator,DEL,BOM,DEL-BOM,2026-09-11,2026-08-27,2026-08-27T02:30:00+05:30,6E,6.00E+253,ECONOMY,,15,4133,1057,0,5190,INR,,,,121f5d5d85283b2e301826a4af180f7017c45526e2abd8238e4d2a2c4aaa3e66,VALID,1.0,,1,2026-08-27T02:30:00+05:30
ebdae7a61e9d405ca786cac4b3ee25fe,backfill-20260906-213201,simulator,DEL,BOM,DEL-BOM,2026-09-11,2026-08-27,2026-08-27T02:30:00+05:30,6E,6E643,ECONOMY,,15,5339,1117,0,6456,INR,,,,94933a993f6b85b9deac6356c1dbaaaac8a9e8cab305f022b819cb666692f2fc,VALID,1.0,,1,2026-08-27T02:30:00+05:30
2b06ac6b42be4c2fa7de611b6dc8f3d0,backfill-20260906-213201,simulator,DEL,BOM,DEL-BOM,2026-09-11,2026-08-27,2026-08-27T02:30:00+05:30,6E,6E838,ECONOMY,,15,5053,1103,0,6156,INR,,,,ebd2b2cb7216bb517dbfc7a6055aa31f1d63a491ed45c8bde156ef5ed1f44beb,VALID,1.0,,1,2026-08-27T02:30:00+05:30
5d0b084e10ef4da08073807568a6a362,backfill-20260906-213201,simulator,DEL,BOM,DEL-BOM,2026-09-11,2026-08-27,2026-08-27T02:30:00+05:30,AI,AI539,ECONOMY,,15,5157,1108,0,6265,INR,,,,a67cda10f46301198b362728bff8bea792221100386a6dd615d9477b379ccf9c,VALID,1.0,,1,2026-08-27T02:30:00+05:30
0f20371b90e746efaf1d57db0e7819b5,backfill-20260906-213201,simulator,DEL,BOM,DEL-BOM,2026-09-11,2026-08-27,2026-08-27T02:30:00+05:30,AI,AI888,ECONOMY,,15,4070,1054,0,5124,INR,,,,141af9e2eafc9334445e0f24aa23e4c7ddbf3dbdfb2fe62fd9dbb52f8d4850e8,VALID,1.0,,1,2026-08-27T02:30:00+05:30
a874eb54a04f4b7b85357a86a6acd64f,backfill-20260906-213201,simulator,DEL,BOM,DEL-BOM,2026-09-11,2026-08-27,2026-08-27T02:30:00+05:30,QP,QP960,ECONOMY,,15,3934,1047,0,4981,INR,,,,eeb6ccae1524d64944b13bd9da955d6bb0c0647dbeed22c5ec963a67096289e2,VALID,1.0,,1,2026-08-27T02:30:00+05:30
2dba572d8cd84fdb8bee4dccdc65b70d,backfill-20260906-213201,simulator,DEL,BOM,DEL-BOM,2026-09-11,2026-08-27,2026-08-27T02:30:00+05:30,SG,SG625,ECONOMY,,15,4125,1056,0,5181,INR,,,,6f1fea396ebd7446f51dc7bbaa6061cdbb8f07cb18f20d92e63f0122cc5e547c,VALID,1.0,,1,2026-08-27T02:30:00+05:30
29ce055e61274adb8a0533483c5f6c22,backfill-20260906-213201,simulator,DEL,BOM,DEL-BOM,2026-09-26,2026-08-27,2026-08-27T02:30:00+05:30,6E,6.00E+245,ECONOMY,,30,3391,1020,0,4411,INR,,,,49b491edbccb1535fcaad75feb9fac3c6f53cd8a8ab37083cc925f2fdc1cb2a7,VALID,1.0,,1,2026-08-27T02:30:00+05:30
f71afc9cc66b454f9ab74c3a45659251,backfill-20260906-213201,simulator,DEL,BOM,DEL-BOM,2026-09-26,2026-08-27,2026-08-27T02:30:00+05:30,6E,6E724,ECONOMY,,30,3699,1035,0,4734,INR,,,,46ba51b38bbf5b786e7656b4374414c145a8926ed2abab371578258bb9f9ce1c,VALID,1.0,,1,2026-08-27T02:30:00+05:30
6519e9cfccc84662b05bc6ab173aeaf2,backfill-20260906-213201,simulator,DEL,BOM,DEL-BOM,2026-09-26,2026-08-27,2026-08-27T02:30:00+05:30,6E,6E874,ECONOMY,,30,3796,1040,0,4836,INR,,,,225c617c1c61eb05971bb94c912725479256fe4a2fb90890e23fefa2ce1ac01d,VALID,1.0,,1,2026-08-27T02:30:00+05:30
ec27a371fd6a4ed7bec5719cf96d5ff4,backfill-20260906-213201,simulator,DEL,BOM,DEL-BOM,2026-09-26,2026-08-27,2026-08-27T02:30:00+05:30,AI,AI509,ECONOMY,,30,4230,1062,0,5292,INR,,,,bcd545108ed5cbe4e92ade24a7208c8229e6723ca67a2247e045c8ccf70ba7f5,VALID,1.0,,1,2026-08-27T02:30:00+05:30
c5376ab8af074126a188d30ce453eeb4,backfill-20260906-213201,simulator,DEL,BOM,DEL-BOM,2026-09-26,2026-08-27,2026-08-27T02:30:00+05:30,AI,AI612,ECONOMY,,30,3923,1046,0,4969,INR,,,,06ce112e163fb01e40fa8871d3053c9210168d162af56e91b16e2af43452cc75,VALID,1.0,,1,2026-08-27T02:30:00+05:30
9247e1fc3f9b4431ae8452117a0a3d54,backfill-20260906-213201,simulator,DEL,BOM,DEL-BOM,2026-09-26,2026-08-27,2026-08-27T02:30:00+05:30,QP,QP785,ECONOMY,,30,3127,1006,0,4133,INR,,,,a4c26c9da6915ae74ec26561416b7ec2861f8b0b9f1c1f2aa99ca53329d9bd38,VALID,1.0,,1,2026-08-27T02:30:00+05:30
9aaffface45146c4b48fa8bad738b2dc,backfill-20260906-213201,simulator,DEL,BOM,DEL-BOM,2026-09-26,2026-08-27,2026-08-27T02:30:00+05:30,SG,SG944,ECONOMY,,30,2906,995,0,3901,INR,,,,46fdf4fcee28d5da7fc9b62ff8d9eb05f4f4f683b920e75d7403acfb759a8f94,VALID,1.0,,1,2026-08-27T02:30:00+05:30
fd8134c0a1d94e7880aa9f51836db50f,backfill-20260906-213201,simulator,DEL,BOM,DEL-BOM,2026-10-11,2026-08-27,2026-08-27T02:30:00+05:30,6E,6.00E+294,ECONOMY,,45,3793,1040,0,4833,INR,,,,7dc740a6bf5571303a9a20a85d285280249131f245a7a34cc77e222dc46ebef6,VALID,1.0,,1,2026-08-27T02:30:00+05:30
73595a84641442f984ec063269933f92,backfill-20260906-213201,simulator,DEL,BOM,DEL-BOM,2026-10-11,2026-08-27,2026-08-27T02:30:00+05:30,6E,6E972,ECONOMY,,45,3874,1044,0,4918,INR,,,,0bd254aac5dcde27f64d6a72fab2b4959fe213cac84d519c6583ef201232ce96,VALID,1.0,,1,2026-08-27T02:30:00+05:30
720185791a514785bb02e32b5c328692,backfill-20260906-213201,simulator,DEL,BOM,DEL-BOM,2026-10-11,2026-08-27,2026-08-27T02:30:00+05:30,6E,6E547,ECONOMY,,45,3293,1015,0,4308,INR,,,,4825ba6f0be8b8d5896b5320514d45608963a0c6f76f597d48c0e619756b5983,VALID,1.0,,1,2026-08-27T02:30:00+05:30
b8a284ff22d046e8985e2592d4276e0d,backfill-20260906-213201,simulator,DEL,BOM,DEL-BOM,2026-10-11,2026-08-27,2026-08-27T02:30:00+05:30,AI,AI575,ECONOMY,,45,3654,1033,0,4687,INR,,,,f520db4d3ee50d534d7406287008e43b95de13e97d6ac6ca04e2a49cbf9c705a,VALID,1.0,,1,2026-08-27T02:30:00+05:30
21bd7563d0ed48a9a5e78348a94304fc,backfill-20260906-213201,simulator,DEL,BOM,DEL-BOM,2026-10-11,2026-08-27,2026-08-27T02:30:00+05:30,AI,AI896,ECONOMY,,45,3983,1049,0,5032,INR,,,,36917592d8553481f85624725408e350c46ffdfff3fd337e4c15bb409ab7d7a8,VALID,1.0,,1,2026-08-27T02:30:00+05:30
b950665ddbed40bc9b9f0f7c338f7c41,backfill-20260906-213201,simulator,DEL,BOM,DEL-BOM,2026-10-11,2026-08-27,2026-08-27T02:30:00+05:30,QP,QP597,ECONOMY,,45,3476,1024,0,4500,INR,,,,dbc3f97b45610ad76b7cf006dcf6b5b3e006ec77ab227aa754ca90430cf5e88d,VALID,1.0,,1,2026-08-27T02:30:00+05:30
bb7d477f7fbc41c499c30ddbc05bfff1,backfill-20260906-213201,simulator,DEL,BOM,DEL-BOM,2026-10-11,2026-08-27,2026-08-27T02:30:00+05:30,SG,SG238,ECONOMY,,45,3702,1035,0,4737,INR,,,,8d12e09195171096e75039b055a2e5d52ddbb30927bc090b0017b0ecc5ab85ac,VALID,1.0,,1,2026-08-27T02:30:00+05:30
d44e217febe04fabbc5296940ab9421b,backfill-20260906-213201,simulator,DEL,BLR,DEL-BLR,2026-08-28,2026-08-27,2026-08-27T02:30:00+05:30,6E,6E445,ECONOMY,,1,11117,1406,0,12523,INR,,,,cace75e17ee1c88791f71101e69ffc442989cc5009d3f696d3829b78b717108a,VALID,1.0,,1,2026-08-27T02:30:00+05:30
f12a1157cd9d4302b185ac6f058379b6,backfill-20260906-213201,simulator,DEL,BLR,DEL-BLR,2026-08-28,2026-08-27,2026-08-27T02:30:00+05:30,6E,6.00E+298,ECONOMY,,1,12939,1497,0,14436,INR,,,,a31ac895c5c2aa668038dc392b0ebccded6f1176a3aed558310583937ee74cc5,VALID,1.0,,1,2026-08-27T02:30:00+05:30
ea301398afc442d7acad24a1258be03c,backfill-20260906-213201,simulator,DEL,BLR,DEL-BLR,2026-08-28,2026-08-27,2026-08-27T02:30:00+05:30,6E,6E600,ECONOMY,,1,10478,1374,0,11852,INR,,,,ff64496f294005e39c6c1eaf5b6dedfff65b1d20f9d849dc0d7886008e416c44,VALID,1.0,,1,2026-08-27T02:30:00+05:30
a1688110d3634faf82807ad0836e9c3e,backfill-20260906-213201,simulator,DEL,BLR,DEL-BLR,2026-08-28,2026-08-27,2026-08-27T02:30:00+05:30,AI,AI885,ECONOMY,,1,11562,1428,0,12990,INR,,,,8b79f8771970c2c9e27bae6b8223d6f3ffbb8c09cb13e6d8ca94bae2761634fc,VALID,1.0,,1,2026-08-27T02:30:00+05:30
6256384b758145af9c3dc54945d861b9,backfill-20260906-213201,simulator,DEL,BLR,DEL-BLR,2026-08-28,2026-08-27,2026-08-27T02:30:00+05:30,AI,AI327,ECONOMY,,1,10669,1383,0,12052,INR,,,,cf951c1b434004a493886fc038303bac1b231f194888b37faf1a1d44e9d4adee,VALID,1.0,,1,2026-08-27T02:30:00+05:30
008ac767e6184da09cb919dd935e35bf,backfill-20260906-213201,simulator,DEL,BLR,DEL-BLR,2026-08-28,2026-08-27,2026-08-27T02:30:00+05:30,QP,QP794,ECONOMY,,1,11530,1426,0,12956,INR,,,,ee7454d51d87a0cb3236774facec98d2f72b40648eaa76c26ae74051df58f7dd,VALID,1.0,,1,2026-08-27T02:30:00+05:30
c35d4a650caf432681a644635018de13,backfill-20260906-213201,simulator,DEL,BLR,DEL-BLR,2026-08-28,2026-08-27,2026-08-27T02:30:00+05:30,SG,SG591,ECONOMY,,1,11376,1419,0,12795,INR,,,,bd64875c623e214dbe7a0973b6339d84e6cbd90ba98fcfe4dcbe443c15e67ec1,VALID,1.0,,1,2026-08-27T02:30:00+05:30
05e22bf093e849c8a7da6b617a02b4ae,backfill-20260906-213201,simulator,DEL,BLR,DEL-BLR,2026-09-03,2026-08-27,2026-08-27T02:30:00+05:30,6E,6E772,ECONOMY,,7,6044,1152,0,7196,INR,,,,dd289e1c33de142f337b0ae0b337a4668f6a020d256f1d2e427e57aff6191a17,VALID,1.0,,1,2026-08-27T02:30:00+05:30
cd6eb4463d3143db8333442c6520fdb2,backfill-20260906-213201,simulator,DEL,BLR,DEL-BLR,2026-09-03,2026-08-27,2026-08-27T02:30:00+05:30,6E,6E395,ECONOMY,,7,6149,1157,0,7306,INR,,,,4f70d0346ab0e6c38b56e4fa5c14ccff515d5c7affa7af92f27d68c3783e6b3f,VALID,1.0,,1,2026-08-27T02:30:00+05:30
1a4ce5341c2246138f21f7eae23374f1,backfill-20260906-213201,simulator,DEL,BLR,DEL-BLR,2026-09-03,2026-08-27,2026-08-27T02:30:00+05:30,6E,6.00E+203,ECONOMY,,7,6253,1163,0,7416,INR,,,,a508eb0f6628148ea57839d1904c7f0cc5e396d0bbc267f29334e903e981cb2f,VALID,1.0,,1,2026-08-27T02:30:00+05:30
6c4491b6f86a470abd2b263c8237a404,backfill-20260906-213201,simulator,DEL,BLR,DEL-BLR,2026-09-03,2026-08-27,2026-08-27T02:30:00+05:30,AI,AI295,ECONOMY,,7,6166,1158,0,7324,INR,,,,04cb865b22936443ca5b1288e22fc098a40941ec35bde2a8180d821f0f3d6d03,VALID,1.0,,1,2026-08-27T02:30:00+05:30
745f28679d6944818ab7e81a372feaed,backfill-20260906-213201,simulator,DEL,BLR,DEL-BLR,2026-09-03,2026-08-27,2026-08-27T02:30:00+05:30,AI,AI870,ECONOMY,,7,7064,1203,0,8267,INR,,,,627ba73eb24b85a865ac56e8100fe524132f4d9b4867c38338e63e1ed28b4d85,VALID,1.0,,1,2026-08-27T02:30:00+05:30
fb73e8bda63d498c9c8a90d24d5af718,backfill-20260906-213201,simulator,DEL,BLR,DEL-BLR,2026-09-03,2026-08-27,2026-08-27T02:30:00+05:30,QP,QP677,ECONOMY,,7,5881,1144,0,7025,INR,,,,44f730b39b033da053bf38e344eb236165e50068cd82b1c62b176a81011628ab,VALID,1.0,,1,2026-08-27T02:30:00+05:30
3f85e3035b284ac89cd9d26eca045e40,backfill-20260906-213201,simulator,DEL,BLR,DEL-BLR,2026-09-03,2026-08-27,2026-08-27T02:30:00+05:30,SG,SG225,ECONOMY,,7,5989,1149,0,7138,INR,,,,729e569140cb44e7dda3131a86ad72b9625aa3c9bd087db435ed06583f644369,VALID,1.0,,1,2026-08-27T02:30:00+05:30
2e053e501a6c481fb894f1816c50a067,backfill-20260906-213201,simulator,DEL,BLR,DEL-BLR,2026-09-11,2026-08-27,2026-08-27T02:30:00+05:30,6E,6.00E+206,ECONOMY,,15,5721,1136,0,6857,INR,,,,f6d8f44e4fd76e1e8da6bffe324c97355b698ad730876d4b3a766a15cee7a902,VALID,1.0,,1,2026-08-27T02:30:00+05:30
b579430feff544b0938997089ca4c4d5,backfill-20260906-213201,simulator,DEL,BLR,DEL-BLR,2026-09-11,2026-08-27,2026-08-27T02:30:00+05:30,6E,6E938,ECONOMY,,15,5738,1137,0,6875,INR,,,,cc212357ea0fd87d3b0498ea710f2db606c8a8625db9dded4b391df9d79d9604,VALID,1.0,,1,2026-08-27T02:30:00+05:30
6e045532e109467c97de9de8ce1ce6fc,backfill-20260906-213201,simulator,DEL,BLR,DEL-BLR,2026-09-11,2026-08-27,2026-08-27T02:30:00+05:30,6E,6.00E+202,ECONOMY,,15,5849,1142,0,6991,INR,,,,85c01e853a0c45ca5f569b425df72b03c5e4d0048ec1e4ba901b042e6ca6ee9b,VALID,1.0,,1,2026-08-27T02:30:00+05:30
1988ed48c1584cb7a9d55864c6f1f830,backfill-20260906-213201,simulator,DEL,BLR,DEL-BLR,2026-09-11,2026-08-27,2026-08-27T02:30:00+05:30,AI,AI344,ECONOMY,,15,5874,1144,0,7018,INR,,,,991f1f300cd8d0f476a6a657ce0f76ac656668c5838202ac821a77deeaf4da20,VALID,1.0,,1,2026-08-27T02:30:00+05:30
cdb74c3c9f2d47d995acb4a6cf5f72b1,backfill-20260906-213201,simulator,DEL,BLR,DEL-BLR,2026-09-11,2026-08-27,2026-08-27T02:30:00+05:30,AI,AI841,ECONOMY,,15,6232,1162,0,7394,INR,,,,f0d36cb7d1b918e1a4afad7ab7c9260d8f25750bdf797b538aa44def43c2062e,VALID,1.0,,1,2026-08-27T02:30:00+05:30
f3cd5c3d51af476287f5dcd7ee603499,backfill-20260906-213201,simulator,DEL,BLR,DEL-BLR,2026-09-11,2026-08-27,2026-08-27T02:30:00+05:30,QP,QP915,ECONOMY,,15,4989,1099,0,6088,INR,,,,9cf19ad1760d995d3ea34c280bdb56f43ab7162a554d2f157e10f28e6927846a,VALID,1.0,,1,2026-08-27T02:30:00+05:30
bdebbedd70a8432b8932683284ed6288,backfill-20260906-213201,simulator,DEL,BLR,DEL-BLR,2026-09-11,2026-08-27,2026-08-27T02:30:00+05:30,SG,SG226,ECONOMY,,15,5428,1121,0,6549,INR,,,,9f198753b34489860497ab65a4ff827dec2012f3d5c3c65c4b16d189fc4ff6fc,VALID,1.0,,1,2026-08-27T02:30:00+05:30
d618fec70834442390d067d55e50045f,backfill-20260906-213201,simulator,DEL,BLR,DEL-BLR,2026-09-26,2026-08-27,2026-08-27T02:30:00+05:30,6E,6.00E+246,ECONOMY,,30,3696,1035,0,4731,INR,,,,2eee226bbdf759edb81e715043ca3b0f41fb81ea1365689540e95270c2d9bfcb,VALID,1.0,,1,2026-08-27T02:30:00+05:30
d24ba6daebbc45bebfe52127de6d73f2,backfill-20260906-213201,simulator,DEL,BLR,DEL-BLR,2026-09-26,2026-08-27,2026-08-27T02:30:00+05:30,6E,6E723,ECONOMY,,30,4029,1051,0,5080,INR,,,,5bcbb28262b5d8784a6b587ffe374f06a85aa5050811b3e6dc622f298d0486fe,VALID,1.0,,1,2026-08-27T02:30:00+05:30
210302f7a6f84484a91cb80609a94f06,backfill-20260906-213201,simulator,DEL,BLR,DEL-BLR,2026-09-26,2026-08-27,2026-08-27T02:30:00+05:30,6E,6E503,ECONOMY,,30,3923,1046,0,4969,INR,,,,834ed7a86894486d0c1fd1285ef45e16d14c7ffe0338575bd7dcafa083f520d6,VALID,1.0,,1,2026-08-27T02:30:00+05:30
67911681a99b433bbffec84632960098,backfill-20260906-213201,simulator,DEL,BLR,DEL-BLR,2026-09-26,2026-08-27,2026-08-27T02:30:00+05:30,AI,AI782,ECONOMY,,30,3936,1047,0,4983,INR,,,,9c91b94401487b97664fb6220c7646289a47701b7cc5335642caa325a8561698,VALID,1.0,,1,2026-08-27T02:30:00+05:30
c114f0ab77804c32bdadf4374252da5d,backfill-20260906-213201,simulator,DEL,BLR,DEL-BLR,2026-09-26,2026-08-27,2026-08-27T02:30:00+05:30,AI,AI927,ECONOMY,,30,4519,1076,0,5595,INR,,,,adae1b2576c2a0df8c98ffaed159d69188efc39367a28efc860d95ad3a6b05e5,VALID,1.0,,1,2026-08-27T02:30:00+05:30
9131f7ab87184650bea8c8135e3b72a2,backfill-20260906-213201,simulator,DEL,BLR,DEL-BLR,2026-09-26,2026-08-27,2026-08-27T02:30:00+05:30,QP,QP335,ECONOMY,,30,4463,1073,0,5536,INR,,,,d51c8fdf52d8b193ca60225db6fd5825b4754e18b9fe449e5cdfa8cd107071f7,VALID,1.0,,1,2026-08-27T02:30:00+05:30
2336a056217f4b99b77dd61012f7fdbc,backfill-20260906-213201,simulator,DEL,BLR,DEL-BLR,2026-09-26,2026-08-27,2026-08-27T02:30:00+05:30,SG,SG347,ECONOMY,,30,3795,1040,0,4835,INR,,,,4bc341c5933cc4f6f6cef393252610655c162750f3e111a056b9404e87719ece,VALID,1.0,,1,2026-08-27T02:30:00+05:30
800425f3895446da87ef122201acf5ca,backfill-20260906-213201,simulator,DEL,BLR,DEL-BLR,2026-10-11,2026-08-27,2026-08-27T02:30:00+05:30,6E,6E897,ECONOMY,,45,4343,1067,0,5410,INR,,,,52d74d68c409b97ceef01113aa3fafa9385f1d3e5482a89126ffb2ace3d491fa,VALID,1.0,,1,2026-08-27T02:30:00+05:30
bd834af692b64a269cac07018d771a31,backfill-20260906-213201,simulator,DEL,BLR,DEL-BLR,2026-10-11,2026-08-27,2026-08-27T02:30:00+05:30,6E,6E992,ECONOMY,,45,3581,1029,0,4610,INR,,,,3ae5e772544b841146598e3b0d9b15648465a6946384703cebbbe554f3932d00,VALID,1.0,,1,2026-08-27T02:30:00+05:30
560edbfec59442f699c43753fe44f361,backfill-20260906-213201,simulator,DEL,BLR,DEL-BLR,2026-10-11,2026-08-27,2026-08-27T02:30:00+05:30,6E,6E326,ECONOMY,,45,5416,1121,0,6537,INR,,,,a92a7cbc30404396faa75a740bcf8f6e82ceff8a3329ec6e329b1c7efa5df417,VALID,1.0,,1,2026-08-27T02:30:00+05:30
24890a4866a54e719684d2608f1dbf95,backfill-20260906-213201,simulator,DEL,BLR,DEL-BLR,2026-10-11,2026-08-27,2026-08-27T02:30:00+05:30,AI,AI890,ECONOMY,,45,4886,1094,0,5980,INR,,,,137008ff9cb2dc1122cb0620dc6d5afaa67cbc70c517746c1612380cce5f9a16,VALID,1.0,,1,2026-08-27T02:30:00+05:30
f2aaed91d68a411db242806ff239ba2a,backfill-20260906-213201,simulator,DEL,BLR,DEL-BLR,2026-10-11,2026-08-27,2026-08-27T02:30:00+05:30,AI,AI911,ECONOMY,,45,4442,1072,0,5514,INR,,,,519c9a63bb6cf27cb20535d7f632fdb042b396722aea37fed4f976aebd7e02ea,VALID,1.0,,1,2026-08-27T02:30:00+05:30
fc3a00b2356f4e5eb6d0ac4127fb7c7f,backfill-20260906-213201,simulator,DEL,BLR,DEL-BLR,2026-10-11,2026-08-27,2026-08-27T02:30:00+05:30,QP,QP675,ECONOMY,,45,4084,1054,0,5138,INR,,,,613b46ac2e769de7c6efe7b2f5da9b116e5b78307b548af4808eeb90b6407191,VALID,1.0,,1,2026-08-27T02:30:00+05:30
6eacd0532759404faf9758a843c35d73,backfill-20260906-213201,simulator,DEL,BLR,DEL-BLR,2026-10-11,2026-08-27,2026-08-27T02:30:00+05:30,SG,SG957,ECONOMY,,45,3796,1040,0,4836,INR,,,,454c1a5371255247198d6b523a50211e315d8e3b27a1e5e37cdcf69c0f35a3d2,VALID,1.0,,1,2026-08-27T02:30:00+05:30
e3e612d4d957470184b3d5a8fb36740e,backfill-20260906-213201,simulator,DEL,BOM,DEL-BOM,2026-08-29,2026-08-28,2026-08-28T02:30:00+05:30,6E,6E513,ECONOMY,,1,8985,1299,0,10284,INR,,,,58ae7ab408ae2d769b437ed6d38b86be53f96b5d0e71fb46f1244984a2896b26,VALID,1.0,,1,2026-08-28T02:30:00+05:30
f848ec64dc2047c6a09a1939464ec71b,backfill-20260906-213201,simulator,DEL,BOM,DEL-BOM,2026-08-29,2026-08-28,2026-08-28T02:30:00+05:30,6E,6E323,ECONOMY,,1,8537,1277,0,9814,INR,,,,9e9d8abb5d4e6792a999cd3fd132d5368397e593b3bf80f84d33a640bc8e8ffd,VALID,1.0,,1,2026-08-28T02:30:00+05:30
7ae27e2512e8460c838717519ad8751c,backfill-20260906-213201,simulator,DEL,BOM,DEL-BOM,2026-08-29,2026-08-28,2026-08-28T02:30:00+05:30,AI,AI781,ECONOMY,,1,8589,1279,0,9868,INR,,,,88b608f2a7c4055ec04b76c21f32a7bb5987145f7deee8646a17d1549137ab7d,VALID,1.0,,1,2026-08-28T02:30:00+05:30
c3faec4b11504f6b8539c75fe5a260e4,backfill-20260906-213201,simulator,DEL,BOM,DEL-BOM,2026-08-29,2026-08-28,2026-08-28T02:30:00+05:30,AI,AI871,ECONOMY,,1,9403,1320,0,10723,INR,,,,9dba574029a9587a1542db5a2185e2fcfd6c5e7575c49a84f805c52e70b4751d,VALID,1.0,,1,2026-08-28T02:30:00+05:30
419e535d938f4c578fbab29396aac5b0,backfill-20260906-213201,simulator,DEL,BOM,DEL-BOM,2026-08-29,2026-08-28,2026-08-28T02:30:00+05:30,QP,QP580,ECONOMY,,1,9236,1312,0,10548,INR,,,,6423286a38be0af341d7845ba8c039b889b988cdfb9074808ed42cd9e1725776,VALID,1.0,,1,2026-08-28T02:30:00+05:30
6514741930094d7c97bbd20259db1a4e,backfill-20260906-213201,simulator,DEL,BOM,DEL-BOM,2026-09-04,2026-08-28,2026-08-28T02:30:00+05:30,6E,6E531,ECONOMY,,7,6440,1172,0,7612,INR,,,,dea7aa51d17ce1c18fb114f0a3c7fb044bd7d0e9db53e3722b1e6204b9416d2c,VALID,1.0,,1,2026-08-28T02:30:00+05:30
fd3667433c514006a83c13d75d76c6fb,backfill-20260906-213201,simulator,DEL,BOM,DEL-BOM,2026-09-04,2026-08-28,2026-08-28T02:30:00+05:30,6E,6.00E+281,ECONOMY,,7,6206,1160,0,7366,INR,,,,4ea9d4012f058864f693955639cd8f7c3da10093986d42b5303c4de487ea9f58,VALID,1.0,,1,2026-08-28T02:30:00+05:30
5f13fc383b7e43ce94a6063a4cee8a1c,backfill-20260906-213201,simulator,DEL,BOM,DEL-BOM,2026-09-04,2026-08-28,2026-08-28T02:30:00+05:30,6E,6E479,ECONOMY,,7,6083,1154,0,7237,INR,,,,c1ad462b3bbda008d3f97ccf3391367275504fc66bc331eb1aad23aac06ecd5f,VALID,1.0,,1,2026-08-28T02:30:00+05:30
e23d93ec2f234444894ab34274465e81,backfill-20260906-213201,simulator,DEL,BOM,DEL-BOM,2026-09-04,2026-08-28,2026-08-28T02:30:00+05:30,AI,AI240,ECONOMY,,7,6268,1163,0,7431,INR,,,,c41abf2012548fdaf94ed562cdbaa363c1982f0ca73a04b90293197319858514,VALID,1.0,,1,2026-08-28T02:30:00+05:30
ae038fc3ae8b4b6a8d92331eae081f09,backfill-20260906-213201,simulator,DEL,BOM,DEL-BOM,2026-09-04,2026-08-28,2026-08-28T02:30:00+05:30,AI,AI764,ECONOMY,,7,5849,1142,0,6991,INR,,,,4b65b202aa2a27177caf21d3e3ea7b05592d4e3d7c26c9ad4e90b75fa89baa7a,VALID,1.0,,1,2026-08-28T02:30:00+05:30
2b174ab6aa4a430aa859be10f76da6f2,backfill-20260906-213201,simulator,DEL,BOM,DEL-BOM,2026-09-04,2026-08-28,2026-08-28T02:30:00+05:30,QP,QP350,ECONOMY,,7,5237,1112,0,6349,INR,,,,2a8ad3e8c274353447a3bfd8e98125adbce79addf39e8a7aa12ca6d9f39400dd,VALID,1.0,,1,2026-08-28T02:30:00+05:30
9dc04da578a84a6eba88e0134baffb10,backfill-20260906-213201,simulator,DEL,BOM,DEL-BOM,2026-09-04,2026-08-28,2026-08-28T02:30:00+05:30,SG,SG919,ECONOMY,,7,4818,1091,0,5909,INR,,,,cd3959593928d85b38e3a4526cdd7c22b335adda8a9f4c3c2aec2755ebd3e953,VALID,1.0,,1,2026-08-28T02:30:00+05:30
e30a48c2351a49e6a04e06c839c63725,backfill-20260906-213201,simulator,DEL,BOM,DEL-BOM,2026-09-12,2026-08-28,2026-08-28T02:30:00+05:30,6E,6E839,ECONOMY,,15,4186,1059,0,5245,INR,,,,524fdb669c088fc9a0cc223f277971ae0aff01440877f7c4050446504bae4844,VALID,1.0,,1,2026-08-28T02:30:00+05:30
b34ca6bf57bc4308b871aa60d21b6963,backfill-20260906-213201,simulator,DEL,BOM,DEL-BOM,2026-09-12,2026-08-28,2026-08-28T02:30:00+05:30,6E,6E899,ECONOMY,,15,4165,1058,0,5223,INR,,,,8b9fd6272bde50c77dcb2b34a5553f0eb1cc4ffce2f2d823fea32f6637c0237b,VALID,1.0,,1,2026-08-28T02:30:00+05:30
2cedc7981b564751bd7b5200d7ae0e75,backfill-20260906-213201,simulator,DEL,BOM,DEL-BOM,2026-09-12,2026-08-28,2026-08-28T02:30:00+05:30,6E,6E454,ECONOMY,,15,4200,1060,0,5260,INR,,,,6621c82775a2d07f5a224d4fb8de75bd0103c9aa01006005e5a1971ad0df0a80,VALID,1.0,,1,2026-08-28T02:30:00+05:30
88b3040656174e11b2350ab1c70b8c0b,backfill-20260906-213201,simulator,DEL,BOM,DEL-BOM,2026-09-12,2026-08-28,2026-08-28T02:30:00+05:30,AI,AI612,ECONOMY,,15,4397,1070,0,5467,INR,,,,acce2343ebd62b1a8f4701df58ad1d62b84f8822df22c3d7ebd7e4d8487e7545,VALID,1.0,,1,2026-08-28T02:30:00+05:30
c8d58c89cad24efca471258b629f14b0,backfill-20260906-213201,simulator,DEL,BOM,DEL-BOM,2026-09-12,2026-08-28,2026-08-28T02:30:00+05:30,AI,AI433,ECONOMY,,15,4201,1060,0,5261,INR,,,,51b613495d5cb7d42c3df7cea2d92c5fb117e21f52b666233c01d218aceadeb1,VALID,1.0,,1,2026-08-28T02:30:00+05:30
dc436df929b24030ae955217b105811a,backfill-20260906-213201,simulator,DEL,BOM,DEL-BOM,2026-09-12,2026-08-28,2026-08-28T02:30:00+05:30,QP,QP909,ECONOMY,,15,4097,1055,0,5152,INR,,,,b25dabdef0ce59eeb306450b6473e0bb29399e238dd761fd1bbfe2d85d22773b,VALID,1.0,,1,2026-08-28T02:30:00+05:30
f3c490de36c54df1a7c6a97b9c0b8802,backfill-20260906-213201,simulator,DEL,BOM,DEL-BOM,2026-09-12,2026-08-28,2026-08-28T02:30:00+05:30,SG,SG256,ECONOMY,,15,4166,1058,0,5224,INR,,,,371a808e9e4ae9eb1c4a08a63ee461e7eeee1adfa3aeabe5f60273c8295acc21,VALID,1.0,,1,2026-08-28T02:30:00+05:30
cceec33d5c4c4fdfa705350e22854ce2,backfill-20260906-213201,simulator,DEL,BOM,DEL-BOM,2026-09-27,2026-08-28,2026-08-28T02:30:00+05:30,6E,6E572,ECONOMY,,30,4515,1076,0,5591,INR,,,,d0968ea79abd4dcdfc30b0d035a552ee7fb54392ebe6dda4251ad961b8399ec2,VALID,1.0,,1,2026-08-28T02:30:00+05:30
ea86eb5526604d1287346ede9a2bcd03,backfill-20260906-213201,simulator,DEL,BOM,DEL-BOM,2026-09-27,2026-08-28,2026-08-28T02:30:00+05:30,6E,6E516,ECONOMY,,30,4126,1056,0,5182,INR,,,,0a58b9ce2ab77d98cf221114e5cb441e1a2a9822d1100972486135dec0605b8b,VALID,1.0,,1,2026-08-28T02:30:00+05:30
95918a304d044e2f8cee860972533a7c,backfill-20260906-213201,simulator,DEL,BOM,DEL-BOM,2026-09-27,2026-08-28,2026-08-28T02:30:00+05:30,6E,6E391,ECONOMY,,30,4650,1082,0,5732,INR,,,,f18adb842d58cd8b4c89fc5e0fde731ec8d3f07d69ee91d8e4c215fd8bdc9846,VALID,1.0,,1,2026-08-28T02:30:00+05:30
57d41a2999e94769bc36b8c0f8bc50f2,backfill-20260906-213201,simulator,DEL,BOM,DEL-BOM,2026-09-27,2026-08-28,2026-08-28T02:30:00+05:30,AI,AI750,ECONOMY,,30,3809,1040,0,4849,INR,,,,99e206f2d3cfa6a0cfed48e066addf3e643117b0fc2790c935e1f8fced891d62,VALID,1.0,,1,2026-08-28T02:30:00+05:30
b13ae04bfe264040b701a70649305c89,backfill-20260906-213201,simulator,DEL,BOM,DEL-BOM,2026-09-27,2026-08-28,2026-08-28T02:30:00+05:30,AI,AI356,ECONOMY,,30,4672,1084,0,5756,INR,,,,0241538803558172a001fd217f240710ab8001f16bc6f0deef25fb92c775d760,VALID,1.0,,1,2026-08-28T02:30:00+05:30
fdf30b9c67ba4fc387a3bbd5faaa5167,backfill-20260906-213201,simulator,DEL,BOM,DEL-BOM,2026-09-27,2026-08-28,2026-08-28T02:30:00+05:30,QP,QP515,ECONOMY,,30,4685,1084,0,5769,INR,,,,90602f0a3d09eadabac41e737a01b2752f4b55f41608dff55210070af0fa5f04,VALID,1.0,,1,2026-08-28T02:30:00+05:30
323c3338b21b4e7384ef5eb7cac19cd5,backfill-20260906-213201,simulator,DEL,BOM,DEL-BOM,2026-09-27,2026-08-28,2026-08-28T02:30:00+05:30,SG,SG512,ECONOMY,,30,3981,1049,0,5030,INR,,,,0248cfaaaf541682288035aa12244be3f915de9b0ba8d901f8890105f49e5c91,VALID,1.0,,1,2026-08-28T02:30:00+05:30
9c161baec96640b485d9b9cde9133ff8,backfill-20260906-213201,simulator,DEL,BOM,DEL-BOM,2026-10-12,2026-08-28,2026-08-28T02:30:00+05:30,6E,6E995,ECONOMY,,45,2650,982,0,3632,INR,,,,c4bb583f2580cc2fceebb48b346cae107a9e12827f2f535d27479b678bd7abf1,VALID,1.0,,1,2026-08-28T02:30:00+05:30
15a46c1fa3e54c3c83ca490c55bccae9,backfill-20260906-213201,simulator,DEL,BOM,DEL-BOM,2026-10-12,2026-08-28,2026-08-28T02:30:00+05:30,6E,6E602,ECONOMY,,45,3054,1003,0,4057,INR,,,,54ff5b73241f7f2cf00b4a04d70be526dd0cf529f13ba806abd88430a41df4f2,VALID,1.0,,1,2026-08-28T02:30:00+05:30
1715ceb273ae47d9b3b1d49c1eb45409,backfill-20260906-213201,simulator,DEL,BOM,DEL-BOM,2026-10-12,2026-08-28,2026-08-28T02:30:00+05:30,6E,6E446,ECONOMY,,45,3306,1015,0,4321,INR,,,,82f8073c0deaa455d6bf00e7c1a10065136e737bf0e341c0fb2711ea5eb726df,VALID,1.0,,1,2026-08-28T02:30:00+05:30
c30662d9e0bf444ea4a02f2874801835,backfill-20260906-213201,simulator,DEL,BOM,DEL-BOM,2026-10-12,2026-08-28,2026-08-28T02:30:00+05:30,AI,AI913,ECONOMY,,45,3795,1040,0,4835,INR,,,,9c6b4898f3b88c0d86c4c0fc15eb837d89805206f06e6ea100c43f31db93d682,VALID,1.0,,1,2026-08-28T02:30:00+05:30
8570ac63748f4004a7b9cc966a5cd1f9,backfill-20260906-213201,simulator,DEL,BOM,DEL-BOM,2026-10-12,2026-08-28,2026-08-28T02:30:00+05:30,AI,AI590,ECONOMY,,45,3432,1022,0,4454,INR,,,,df91263f9103df02f7d183a7f5aacc476a64d6681107006f679e1f220827ab1b,VALID,1.0,,1,2026-08-28T02:30:00+05:30
e21654c094b749a9b48f86949bbcd322,backfill-20260906-213201,simulator,DEL,BOM,DEL-BOM,2026-10-12,2026-08-28,2026-08-28T02:30:00+05:30,QP,QP475,ECONOMY,,45,3428,1021,0,4449,INR,,,,29beb1b0b000a6a9496a9f6a03b1d1475c4e35598d2e718b9d040a2deac7a539,VALID,1.0,,1,2026-08-28T02:30:00+05:30
7a6cf4ce94c7490b8a2c302b9f583f6e,backfill-20260906-213201,simulator,DEL,BOM,DEL-BOM,2026-10-12,2026-08-28,2026-08-28T02:30:00+05:30,SG,SG217,ECONOMY,,45,2839,992,0,3831,INR,,,,7de2e0e4ee04d45d5d83e240af302a6af7cef4948659c15ce23e777d6394ff01,VALID,1.0,,1,2026-08-28T02:30:00+05:30
d5e27044bfad45b0b12e4b0580eba795,backfill-20260906-213201,simulator,DEL,BLR,DEL-BLR,2026-08-29,2026-08-28,2026-08-28T02:30:00+05:30,6E,6E833,ECONOMY,,1,8962,1298,0,10260,INR,,,,b62db7868a42736f5649ea20c10ba5aa05a984697c425110a90a91ccd46f04ce,VALID,1.0,,1,2026-08-28T02:30:00+05:30
b75211cc5fc64893b8c4fff76080adb1,backfill-20260906-213201,simulator,DEL,BLR,DEL-BLR,2026-08-29,2026-08-28,2026-08-28T02:30:00+05:30,6E,6E503,ECONOMY,,1,10635,1382,0,12017,INR,,,,afb7301ed061e1e98cc3afe2a58af8e875a1a51cee325b0ece40f84ad3b741f1,VALID,1.0,,1,2026-08-28T02:30:00+05:30
61a0c30876ee47ffbb1dafe466838ae8,backfill-20260906-213201,simulator,DEL,BLR,DEL-BLR,2026-08-29,2026-08-28,2026-08-28T02:30:00+05:30,6E,6E823,ECONOMY,,1,9410,1320,0,10730,INR,,,,a22026576b00762b84186b2b0c4077cfd24433d22a5e15b3ff0f8c98dbd668ca,VALID,1.0,,1,2026-08-28T02:30:00+05:30
c3fe80602d8e44f3b160b74eff627ddb,backfill-20260906-213201,simulator,DEL,BLR,DEL-BLR,2026-08-29,2026-08-28,2026-08-28T02:30:00+05:30,AI,AI327,ECONOMY,,1,12076,1454,0,13530,INR,,,,c980c84372a03b68ffdb74c41001cadab0ef181af189db3927cc00e0ec498993,VALID,1.0,,1,2026-08-28T02:30:00+05:30
652b46f28b45480db74c11324f8b9f64,backfill-20260906-213201,simulator,DEL,BLR,DEL-BLR,2026-08-29,2026-08-28,2026-08-28T02:30:00+05:30,AI,AI731,ECONOMY,,1,10123,1356,0,11479,INR,,,,cb5a8262e89aba50b447bf573bcb77b3fa6704a9c9965a40de1c8f2c2adcde7d,VALID,1.0,,1,2026-08-28T02:30:00+05:30
e8abbe23f81e41a092e52b2d41463253,backfill-20260906-213201,simulator,DEL,BLR,DEL-BLR,2026-08-29,2026-08-28,2026-08-28T02:30:00+05:30,QP,QP828,ECONOMY,,1,8547,1277,0,9824,INR,,,,3501da509a841d06005cb5a288f61764d978082f72913535f3836e6d904ecc68,VALID,1.0,,1,2026-08-28T02:30:00+05:30
729a2ea6510149c6ae310dd8bb068b14,backfill-20260906-213201,simulator,DEL,BLR,DEL-BLR,2026-08-29,2026-08-28,2026-08-28T02:30:00+05:30,SG,SG518,ECONOMY,,1,7179,1209,0,8388,INR,,,,c5c810246a91fc4cf1e3abcb338a8f7c15f486c4b306d53e657f606008ddfb53,VALID,1.0,,1,2026-08-28T02:30:00+05:30
c48baf4535c14816921e2576df3f4dea,backfill-20260906-213201,simulator,DEL,BLR,DEL-BLR,2026-09-04,2026-08-28,2026-08-28T02:30:00+05:30,6E,6.00E+229,ECONOMY,,7,6754,1188,0,7942,INR,,,,fbf8422ad40bafca41c1f8e3d997fddbbfa005cb4f4b2cd08db6a622fef197ea,VALID,1.0,,1,2026-08-28T02:30:00+05:30
eac6c45fe728418dafadec9c23656043,backfill-20260906-213201,simulator,DEL,BLR,DEL-BLR,2026-09-04,2026-08-28,2026-08-28T02:30:00+05:30,6E,6E920,ECONOMY,,7,6599,1180,0,7779,INR,,,,4d8eee52e79a1ab6dc779f7fe92b938ee70771fe30656cb6f4a83f0e8f1fcd18,VALID,1.0,,1,2026-08-28T02:30:00+05:30
866c9691effa4109be2fd2df15652c27,backfill-20260906-213201,simulator,DEL,BLR,DEL-BLR,2026-09-04,2026-08-28,2026-08-28T02:30:00+05:30,6E,6.00E+249,ECONOMY,,7,6709,1185,0,7894,INR,,,,6c2e3af6813761caf33046ecc4224642ec171c96d4ef8f117eff3e1af6fcc00a,VALID,1.0,,1,2026-08-28T02:30:00+05:30
bf63a235cc6143dea3d1ed501182aeb3,backfill-20260906-213201,simulator,DEL,BLR,DEL-BLR,2026-09-04,2026-08-28,2026-08-28T02:30:00+05:30,AI,AI206,ECONOMY,,7,7806,1240,0,9046,INR,,,,6e3768ff23054788c0d4ad39d7022f10e8fa6ae9d8b84d1451aa4863efecba74,VALID,1.0,,1,2026-08-28T02:30:00+05:30
a5805d33491b46f2a9cc6ecf515c1b1b,backfill-20260906-213201,simulator,DEL,BLR,DEL-BLR,2026-09-04,2026-08-28,2026-08-28T02:30:00+05:30,AI,AI567,ECONOMY,,7,7544,1227,0,8771,INR,,,,e43c7d061bf0f7e251f9f24ecb6d664c4700fa49e54adf754aca05f488261f68,VALID,1.0,,1,2026-08-28T02:30:00+05:30
ee1ac553036444dc910ab82d2a6642c7,backfill-20260906-213201,simulator,DEL,BLR,DEL-BLR,2026-09-04,2026-08-28,2026-08-28T02:30:00+05:30,QP,QP602,ECONOMY,,7,6224,1161,0,7385,INR,,,,2721d540bd731f798f9bf55fa069bd91210a1aab38148096619e7b051f4c53d2,VALID,1.0,,1,2026-08-28T02:30:00+05:30
265785e3e7574341b7c542e562a91a9b,backfill-20260906-213201,simulator,DEL,BLR,DEL-BLR,2026-09-04,2026-08-28,2026-08-28T02:30:00+05:30,SG,SG898,ECONOMY,,7,5817,1141,0,6958,INR,,,,78639b102eae72216c2bcac43a52ce97a456c10670b2b6073e8dd45a9baa9261,VALID,1.0,,1,2026-08-28T02:30:00+05:30
573533c189a64c509f1dbed616b523fc,backfill-20260906-213201,simulator,DEL,BLR,DEL-BLR,2026-09-12,2026-08-28,2026-08-28T02:30:00+05:30,6E,6E704,ECONOMY,,15,4873,1094,0,5967,INR,,,,ef3232da80b65e3484f6e6dcfc3083a8d62c9a5ec3c476f484ffb12c6b77090f,VALID,1.0,,1,2026-08-28T02:30:00+05:30
6fd72f9ca8ad437fb7b4cc91d0d8402d,backfill-20260906-213201,simulator,DEL,BLR,DEL-BLR,2026-09-12,2026-08-28,2026-08-28T02:30:00+05:30,6E,6E340,ECONOMY,,15,4651,1083,0,5734,INR,,,,f2dff6a1c9ecf06d370aa4197c5bd61e93926e9cfbb0dc7e165db0b601da11f4,VALID,1.0,,1,2026-08-28T02:30:00+05:30
5ce37a4547344e01b23aaaa3b8ea5268,backfill-20260906-213201,simulator,DEL,BLR,DEL-BLR,2026-09-12,2026-08-28,2026-08-28T02:30:00+05:30,6E,6E727,ECONOMY,,15,5266,1113,0,6379,INR,,,,29cb3cf8d4142bf1a103147c848b970baf8d11cea69def750538d290cb939b5e,VALID,1.0,,1,2026-08-28T02:30:00+05:30
63677a5556a146b8af888621efb4d113,backfill-20260906-213201,simulator,DEL,BLR,DEL-BLR,2026-09-12,2026-08-28,2026-08-28T02:30:00+05:30,AI,AI472,ECONOMY,,15,4934,1097,0,6031,INR,,,,ec80a3c430f12b7c21134ff06b80971184198319dad53c8e6c339294b0bf5a0b,VALID,1.0,,1,2026-08-28T02:30:00+05:30
0b79535e06a04acdacee8a9d676c2689,backfill-20260906-213201,simulator,DEL,BLR,DEL-BLR,2026-09-12,2026-08-28,2026-08-28T02:30:00+05:30,AI,AI325,ECONOMY,,15,6052,1153,0,7205,INR,,,,35004bf168e9182d03126ff9f0c8a65be0ad04adfee62913e527b9ba82ca731d,VALID,1.0,,1,2026-08-28T02:30:00+05:30
fc7838d85c054bbc91f84787ecb47c2f,backfill-20260906-213201,simulator,DEL,BLR,DEL-BLR,2026-09-12,2026-08-28,2026-08-28T02:30:00+05:30,QP,QP408,ECONOMY,,15,3983,1049,0,5032,INR,,,,c9ae8aeaabe2855a3951eae89e24a45455c8f7fe871db71f56cc9ff885e9d91f,VALID,1.0,,1,2026-08-28T02:30:00+05:30
61e4c5c5ad0045d59bf882340f2b8982,backfill-20260906-213201,simulator,DEL,BLR,DEL-BLR,2026-09-12,2026-08-28,2026-08-28T02:30:00+05:30,SG,SG420,ECONOMY,,15,4570,1079,0,5649,INR,,,,44b44d4168101d73f73677255cf014d5acd2d6ff401d8c7de238ffe8fc530e38,VALID,1.0,,1,2026-08-28T02:30:00+05:30
174288f916cc469db5661314d4388e67,backfill-20260906-213201,simulator,DEL,BLR,DEL-BLR,2026-09-27,2026-08-28,2026-08-28T02:30:00+05:30,6E,6E652,ECONOMY,,30,4674,1084,0,5758,INR,,,,553550ef3cd34b758c0ce597bc442ea5717fa304866d3f77b5ccced5d8d2d771,VALID,1.0,,1,2026-08-28T02:30:00+05:30
433ad598416740c4898ff1308824ff95,backfill-20260906-213201,simulator,DEL,BLR,DEL-BLR,2026-09-27,2026-08-28,2026-08-28T02:30:00+05:30,6E,6E746,ECONOMY,,30,4587,1079,0,5666,INR,,,,03d27fcc1772ce574629ec5cee8e780bd68fb970ba19ed4ed71366dc98cde881,VALID,1.0,,1,2026-08-28T02:30:00+05:30
e2ed93e3968644899caf52f4f912aef1,backfill-20260906-213201,simulator,DEL,BLR,DEL-BLR,2026-09-27,2026-08-28,2026-08-28T02:30:00+05:30,6E,6E879,ECONOMY,,30,4461,1073,0,5534,INR,,,,8fd174d8c25439510da115e751618b1a34877428a13a6fe8444a0be2ad7ea01d,VALID,1.0,,1,2026-08-28T02:30:00+05:30
f87c218070014473b89e13178c67c747,backfill-20260906-213201,simulator,DEL,BLR,DEL-BLR,2026-09-27,2026-08-28,2026-08-28T02:30:00+05:30,AI,AI551,ECONOMY,,30,4950,1098,0,6048,INR,,,,10ce04d1ab8448ff7cf9c0cbc9b62442ef0a22c68200478ccbcdd618379a476b,VALID,1.0,,1,2026-08-28T02:30:00+05:30
0424e31a82f74d149940c43c2e345407,backfill-20260906-213201,simulator,DEL,BLR,DEL-BLR,2026-09-27,2026-08-28,2026-08-28T02:30:00+05:30,AI,AI951,ECONOMY,,30,5166,1108,0,6274,INR,,,,0c3c136cbc215bd6c2c99670ef38e7bbcf2c3a5448c301a647aa5bd016567b52,VALID,1.0,,1,2026-08-28T02:30:00+05:30
e74a7e0be4c0482bb37a3c1e3deb23dd,backfill-20260906-213201,simulator,DEL,BLR,DEL-BLR,2026-09-27,2026-08-28,2026-08-28T02:30:00+05:30,QP,QP200,ECONOMY,,30,3870,1044,0,4914,INR,,,,de6b7493a4af4413ea8fb21680345b4c3fd61f701737acb3e1e0d50cf133e026,VALID,1.0,,1,2026-08-28T02:30:00+05:30
55a50ecd05b14859a64db2966fa2397d,backfill-20260906-213201,simulator,DEL,BLR,DEL-BLR,2026-09-27,2026-08-28,2026-08-28T02:30:00+05:30,SG,SG730,ECONOMY,,30,4591,1080,0,5671,INR,,,,f1a970bc22aa07f85c14dbd8fa8cdc977fb5640703ea9c832cef139836335864,VALID,1.0,,1,2026-08-28T02:30:00+05:30
f8a2e9db56ac474b82f062fdbb65d0ce,backfill-20260906-213201,simulator,DEL,BLR,DEL-BLR,2026-10-12,2026-08-28,2026-08-28T02:30:00+05:30,6E,6E763,ECONOMY,,45,3779,1039,0,4818,INR,,,,db971f6b3f02dca03b3bdefd43f16725241e7b16d7c9c43fcd92f2da78345c96,VALID,1.0,,1,2026-08-28T02:30:00+05:30
053a311759904dc29d34abee8713a09a,backfill-20260906-213201,simulator,DEL,BLR,DEL-BLR,2026-10-12,2026-08-28,2026-08-28T02:30:00+05:30,6E,6E833,ECONOMY,,45,4062,1053,0,5115,INR,,,,80f8cd82e2a5fa64f0f2a4c81e22d803e85ceddbda42ade1a6248954ac544434,VALID,1.0,,1,2026-08-28T02:30:00+05:30
ea63a7f88a0445a6baf799615f68566c,backfill-20260906-213201,simulator,DEL,BLR,DEL-BLR,2026-10-12,2026-08-28,2026-08-28T02:30:00+05:30,6E,6E649,ECONOMY,,45,3924,1046,0,4970,INR,,,,e2a169586f37fbcc854bcaaa8232545588bf7a7ed5428af8929179c0452a9638,VALID,1.0,,1,2026-08-28T02:30:00+05:30
a1c9ae4317494c8ba7c4bb1979ce8966,backfill-20260906-213201,simulator,DEL,BLR,DEL-BLR,2026-10-12,2026-08-28,2026-08-28T02:30:00+05:30,AI,AI753,ECONOMY,,45,4237,1062,0,5299,INR,,,,d05ef50d3dff5423ac669b658b0f275297d2eb9eb9d26e56c6ac6b5a0136186e,VALID,1.0,,1,2026-08-28T02:30:00+05:30
5be370c8f3fc48a884bed717cf2525ec,backfill-20260906-213201,simulator,DEL,BLR,DEL-BLR,2026-10-12,2026-08-28,2026-08-28T02:30:00+05:30,AI,AI511,ECONOMY,,45,4259,1063,0,5322,INR,,,,d4fa1aa75ce29363e2dc1d4144ec6d63320f68951872fb069e89c86fd28dde93,VALID,1.0,,1,2026-08-28T02:30:00+05:30
b3fc23598634474aa4783a5a29457916,backfill-20260906-213201,simulator,DEL,BLR,DEL-BLR,2026-10-12,2026-08-28,2026-08-28T02:30:00+05:30,QP,QP660,ECONOMY,,45,3809,1040,0,4849,INR,,,,2afa6e18e1759d45d2284f58b942d4e93530c1f8ffe539ad8000afdf3e1f1850,VALID,1.0,,1,2026-08-28T02:30:00+05:30
7c25cf77479d46729ae250fb07221aac,backfill-20260906-213201,simulator,DEL,BLR,DEL-BLR,2026-10-12,2026-08-28,2026-08-28T02:30:00+05:30,SG,SG285,ECONOMY,,45,3434,1022,0,4456,INR,,,,5aca7e0b171bb41bf71128c9a6bf34bab452c9489fcb5a996487e28cd94c1cbc,VALID,1.0,,1,2026-08-28T02:30:00+05:30
5e8a6dba60914466b2407cde91670e08,backfill-20260906-213201,simulator,DEL,BOM,DEL-BOM,2026-08-30,2026-08-29,2026-08-29T02:30:00+05:30,6E,6.00E+283,ECONOMY,,1,8390,1270,0,9660,INR,,,,70a4b6b3858f869455291ff58d65f02ae7bc673d22ea9da45abd108823db9e51,VALID,1.0,,1,2026-08-29T02:30:00+05:30
7a82216b80d748f8a56eb63bcef0770b,backfill-20260906-213201,simulator,DEL,BOM,DEL-BOM,2026-08-30,2026-08-29,2026-08-29T02:30:00+05:30,6E,6E514,ECONOMY,,1,9777,1339,0,11116,INR,,,,a60dfeb0b8b80960c37776e092e07db0b6a1f8868bd3a74c13d05ba6df354e75,VALID,1.0,,1,2026-08-29T02:30:00+05:30
e9da776bb5fb469eb2a53de800db70f5,backfill-20260906-213201,simulator,DEL,BOM,DEL-BOM,2026-08-30,2026-08-29,2026-08-29T02:30:00+05:30,6E,6E559,ECONOMY,,1,8666,1283,0,9949,INR,,,,b4e099aca9c4de8ad5c23f37f892ee81fb584e03c181bc865103b78f102ee326,VALID,1.0,,1,2026-08-29T02:30:00+05:30
28d301eb63e144499691f0ad91d48228,backfill-20260906-213201,simulator,DEL,BOM,DEL-BOM,2026-08-30,2026-08-29,2026-08-29T02:30:00+05:30,AI,AI918,ECONOMY,,1,9921,1346,0,11267,INR,,,,780c2a6ae296e83f7a8c6061b4afd71f29983b7de4bfede1610f82dc163820f1,VALID,1.0,,1,2026-08-29T02:30:00+05:30
69b8a8e1ced54bdfb663f598e818db6e,backfill-20260906-213201,simulator,DEL,BOM,DEL-BOM,2026-08-30,2026-08-29,2026-08-29T02:30:00+05:30,QP,QP731,ECONOMY,,1,9484,1324,0,10808,INR,,,,ca73ec6d8dff2f7becf4a59ffd28d8bba90fd1d7fa8dd0f386945684ac97088a,VALID,1.0,,1,2026-08-29T02:30:00+05:30
d61c0ef40de344f4915537b20d189224,backfill-20260906-213201,simulator,DEL,BOM,DEL-BOM,2026-08-30,2026-08-29,2026-08-29T02:30:00+05:30,SG,SG674,ECONOMY,,1,8883,1294,0,10177,INR,,,,f165bfea3eff722cb9fd6f2fe115acbdbf8e1294082915881de9bd8d3f4710e2,VALID,1.0,,1,2026-08-29T02:30:00+05:30
0a4f27605fb94e829ba976f8a5ffd9a8,backfill-20260906-213201,simulator,DEL,BOM,DEL-BOM,2026-09-05,2026-08-29,2026-08-29T02:30:00+05:30,6E,6E477,ECONOMY,,7,4930,1096,0,6026,INR,,,,08fc9d298f310aaddf2f5ed8934df04f8ca900f74b62e3005b8103b488bfb82a,VALID,1.0,,1,2026-08-29T02:30:00+05:30
f9a72ea236a2426193457e4873dee13d,backfill-20260906-213201,simulator,DEL,BOM,DEL-BOM,2026-09-05,2026-08-29,2026-08-29T02:30:00+05:30,6E,6E791,ECONOMY,,7,5295,1115,0,6410,INR,,,,7026dd6084049dba9cd91a6b0968c730addeaaf1c183c12198da809a2f5f7aca,VALID,1.0,,1,2026-08-29T02:30:00+05:30
334c88c172b74c11957a9b636b2531c9,backfill-20260906-213201,simulator,DEL,BOM,DEL-BOM,2026-09-05,2026-08-29,2026-08-29T02:30:00+05:30,6E,6E597,ECONOMY,,7,5271,1114,0,6385,INR,,,,6b233e1b04ccb7fddc132073ee727ac8be93f3d795b00a3c69f4719921ea90ea,VALID,1.0,,1,2026-08-29T02:30:00+05:30
00d1bf66d4f144929176398b470787c4,backfill-20260906-213201,simulator,DEL,BOM,DEL-BOM,2026-09-05,2026-08-29,2026-08-29T02:30:00+05:30,AI,AI667,ECONOMY,,7,6316,1166,0,7482,INR,,,,3a50bd54c6377329bf700717c54f6e168ac50b8b40ce4d17592b094019081657,VALID,1.0,,1,2026-08-29T02:30:00+05:30
c7d3734927244a6cbe5bfde16da08296,backfill-20260906-213201,simulator,DEL,BOM,DEL-BOM,2026-09-05,2026-08-29,2026-08-29T02:30:00+05:30,AI,AI333,ECONOMY,,7,5783,1139,0,6922,INR,,,,000ebbd9e8b8ca230d4d9bc34070d81c0b8eff5cdecbe8c3d903340cb5cb1c5c,VALID,1.0,,1,2026-08-29T02:30:00+05:30
ed94e1c3ae784877920d2416611d2937,backfill-20260906-213201,simulator,DEL,BOM,DEL-BOM,2026-09-05,2026-08-29,2026-08-29T02:30:00+05:30,QP,QP970,ECONOMY,,7,5158,1108,0,6266,INR,,,,cd3718a714753d912786b43b3a3a5e016135c6e21ebf84e6184a17bff1bd0f79,VALID,1.0,,1,2026-08-29T02:30:00+05:30
bd2a2d56c5784b38aea4db1c97f60326,backfill-20260906-213201,simulator,DEL,BOM,DEL-BOM,2026-09-05,2026-08-29,2026-08-29T02:30:00+05:30,SG,SG718,ECONOMY,,7,5050,1102,0,6152,INR,,,,47d4361d8501e3c46e52cf7be0ec4596bcd4e00158b0d31cddf38b28a4ac6e1c,VALID,1.0,,1,2026-08-29T02:30:00+05:30
b82094d2cb3a43eab81c36197cfd4a42,backfill-20260906-213201,simulator,DEL,BOM,DEL-BOM,2026-09-13,2026-08-29,2026-08-29T02:30:00+05:30,6E,6E463,ECONOMY,,15,5785,1139,0,6924,INR,,,,a454bc137ac64dd3adab832e5c9dc8a743aab0ab852a1090e4d1298ae56c2fd5,VALID,1.0,,1,2026-08-29T02:30:00+05:30
4f09cf60892c4a0aac1351d6ae8dfdb2,backfill-20260906-213201,simulator,DEL,BOM,DEL-BOM,2026-09-13,2026-08-29,2026-08-29T02:30:00+05:30,6E,6E428,ECONOMY,,15,4380,1069,0,5449,INR,,,,dca8e493eed89edf841c456382ac98471029bc1fba3c3a919abb821aae576850,VALID,1.0,,1,2026-08-29T02:30:00+05:30
191c8178396c4fe884a8cf98dd1dc1a2,backfill-20260906-213201,simulator,DEL,BOM,DEL-BOM,2026-09-13,2026-08-29,2026-08-29T02:30:00+05:30,6E,6E396,ECONOMY,,15,5337,1117,0,6454,INR,,,,84d96313bf5beb5c8e12ab4fe3a0778ea0cbca7789b03bf69217bb1ee928fbb4,VALID,1.0,,1,2026-08-29T02:30:00+05:30
d784bea9fdd14854a25756e2b1c72e84,backfill-20260906-213201,simulator,DEL,BOM,DEL-BOM,2026-09-13,2026-08-29,2026-08-29T02:30:00+05:30,AI,AI597,ECONOMY,,15,4311,1066,0,5377,INR,,,,2d5795e869cb0dd54f841a3c190a76f911a6c81a2939b5b1842ca1e700ba3683,VALID,1.0,,1,2026-08-29T02:30:00+05:30
ca78556a207a4d99919ca5a46b3554c8,backfill-20260906-213201,simulator,DEL,BOM,DEL-BOM,2026-09-13,2026-08-29,2026-08-29T02:30:00+05:30,AI,AI530,ECONOMY,,15,5499,1125,0,6624,INR,,,,dd0abec177b0a784172dd1e4474b69a0e7c46294650852c62d89349f774d83f0,VALID,1.0,,1,2026-08-29T02:30:00+05:30
1a2ac399a3bf40fc8245cfe8e70d78d7,backfill-20260906-213201,simulator,DEL,BOM,DEL-BOM,2026-09-13,2026-08-29,2026-08-29T02:30:00+05:30,QP,QP573,ECONOMY,,15,4592,1080,0,5672,INR,,,,19609b4fc03681de98f22fd54beccbaddf73a480e5c6d3cff47ae5b1b85e9787,VALID,1.0,,1,2026-08-29T02:30:00+05:30
963da0a7b43b4792a03e896728376a02,backfill-20260906-213201,simulator,DEL,BOM,DEL-BOM,2026-09-13,2026-08-29,2026-08-29T02:30:00+05:30,SG,SG278,ECONOMY,,15,4636,1082,0,5718,INR,,,,3b7096a1450b81304d9702c5cf59e9cd6656944c96d6afa169a7fe67f390186d,VALID,1.0,,1,2026-08-29T02:30:00+05:30
a4468adbcc20461998e526e0273771ec,backfill-20260906-213201,simulator,DEL,BOM,DEL-BOM,2026-09-28,2026-08-29,2026-08-29T02:30:00+05:30,6E,6E500,ECONOMY,,30,3763,1038,0,4801,INR,,,,ded9b681c8bf2634695e04830228299078e3dcf264123a5a5a3323ba4c24ed35,VALID,1.0,,1,2026-08-29T02:30:00+05:30
2888c0d3817e4e17a119a89991005390,backfill-20260906-213201,simulator,DEL,BOM,DEL-BOM,2026-09-28,2026-08-29,2026-08-29T02:30:00+05:30,6E,6E326,ECONOMY,,30,3329,1016,0,4345,INR,,,,bc2ce7426422e4959033726aa3dfa058834dce8f72c44095a24c3af2b12638b8,VALID,1.0,,1,2026-08-29T02:30:00+05:30
18bcc09880df4f95a286f6fbf97fa0ac,backfill-20260906-213201,simulator,DEL,BOM,DEL-BOM,2026-09-28,2026-08-29,2026-08-29T02:30:00+05:30,6E,6E716,ECONOMY,,30,3806,1040,0,4846,INR,,,,667765d351d5767517e1c8c10dabd52f8e36acbed67fd30ea37140ef598e35f3,VALID,1.0,,1,2026-08-29T02:30:00+05:30
4b7df126738e417ca6210b6b63ae2012,backfill-20260906-213201,simulator,DEL,BOM,DEL-BOM,2026-09-28,2026-08-29,2026-08-29T02:30:00+05:30,AI,AI740,ECONOMY,,30,3714,1036,0,4750,INR,,,,5a1bcc3994f55051454adb8b45a7cf0521887648fe9441231b91354a1f334fa4,VALID,1.0,,1,2026-08-29T02:30:00+05:30
411e532a18344ae9b0931725b6f611ca,backfill-20260906-213201,simulator,DEL,BOM,DEL-BOM,2026-09-28,2026-08-29,2026-08-29T02:30:00+05:30,AI,AI331,ECONOMY,,30,3627,1031,0,4658,INR,,,,0e6b815ab94fd24fc3550e5e0e46f2c5b456b68e40e897e58d650935a0217eb8,VALID,1.0,,1,2026-08-29T02:30:00+05:30
bf5173cc9f864ffe8608958630551b41,backfill-20260906-213201,simulator,DEL,BOM,DEL-BOM,2026-09-28,2026-08-29,2026-08-29T02:30:00+05:30,QP,QP229,ECONOMY,,30,3359,1018,0,4377,INR,,,,e9f6318fcaf0c803ac6d1f04f951cc30be3a8e2b9c98a69ea78d456fd3ad0f76,VALID,1.0,,1,2026-08-29T02:30:00+05:30
1b25393d50294f86a771338fb72505c6,backfill-20260906-213201,simulator,DEL,BOM,DEL-BOM,2026-09-28,2026-08-29,2026-08-29T02:30:00+05:30,SG,SG291,ECONOMY,,30,3072,1004,0,4076,INR,,,,896702cca4149a1a14ff8d0ad70a839d2e4f86e6e51b5c57f0d52229a5c226e8,VALID,1.0,,1,2026-08-29T02:30:00+05:30
8db5980576034626820a1356d6754477,backfill-20260906-213201,simulator,DEL,BOM,DEL-BOM,2026-10-13,2026-08-29,2026-08-29T02:30:00+05:30,6E,6E830,ECONOMY,,45,2949,997,0,3946,INR,,,,e5cf6b51a4a606332a65b687cf767385f4827be5091ae95cde971881bb7cd2f7,VALID,1.0,,1,2026-08-29T02:30:00+05:30
0c404eb90f9540958c6f8df830749c5e,backfill-20260906-213201,simulator,DEL,BOM,DEL-BOM,2026-10-13,2026-08-29,2026-08-29T02:30:00+05:30,6E,6E634,ECONOMY,,45,3219,1011,0,4230,INR,,,,15e31e24cd80821f554092256f45f034bd40d389362d0fb7e3ee78ff15868791,VALID,1.0,,1,2026-08-29T02:30:00+05:30
852d950a704e49a68c66f58215bf91d8,backfill-20260906-213201,simulator,DEL,BOM,DEL-BOM,2026-10-13,2026-08-29,2026-08-29T02:30:00+05:30,6E,6E843,ECONOMY,,45,3120,1006,0,4126,INR,,,,d3b5331eb28a98dd169b28d09b23603618b307b4775f7e50d5a12fc55802c862,VALID,1.0,,1,2026-08-29T02:30:00+05:30
075cc3fa7c2244cabbf39b146a928816,backfill-20260906-213201,simulator,DEL,BOM,DEL-BOM,2026-10-13,2026-08-29,2026-08-29T02:30:00+05:30,AI,AI357,ECONOMY,,45,3546,1027,0,4573,INR,,,,86fc0557f938a416e780d9922882ed7e15eb51b1a86f1c7bb9d1315b6568a6e6,VALID,1.0,,1,2026-08-29T02:30:00+05:30
3397fb53367849f6b13d5b773206473f,backfill-20260906-213201,simulator,DEL,BOM,DEL-BOM,2026-10-13,2026-08-29,2026-08-29T02:30:00+05:30,AI,AI452,ECONOMY,,45,2850,993,0,3843,INR,,,,01275ac285fc5c2ecdbd26e8bb46b215553323d77678f9d00115a9f18b7e104b,VALID,1.0,,1,2026-08-29T02:30:00+05:30
0c63d57c035b41dc957726d8259107dc,backfill-20260906-213201,simulator,DEL,BOM,DEL-BOM,2026-10-13,2026-08-29,2026-08-29T02:30:00+05:30,QP,QP586,ECONOMY,,45,2645,982,0,3627,INR,,,,ae32c33353d8559da0aa11bfea29679e3518412bdebf3568e57b0c3223ed01d3,VALID,1.0,,1,2026-08-29T02:30:00+05:30
042990c961054a3091c132657af081e3,backfill-20260906-213201,simulator,DEL,BOM,DEL-BOM,2026-10-13,2026-08-29,2026-08-29T02:30:00+05:30,SG,SG393,ECONOMY,,45,2277,964,0,3241,INR,,,,a2476b7785e05096e9a364e12b7c6d0ab7ac2219ae53411c0cf9cbad7a2951b4,VALID,1.0,,1,2026-08-29T02:30:00+05:30
3c1e44fe5e924776963b321d10198b46,backfill-20260906-213201,simulator,DEL,BLR,DEL-BLR,2026-08-30,2026-08-29,2026-08-29T02:30:00+05:30,6E,6.00E+241,ECONOMY,,1,9834,1342,0,11176,INR,,,,0a5f0721289a00e9bfe2735747340931e10d52a55facc169ac03859186876ade,VALID,1.0,,1,2026-08-29T02:30:00+05:30
66d9b5af44c3488d8fce02b620faf231,backfill-20260906-213201,simulator,DEL,BLR,DEL-BLR,2026-08-30,2026-08-29,2026-08-29T02:30:00+05:30,6E,6E528,ECONOMY,,1,10838,1392,0,12230,INR,,,,d6423b1f78d9d16e96c4e5badfeb46f4f5a47f569c05b2273601c3aceaca7208,VALID,1.0,,1,2026-08-29T02:30:00+05:30
5423df8ca21d41f1b0b60dd78592e7fe,backfill-20260906-213201,simulator,DEL,BLR,DEL-BLR,2026-08-30,2026-08-29,2026-08-29T02:30:00+05:30,AI,AI597,ECONOMY,,1,10854,1393,0,12247,INR,,,,24433f92e2f519cd24102cbcde5f0bcf8ec038e5be6380321fd1930c56053647,VALID,1.0,,1,2026-08-29T02:30:00+05:30
4147e8640a2e41dd9d9ed1dcd96d69f1,backfill-20260906-213201,simulator,DEL,BLR,DEL-BLR,2026-08-30,2026-08-29,2026-08-29T02:30:00+05:30,AI,AI631,ECONOMY,,1,10922,1396,0,12318,INR,,,,788f08dd58db155534993ec7020d0be5076e1b1d240cb432492bf8c7d0503da0,VALID,1.0,,1,2026-08-29T02:30:00+05:30
128f2add7baa482ebd8f5e2040887113,backfill-20260906-213201,simulator,DEL,BLR,DEL-BLR,2026-08-30,2026-08-29,2026-08-29T02:30:00+05:30,QP,QP213,ECONOMY,,1,11513,1426,0,12939,INR,,,,839b3415c32ec7798b4b4cbb0b82da2348427369ca129de2e6491b2f13113377,VALID,1.0,,1,2026-08-29T02:30:00+05:30
61db0526c37044c0b976d454f7ff8f2f,backfill-20260906-213201,simulator,DEL,BLR,DEL-BLR,2026-08-30,2026-08-29,2026-08-29T02:30:00+05:30,SG,SG463,ECONOMY,,1,8628,1281,0,9909,INR,,,,966347ec1fa7492e814e2286f007366278301775dbf58d80b0c24e1de490fda5,VALID,1.0,,1,2026-08-29T02:30:00+05:30
25c14f97cb1c41b6b73dae8e9e65d328,backfill-20260906-213201,simulator,DEL,BLR,DEL-BLR,2026-09-05,2026-08-29,2026-08-29T02:30:00+05:30,6E,6E622,ECONOMY,,7,5525,1126,0,6651,INR,,,,58484f2bfe04bf4ec2a3a29e391db4f1534954fcd645c90db2a73ae015d32bee,VALID,1.0,,1,2026-08-29T02:30:00+05:30
03dbc19297434f648f75c7f91966f288,backfill-20260906-213201,simulator,DEL,BLR,DEL-BLR,2026-09-05,2026-08-29,2026-08-29T02:30:00+05:30,6E,6E381,ECONOMY,,7,6695,1185,0,7880,INR,,,,85cebcf3229b6788b669649e6173cb05cb5c5e2676912ea1038f4320e4c99190,VALID,1.0,,1,2026-08-29T02:30:00+05:30
c4734ae21e7f4f4283a667ab0c71779e,backfill-20260906-213201,simulator,DEL,BLR,DEL-BLR,2026-09-05,2026-08-29,2026-08-29T02:30:00+05:30,6E,6E545,ECONOMY,,7,6898,1195,0,8093,INR,,,,82d91136603462d376f77a7a8a4b5c9b2dc95028d06273d451035bbad3a8c119,VALID,1.0,,1,2026-08-29T02:30:00+05:30
b0ea1374da56498dbb9ec043e8f328c2,backfill-20260906-213201,simulator,DEL,BLR,DEL-BLR,2026-09-05,2026-08-29,2026-08-29T02:30:00+05:30,AI,AI911,ECONOMY,,7,6602,1180,0,7782,INR,,,,fd89e151c45b2bf0bc122433543bd484884c8b685957800519366514e9d9cd22,VALID,1.0,,1,2026-08-29T02:30:00+05:30
e236b8a0f3df4acf91c9ff51cd0469cb,backfill-20260906-213201,simulator,DEL,BLR,DEL-BLR,2026-09-05,2026-08-29,2026-08-29T02:30:00+05:30,AI,AI353,ECONOMY,,7,6910,1195,0,8105,INR,,,,4c5b876871569585197118612c87202c7af8f40708ac39b713351085779e88b2,VALID,1.0,,1,2026-08-29T02:30:00+05:30
f6ab6ef321d047459e09ba4768cb943c,backfill-20260906-213201,simulator,DEL,BLR,DEL-BLR,2026-09-05,2026-08-29,2026-08-29T02:30:00+05:30,QP,QP370,ECONOMY,,7,7023,1201,0,8224,INR,,,,46d7f3a62640122aadcf4cb1bec530898b85380f1fe64de52088a2b7795bf45b,VALID,1.0,,1,2026-08-29T02:30:00+05:30
57a3fd391893480194491382e1cfb953,backfill-20260906-213201,simulator,DEL,BLR,DEL-BLR,2026-09-05,2026-08-29,2026-08-29T02:30:00+05:30,SG,SG958,ECONOMY,,7,5263,1113,0,6376,INR,,,,6408e94a9e43c2843475031f14f1486e4cfa72d1ef3a1baa5863e888030610bc,VALID,1.0,,1,2026-08-29T02:30:00+05:30
db9895eb2d9f47e1bed4fd25c0c4d4d5,backfill-20260906-213201,simulator,DEL,BLR,DEL-BLR,2026-09-13,2026-08-29,2026-08-29T02:30:00+05:30,6E,6E793,ECONOMY,,15,5118,1106,0,6224,INR,,,,5f5b502f4f05e30ac6e5701d876fab1def816b0d0d2c951efbdbfcbf8631e6bb,VALID,1.0,,1,2026-08-29T02:30:00+05:30
7e57de4302484a378534b513e9d39b72,backfill-20260906-213201,simulator,DEL,BLR,DEL-BLR,2026-09-13,2026-08-29,2026-08-29T02:30:00+05:30,6E,6E979,ECONOMY,,15,5999,1150,0,7149,INR,,,,7525ab04e49e1100a69225dd23bdd1346743d6742b05d4ff11aabd903f284b3f,VALID,1.0,,1,2026-08-29T02:30:00+05:30
398998c68746496a95f179b1b1cd03a7,backfill-20260906-213201,simulator,DEL,BLR,DEL-BLR,2026-09-13,2026-08-29,2026-08-29T02:30:00+05:30,6E,6E368,ECONOMY,,15,5452,1123,0,6575,INR,,,,8de91b23146337d24859e39568dd2e19a5edc5a24b3109f86b5f04606efeba5f,VALID,1.0,,1,2026-08-29T02:30:00+05:30
8ed65cd5c2074f8085ceeeafa56e33fd,backfill-20260906-213201,simulator,DEL,BLR,DEL-BLR,2026-09-13,2026-08-29,2026-08-29T02:30:00+05:30,AI,AI469,ECONOMY,,15,5842,1142,0,6984,INR,,,,41f6b14190ec682de86cbd7a106537462dc94ab0000062996741f57c47673e47,VALID,1.0,,1,2026-08-29T02:30:00+05:30
b0583d75945a4190ac416e84798a0944,backfill-20260906-213201,simulator,DEL,BLR,DEL-BLR,2026-09-13,2026-08-29,2026-08-29T02:30:00+05:30,AI,AI698,ECONOMY,,15,6112,1156,0,7268,INR,,,,329b49875fc944e3749512e7bd132887438002c305689794bda47bdb4b9ec090,VALID,1.0,,1,2026-08-29T02:30:00+05:30
65fbc88194284e3493a8ab2beddf8802,backfill-20260906-213201,simulator,DEL,BLR,DEL-BLR,2026-09-13,2026-08-29,2026-08-29T02:30:00+05:30,QP,QP680,ECONOMY,,15,4917,1096,0,6013,INR,,,,1763ec0162a407f77747de4f524d3be3eee96cadf16f49c524c13d653440dedb,VALID,1.0,,1,2026-08-29T02:30:00+05:30
1141352af7324b04b4cb9f29de4d197d,backfill-20260906-213201,simulator,DEL,BLR,DEL-BLR,2026-09-13,2026-08-29,2026-08-29T02:30:00+05:30,SG,SG533,ECONOMY,,15,5667,1133,0,6800,INR,,,,ab58f2f5e777e668f98632b6464722253b3ded3553caa5ca5267a86e5a615e83,VALID,1.0,,1,2026-08-29T02:30:00+05:30
0493fce2e94c429a884b21db0da6263b,backfill-20260906-213201,simulator,DEL,BLR,DEL-BLR,2026-09-28,2026-08-29,2026-08-29T02:30:00+05:30,6E,6E808,ECONOMY,,30,4280,1064,0,5344,INR,,,,8cac6f3c12ccf66e60ff150d1f8e86a7a036679d1730b3f61a6eb9ae42510ee7,VALID,1.0,,1,2026-08-29T02:30:00+05:30
835e6d404a57423bbed240f8562a513b,backfill-20260906-213201,simulator,DEL,BLR,DEL-BLR,2026-09-28,2026-08-29,2026-08-29T02:30:00+05:30,6E,6E382,ECONOMY,,30,4482,1074,0,5556,INR,,,,09fec7840f19557d692ab1a623634150b54a8e7f9a6481a388896f545c35e796,VALID,1.0,,1,2026-08-29T02:30:00+05:30
3452b0298656473a9f9d6fde538a7a81,backfill-20260906-213201,simulator,DEL,BLR,DEL-BLR,2026-09-28,2026-08-29,2026-08-29T02:30:00+05:30,6E,6.00E+246,ECONOMY,,30,4286,1064,0,5350,INR,,,,f635733cb2dd490490bb967cae40476abefe1eaea78d12d3d9d883d4324c7ca7,VALID,1.0,,1,2026-08-29T02:30:00+05:30
4b4589f1aa77450694e3dc4c525e2215,backfill-20260906-213201,simulator,DEL,BLR,DEL-BLR,2026-09-28,2026-08-29,2026-08-29T02:30:00+05:30,AI,AI800,ECONOMY,,30,4575,1079,0,5654,INR,,,,53c3b9ce4ad97bcb68190097d8599373514d5084bfd9f170232a9a3d1eaf167a,VALID,1.0,,1,2026-08-29T02:30:00+05:30
1876a45752924e969d0dc33b3ac85b2f,backfill-20260906-213201,simulator,DEL,BLR,DEL-BLR,2026-09-28,2026-08-29,2026-08-29T02:30:00+05:30,AI,AI507,ECONOMY,,30,4677,1084,0,5761,INR,,,,485a8ab6212393a90e9414cfe07bcb696470d29e940beac9e8f7c70e3d974bbb,VALID,1.0,,1,2026-08-29T02:30:00+05:30
c531263002de4a19822e4fbb5b13f801,backfill-20260906-213201,simulator,DEL,BLR,DEL-BLR,2026-09-28,2026-08-29,2026-08-29T02:30:00+05:30,QP,QP992,ECONOMY,,30,3844,1042,0,4886,INR,,,,96e7949b124fc4ee560a086f4ff9ead212188be67d8fdbea092dcd62d0397aae,VALID,1.0,,1,2026-08-29T02:30:00+05:30
bebc7a8e11044fffba523a13b48c607e,backfill-20260906-213201,simulator,DEL,BLR,DEL-BLR,2026-09-28,2026-08-29,2026-08-29T02:30:00+05:30,SG,SG212,ECONOMY,,30,4129,1056,0,5185,INR,,,,4e22f348ed79dca2825f2082e9d2e5dfa2494c830e67219665b2ddba957217af,VALID,1.0,,1,2026-08-29T02:30:00+05:30
8d396a4701e74c10ad36a45c708ca71c,backfill-20260906-213201,simulator,DEL,BLR,DEL-BLR,2026-10-13,2026-08-29,2026-08-29T02:30:00+05:30,6E,6E519,ECONOMY,,45,3878,1044,0,4922,INR,,,,b2b3e7e3045a49025bf7c782f674430de7aff1c73f8b9a020e70b137ca983493,VALID,1.0,,1,2026-08-29T02:30:00+05:30
2627002fd9f64f0fae1407b3abe455f4,backfill-20260906-213201,simulator,DEL,BLR,DEL-BLR,2026-10-13,2026-08-29,2026-08-29T02:30:00+05:30,6E,6.00E+304,ECONOMY,,45,3568,1028,0,4596,INR,,,,d13d2dabb06047aba603682f854104df6c72356ff27c2a7673722025d5560e9e,VALID,1.0,,1,2026-08-29T02:30:00+05:30
4fdeeb4337c54a5099c84fccbb6392a2,backfill-20260906-213201,simulator,DEL,BLR,DEL-BLR,2026-10-13,2026-08-29,2026-08-29T02:30:00+05:30,6E,6E328,ECONOMY,,45,3919,1046,0,4965,INR,,,,ba74fabbc4e3720f1917553e89998055116b581e7cd63c4e7787193e85bb6920,VALID,1.0,,1,2026-08-29T02:30:00+05:30
2955266e16df4666a62290ff2f91550a,backfill-20260906-213201,simulator,DEL,BLR,DEL-BLR,2026-10-13,2026-08-29,2026-08-29T02:30:00+05:30,AI,AI833,ECONOMY,,45,3190,1010,0,4200,INR,,,,faaa17d5f9c2a6083847c18a6b25d43776a22fc40b8e9e6f5528a831e214a91a,VALID,1.0,,1,2026-08-29T02:30:00+05:30
03754b817228464488ba87b87bb9275b,backfill-20260906-213201,simulator,DEL,BLR,DEL-BLR,2026-10-13,2026-08-29,2026-08-29T02:30:00+05:30,AI,AI690,ECONOMY,,45,4231,1062,0,5293,INR,,,,4635956d6fdcc30ed514173419f2de49fdb59b38244c15a0c8e2522645dbc507,VALID,1.0,,1,2026-08-29T02:30:00+05:30
72bccaceb4c841b69338e38cfa3ab3f7,backfill-20260906-213201,simulator,DEL,BLR,DEL-BLR,2026-10-13,2026-08-29,2026-08-29T02:30:00+05:30,QP,QP459,ECONOMY,,45,3512,1026,0,4538,INR,,,,5ee98821ecccd469cf3af71f602ea6d914db9f3cb418469572e4efd6d3ec4263,VALID,1.0,,1,2026-08-29T02:30:00+05:30
a437d42fdca642f2b52e21365f453216,backfill-20260906-213201,simulator,DEL,BLR,DEL-BLR,2026-10-13,2026-08-29,2026-08-29T02:30:00+05:30,SG,SG804,ECONOMY,,45,3489,1024,0,4513,INR,,,,c99c6c16a823d761a7fbcfa7da9d79efc46818854b54a622153d947a3f3c647f,VALID,1.0,,1,2026-08-29T02:30:00+05:30
fd2019d93b2a4c048acac40cbb401d1b,backfill-20260906-213201,simulator,DEL,BOM,DEL-BOM,2026-08-31,2026-08-30,2026-08-30T02:30:00+05:30,6E,6E927,ECONOMY,,1,9328,1316,0,10644,INR,,,,5d3ab457d309f5687a38d02348fe129703b110dc38d1bfdaf22003b3a5b8b06d,VALID,1.0,,1,2026-08-30T02:30:00+05:30
5a1b8f73bd234a39b238d94816e37c58,backfill-20260906-213201,simulator,DEL,BOM,DEL-BOM,2026-08-31,2026-08-30,2026-08-30T02:30:00+05:30,6E,6.00E+278,ECONOMY,,1,7798,1240,0,9038,INR,,,,fcdc8f613eb76324def8ce0fff6720c36a69f6e5039518202125f5459da8decc,VALID,1.0,,1,2026-08-30T02:30:00+05:30
01f880fc9c234ee78080dc3484a5d362,backfill-20260906-213201,simulator,DEL,BOM,DEL-BOM,2026-08-31,2026-08-30,2026-08-30T02:30:00+05:30,6E,6E634,ECONOMY,,1,8409,1270,0,9679,INR,,,,8ce84cf9e0ea1769dd21cd544213297d20073a06deb4bc1ebb88f120e5bb09d9,VALID,1.0,,1,2026-08-30T02:30:00+05:30
a6e3887df8ff42c9ad6a18be3c337eb3,backfill-20260906-213201,simulator,DEL,BOM,DEL-BOM,2026-08-31,2026-08-30,2026-08-30T02:30:00+05:30,AI,AI798,ECONOMY,,1,9102,1305,0,10407,INR,,,,cf80c323a82ca7b215adee1e815afab08ade56b04dbb181da13bf28c53f38570,VALID,1.0,,1,2026-08-30T02:30:00+05:30
ec8b2f58613948a2a2b06ddf1217db07,backfill-20260906-213201,simulator,DEL,BOM,DEL-BOM,2026-08-31,2026-08-30,2026-08-30T02:30:00+05:30,AI,AI459,ECONOMY,,1,8828,1291,0,10119,INR,,,,a5adfa4e85a7bd71a1cc186304cf81a11aba2c33517c7e5c5598f27cf553a338,VALID,1.0,,1,2026-08-30T02:30:00+05:30
270c52493518412f917023ef2bfe2d5a,backfill-20260906-213201,simulator,DEL,BOM,DEL-BOM,2026-08-31,2026-08-30,2026-08-30T02:30:00+05:30,QP,QP799,ECONOMY,,1,6495,1175,0,7670,INR,,,,210e25a113c9f3bafc9539c9fa988a52a0682692c3550eadfb04e2167d74677c,VALID,1.0,,1,2026-08-30T02:30:00+05:30
cf355f166e1d42a8ba1b1f40d223d87f,backfill-20260906-213201,simulator,DEL,BOM,DEL-BOM,2026-08-31,2026-08-30,2026-08-30T02:30:00+05:30,SG,SG954,ECONOMY,,1,7985,1249,0,9234,INR,,,,97f366bce8a55d52304bea3672ad3df982ce466000ae391bba1b0a0561bb39fe,VALID,1.0,,1,2026-08-30T02:30:00+05:30
3a00191aec0b4c33830290a8172e0438,backfill-20260906-213201,simulator,DEL,BOM,DEL-BOM,2026-09-06,2026-08-30,2026-08-30T02:30:00+05:30,6E,6E524,ECONOMY,,7,5731,1137,0,6868,INR,,,,30d3f0e76ddadd63952c9802d59ce3ca1696afe90dc8fb3c42df1f6bee413c6f,VALID,1.0,,1,2026-08-30T02:30:00+05:30
9a21ab78257b4e05bd51a19083e6c859,backfill-20260906-213201,simulator,DEL,BOM,DEL-BOM,2026-09-06,2026-08-30,2026-08-30T02:30:00+05:30,6E,6.00E+248,ECONOMY,,7,6004,1150,0,7154,INR,,,,05db2df4d4014300cb2372c1ce2d2e20a2fe9416ddd56157309f79ee30910754,VALID,1.0,,1,2026-08-30T02:30:00+05:30
65c0cd295085492eb1d4025da651e13a,backfill-20260906-213201,simulator,DEL,BOM,DEL-BOM,2026-09-06,2026-08-30,2026-08-30T02:30:00+05:30,6E,6.00E+272,ECONOMY,,7,6248,1162,0,7410,INR,,,,95e86ec3d4f7f2ace2405f4e5b576c0139a9e24c4ae2a158c60e169abd5edbeb,VALID,1.0,,1,2026-08-30T02:30:00+05:30
c28eca886df249ee947ab8effa7ed379,backfill-20260906-213201,simulator,DEL,BOM,DEL-BOM,2026-09-06,2026-08-30,2026-08-30T02:30:00+05:30,AI,AI342,ECONOMY,,7,5804,1140,0,6944,INR,,,,a1e7173a785aefa76b5961061a911fd3ea42c64489a674e36d5b933880effa33,VALID,1.0,,1,2026-08-30T02:30:00+05:30
2774c29a94994dc7bcccd5b33c5b3bfb,backfill-20260906-213201,simulator,DEL,BOM,DEL-BOM,2026-09-06,2026-08-30,2026-08-30T02:30:00+05:30,AI,AI406,ECONOMY,,7,6986,1199,0,8185,INR,,,,3c16c462b1226cb1224cc5150914a36119311966dcf41faa8d1e0bbaead6140b,VALID,1.0,,1,2026-08-30T02:30:00+05:30
b11d3122a8ff48b99b4991bd7d93463e,backfill-20260906-213201,simulator,DEL,BOM,DEL-BOM,2026-09-06,2026-08-30,2026-08-30T02:30:00+05:30,QP,QP726,ECONOMY,,7,6012,1151,0,7163,INR,,,,f436f12e62f44d8fe17e30328fbb9a6106e56ceea17cd69d3db3df5789f836e5,VALID,1.0,,1,2026-08-30T02:30:00+05:30
c771acae75444d9e9605a3262ede2126,backfill-20260906-213201,simulator,DEL,BOM,DEL-BOM,2026-09-06,2026-08-30,2026-08-30T02:30:00+05:30,SG,SG763,ECONOMY,,7,4675,1084,0,5759,INR,,,,2d9fb59bb744aba6e57cf23ed42246b0cd4cc8d2462ce1da77e7bb233a4cb412,VALID,1.0,,1,2026-08-30T02:30:00+05:30
1ae5116ea82143d2b0f2a40ce66a7789,backfill-20260906-213201,simulator,DEL,BOM,DEL-BOM,2026-09-14,2026-08-30,2026-08-30T02:30:00+05:30,6E,6.00E+246,ECONOMY,,15,4311,1066,0,5377,INR,,,,663498506655bbcfad7d605e4bbeae261d2790db203c3f539aefb41aa038c920,VALID,1.0,,1,2026-08-30T02:30:00+05:30
cf027a466d67458289465d5c8b3095c1,backfill-20260906-213201,simulator,DEL,BOM,DEL-BOM,2026-09-14,2026-08-30,2026-08-30T02:30:00+05:30,6E,6.00E+214,ECONOMY,,15,4470,1074,0,5544,INR,,,,b04cefe0e56ab1dee349d60e23b8ff8dd03cd4db5277e26ea52aec829d19571c,VALID,1.0,,1,2026-08-30T02:30:00+05:30
e87a890ad78f4ed98bd9b4f8ab190233,backfill-20260906-213201,simulator,DEL,BOM,DEL-BOM,2026-09-14,2026-08-30,2026-08-30T02:30:00+05:30,6E,6E731,ECONOMY,,15,4393,1070,0,5463,INR,,,,9c4d9685132d26a70b09d6330158d26c9d2d3495628e61701ed394ec9ad3cb63,VALID,1.0,,1,2026-08-30T02:30:00+05:30
09c2405e45c34b39bee939c9063acb41,backfill-20260906-213201,simulator,DEL,BOM,DEL-BOM,2026-09-14,2026-08-30,2026-08-30T02:30:00+05:30,AI,AI891,ECONOMY,,15,4129,1056,0,5185,INR,,,,c38e34530941a2d791643f1b961c0cd22ee6ade46c0b4249f84122eeb3c43b41,VALID,1.0,,1,2026-08-30T02:30:00+05:30
4f9583eab3be45a2a58cbd964080916d,backfill-20260906-213201,simulator,DEL,BOM,DEL-BOM,2026-09-14,2026-08-30,2026-08-30T02:30:00+05:30,AI,AI772,ECONOMY,,15,4569,1078,0,5647,INR,,,,6a53d897740d15911ecd8a85f9fe6c4818ce3b625ce4319b5a13364bd52b300d,VALID,1.0,,1,2026-08-30T02:30:00+05:30
bdd7562bca9d4deabe511f550e7cfae5,backfill-20260906-213201,simulator,DEL,BOM,DEL-BOM,2026-09-14,2026-08-30,2026-08-30T02:30:00+05:30,QP,QP296,ECONOMY,,15,4461,1073,0,5534,INR,,,,27808f0dfdc05e202a9b4d167c4f6c5333e23e323cdd9fd6a6219cc47cc0c854,VALID,1.0,,1,2026-08-30T02:30:00+05:30
dfb3b2cc7302446f9e4e78f65b5769de,backfill-20260906-213201,simulator,DEL,BOM,DEL-BOM,2026-09-14,2026-08-30,2026-08-30T02:30:00+05:30,SG,SG437,ECONOMY,,15,3764,1038,0,4802,INR,,,,bec504b0507203a72f50fac30eac2f36b58d19b6724837d9dd44728fdd2568c9,VALID,1.0,,1,2026-08-30T02:30:00+05:30
75a176fa78a94b99a14011817a6b63ec,backfill-20260906-213201,simulator,DEL,BOM,DEL-BOM,2026-09-29,2026-08-30,2026-08-30T02:30:00+05:30,6E,6E916,ECONOMY,,30,3027,1001,0,4028,INR,,,,98340745a8cee5bf45a4bfbd3b98ba5b8d7625f2a9a5da88e2d1cce9b7c1fa5c,VALID,1.0,,1,2026-08-30T02:30:00+05:30
b338f3de98474107aba3a89cf691cde8,backfill-20260906-213201,simulator,DEL,BOM,DEL-BOM,2026-09-29,2026-08-30,2026-08-30T02:30:00+05:30,6E,6E992,ECONOMY,,30,3730,1037,0,4767,INR,,,,58d22c928cbaffdcdf64c353ea9afa1468ca867a51f8200705882a6a68473d90,VALID,1.0,,1,2026-08-30T02:30:00+05:30
34b5a29944d1410880bc10a240919a88,backfill-20260906-213201,simulator,DEL,BOM,DEL-BOM,2026-09-29,2026-08-30,2026-08-30T02:30:00+05:30,6E,6E963,ECONOMY,,30,3419,1021,0,4440,INR,,,,fe2958513bd2abe430284f59dc8b9ea986509c3fb19486f9eee9b6142f8b3eac,VALID,1.0,,1,2026-08-30T02:30:00+05:30
b393400125714f7bacfba2f66e95b8c4,backfill-20260906-213201,simulator,DEL,BOM,DEL-BOM,2026-09-29,2026-08-30,2026-08-30T02:30:00+05:30,AI,AI363,ECONOMY,,30,4092,1055,0,5147,INR,,,,739183263b2b32a6268f5789f186ca3060bbd457b0b6b6a4e5676ae08a8e4c11,VALID,1.0,,1,2026-08-30T02:30:00+05:30
c1d05b1edabc441d97845a4a2659e1e9,backfill-20260906-213201,simulator,DEL,BOM,DEL-BOM,2026-09-29,2026-08-30,2026-08-30T02:30:00+05:30,AI,AI302,ECONOMY,,30,3743,1037,0,4780,INR,,,,3941bd0c3e448eb7577734b134537d60d34e457240cf6c4a910222ff53d18e85,VALID,1.0,,1,2026-08-30T02:30:00+05:30
41f66628ec0c4c76b25a047bc0fdfa70,backfill-20260906-213201,simulator,DEL,BOM,DEL-BOM,2026-09-29,2026-08-30,2026-08-30T02:30:00+05:30,QP,QP854,ECONOMY,,30,3259,1013,0,4272,INR,,,,bf4ea2366a064c9dad8fa46c9c05ac8c0aeb4c06f4a3314e6e3c0975c796ce18,VALID,1.0,,1,2026-08-30T02:30:00+05:30
6eda403823a2462398532712e4552b28,backfill-20260906-213201,simulator,DEL,BOM,DEL-BOM,2026-09-29,2026-08-30,2026-08-30T02:30:00+05:30,SG,SG245,ECONOMY,,30,3011,1001,0,4012,INR,,,,a3a6b53e0075625d98c1bd25c2e7005748de5b6d63b0d10803fa6658e9ba96f9,VALID,1.0,,1,2026-08-30T02:30:00+05:30
353d813869ee446796fd067bf4b9846c,backfill-20260906-213201,simulator,DEL,BOM,DEL-BOM,2026-10-14,2026-08-30,2026-08-30T02:30:00+05:30,6E,6E824,ECONOMY,,45,2605,980,0,3585,INR,,,,a73d45c599972938683159f8d3108ad61bbf8b6376f736150d82d21afdcd5e8e,VALID,1.0,,1,2026-08-30T02:30:00+05:30
da0e946d3fac494e8e2d71df7d7a3bac,backfill-20260906-213201,simulator,DEL,BOM,DEL-BOM,2026-10-14,2026-08-30,2026-08-30T02:30:00+05:30,6E,6E470,ECONOMY,,45,2936,997,0,3933,INR,,,,21f0a0d3b76568f25e20e62ba4f0a35a9dabccf36d0b74fff93733ff5d08cc90,VALID,1.0,,1,2026-08-30T02:30:00+05:30
3ae6a56f35af442a844dc10c1d07da35,backfill-20260906-213201,simulator,DEL,BOM,DEL-BOM,2026-10-14,2026-08-30,2026-08-30T02:30:00+05:30,6E,6E980,ECONOMY,,45,3273,1014,0,4287,INR,,,,f1ce095195bfab7de572ef84c370fa59090aa0e41e43f6d173fe164eed39d652,VALID,1.0,,1,2026-08-30T02:30:00+05:30
7b9ec4ac71fe4682926d6a437e24c8db,backfill-20260906-213201,simulator,DEL,BOM,DEL-BOM,2026-10-14,2026-08-30,2026-08-30T02:30:00+05:30,AI,AI483,ECONOMY,,45,3505,1025,0,4530,INR,,,,f6c004031b655506b4b52b5d1bf0ca797f9dc026ede0d67b032e72b016b5fd09,VALID,1.0,,1,2026-08-30T02:30:00+05:30
82d75ea46782493db28b0d87836db2db,backfill-20260906-213201,simulator,DEL,BOM,DEL-BOM,2026-10-14,2026-08-30,2026-08-30T02:30:00+05:30,AI,AI619,ECONOMY,,45,3550,1027,0,4577,INR,,,,7d038cab61635859c204422a46258736a4de2d658dfdb515775850920b103c89,VALID,1.0,,1,2026-08-30T02:30:00+05:30
00f25513bddd40229b6bf1b7aa2d59be,backfill-20260906-213201,simulator,DEL,BOM,DEL-BOM,2026-10-14,2026-08-30,2026-08-30T02:30:00+05:30,QP,QP741,ECONOMY,,45,3097,1005,0,4102,INR,,,,80c1ca926326c1253269d0d3f2105f4c31430e0d01a7ca0f3c591e588ae1a09e,VALID,1.0,,1,2026-08-30T02:30:00+05:30
5b1862fec41e490e93af81898eb9eb59,backfill-20260906-213201,simulator,DEL,BOM,DEL-BOM,2026-10-14,2026-08-30,2026-08-30T02:30:00+05:30,SG,SG406,ECONOMY,,45,3062,1003,0,4065,INR,,,,7a82741ba1da74df5898e3f835603f8fb78e70e022b2ccdf068c16e46462cf76,VALID,1.0,,1,2026-08-30T02:30:00+05:30
5d285a7658374391bcd49319b4d8dac0,backfill-20260906-213201,simulator,DEL,BLR,DEL-BLR,2026-08-31,2026-08-30,2026-08-30T02:30:00+05:30,6E,6E402,ECONOMY,,1,9488,1324,0,10812,INR,,,,39951781481c386b6e948771a03fe6dd2c2a8364d868a8a81811b7f7eb33d82f,VALID,1.0,,1,2026-08-30T02:30:00+05:30
0f1547f7baf3480e9cacbd1318f89032,backfill-20260906-213201,simulator,DEL,BLR,DEL-BLR,2026-08-31,2026-08-30,2026-08-30T02:30:00+05:30,6E,6E379,ECONOMY,,1,9135,1307,0,10442,INR,,,,57447728f1a823b178b87e0a06063ff23e152314f2e90984ff088d5463a324ff,VALID,1.0,,1,2026-08-30T02:30:00+05:30
89331383a635485f92985bfbb29d9932,backfill-20260906-213201,simulator,DEL,BLR,DEL-BLR,2026-08-31,2026-08-30,2026-08-30T02:30:00+05:30,AI,AI733,ECONOMY,,1,9993,1350,0,11343,INR,,,,b60d4805a48a649a0140ddc018a1900786010d9ccb95b182c84450098d9b0a41,VALID,1.0,,1,2026-08-30T02:30:00+05:30
b256d1adc18b468dbc61565a390e480f,backfill-20260906-213201,simulator,DEL,BLR,DEL-BLR,2026-08-31,2026-08-30,2026-08-30T02:30:00+05:30,AI,AI231,ECONOMY,,1,11281,1414,0,12695,INR,,,,83c58e54af3f7ce7411f94ec1038f414bcfc1f4fb24971319381f48e3f457ed4,VALID,1.0,,1,2026-08-30T02:30:00+05:30
7f06b402ff8e43a0a88a5e4a7403aefa,backfill-20260906-213201,simulator,DEL,BLR,DEL-BLR,2026-08-31,2026-08-30,2026-08-30T02:30:00+05:30,QP,QP346,ECONOMY,,1,8432,1272,0,9704,INR,,,,6c24e0f9619db8f8a8fd7cc3abf0dd63a3c70293357f3134185bb906f68d8b8e,VALID,1.0,,1,2026-08-30T02:30:00+05:30
027c485df9394de89e45fbe8487607cc,backfill-20260906-213201,simulator,DEL,BLR,DEL-BLR,2026-08-31,2026-08-30,2026-08-30T02:30:00+05:30,SG,SG299,ECONOMY,,1,9444,1322,0,10766,INR,,,,1dc04ca47df9764b40eec4ded988e7ff8eb69f4db144c0169a08647ad3885dc3,VALID,1.0,,1,2026-08-30T02:30:00+05:30
cb79f47dfbb84a0daf21de4fdf304c24,backfill-20260906-213201,simulator,DEL,BLR,DEL-BLR,2026-09-06,2026-08-30,2026-08-30T02:30:00+05:30,6E,6E547,ECONOMY,,7,7109,1205,0,8314,INR,,,,bf79bb2e7d33c784834a29605b9c22e8a3e58eecf1508c39fa461a4e7bccbcc6,VALID,1.0,,1,2026-08-30T02:30:00+05:30
8b19a9ec9ec24ea4b8674c2c8e0e473c,backfill-20260906-213201,simulator,DEL,BLR,DEL-BLR,2026-09-06,2026-08-30,2026-08-30T02:30:00+05:30,6E,6.00E+291,ECONOMY,,7,6843,1192,0,8035,INR,,,,377d51434e404dadd4a2b51bdb2f696ac0d85c46c74d78f9ac6a15e5d0fa33be,VALID,1.0,,1,2026-08-30T02:30:00+05:30
e690c5738ffa474aa80bc30c20270850,backfill-20260906-213201,simulator,DEL,BLR,DEL-BLR,2026-09-06,2026-08-30,2026-08-30T02:30:00+05:30,6E,6E815,ECONOMY,,7,7798,1240,0,9038,INR,,,,ac4ea372592229e435a933bf9c1b62aacef51f48f31d7c9dd1138f8c02bcf8ef,VALID,1.0,,1,2026-08-30T02:30:00+05:30
06027746774345d39da894aba5f36f2e,backfill-20260906-213201,simulator,DEL,BLR,DEL-BLR,2026-09-06,2026-08-30,2026-08-30T02:30:00+05:30,AI,AI694,ECONOMY,,7,7916,1246,0,9162,INR,,,,8c4f5ce3bc3201259f2d23609b9a718fb4f2d0284d80c02ae5228a2d4da6d1ce,VALID,1.0,,1,2026-08-30T02:30:00+05:30
9f5e627fc9f447ceb2c4c67d339e77e2,backfill-20260906-213201,simulator,DEL,BLR,DEL-BLR,2026-09-06,2026-08-30,2026-08-30T02:30:00+05:30,AI,AI961,ECONOMY,,7,7675,1234,0,8909,INR,,,,e6fff25c367fa646dabc1be521d56c6acb96ac6db834126314a87be5e32f0db4,VALID,1.0,,1,2026-08-30T02:30:00+05:30
b58f8eb4f6414163bbdd9153e6b936ee,backfill-20260906-213201,simulator,DEL,BLR,DEL-BLR,2026-09-06,2026-08-30,2026-08-30T02:30:00+05:30,QP,QP731,ECONOMY,,7,7595,1230,0,8825,INR,,,,4e19491e736a8611215f166536739f750ba85fe20b0a343e8c17c8dd3314796d,VALID,1.0,,1,2026-08-30T02:30:00+05:30
f1e83385b78a4ae098da9412a3b08c86,backfill-20260906-213201,simulator,DEL,BLR,DEL-BLR,2026-09-06,2026-08-30,2026-08-30T02:30:00+05:30,SG,SG295,ECONOMY,,7,6485,1174,0,7659,INR,,,,3927e2c8b1d7972ea563564e921470e784262dd28960e45fa777a032c4ddf6b5,VALID,1.0,,1,2026-08-30T02:30:00+05:30
3726696e270540b8b1bc3f9887c9436b,backfill-20260906-213201,simulator,DEL,BLR,DEL-BLR,2026-09-14,2026-08-30,2026-08-30T02:30:00+05:30,6E,6E528,ECONOMY,,15,4635,1082,0,5717,INR,,,,cd0a45f358af502e3cc5cc31de0af8404e9ad805be1c35a8540b03abe886b813,VALID,1.0,,1,2026-08-30T02:30:00+05:30
761796d533c1491eac483a7dfeb05e34,backfill-20260906-213201,simulator,DEL,BLR,DEL-BLR,2026-09-14,2026-08-30,2026-08-30T02:30:00+05:30,6E,6.00E+260,ECONOMY,,15,4490,1074,0,5564,INR,,,,8235c63ac039ca8204cc42559de1350a1efe14386c6576a5c5f2b02f938eb4c1,VALID,1.0,,1,2026-08-30T02:30:00+05:30
990fc17a09534234b8b201d566925cd4,backfill-20260906-213201,simulator,DEL,BLR,DEL-BLR,2026-09-14,2026-08-30,2026-08-30T02:30:00+05:30,6E,6E820,ECONOMY,,15,4990,1100,0,6090,INR,,,,b26a3ed66e77d66196ae72198ef497886f64bfd9797473d4167e5cf5ac4fb251,VALID,1.0,,1,2026-08-30T02:30:00+05:30
56ce9e55be954b7b9cda91d98e631be7,backfill-20260906-213201,simulator,DEL,BLR,DEL-BLR,2026-09-14,2026-08-30,2026-08-30T02:30:00+05:30,AI,AI261,ECONOMY,,15,5874,1144,0,7018,INR,,,,eee021ee431e98f0b7285cfd3eceec1a2d27183de1c59e2de428ba0faeae64fa,VALID,1.0,,1,2026-08-30T02:30:00+05:30
aaea19ea46274ec8b34f57b911555b3d,backfill-20260906-213201,simulator,DEL,BLR,DEL-BLR,2026-09-14,2026-08-30,2026-08-30T02:30:00+05:30,AI,AI736,ECONOMY,,15,5219,1111,0,6330,INR,,,,921fde0e26d38344e97cb4e7eafe614d12698acda374a3546c78d81ccc20740b,VALID,1.0,,1,2026-08-30T02:30:00+05:30
036dba663ce54d6aa60e2557b8de756d,backfill-20260906-213201,simulator,DEL,BLR,DEL-BLR,2026-09-14,2026-08-30,2026-08-30T02:30:00+05:30,QP,QP735,ECONOMY,,15,4243,1062,0,5305,INR,,,,7fe8d5eb255cc03d6dda9da0ceecaa45faaecdf9eb17a05ffd24047b62d572b5,VALID,1.0,,1,2026-08-30T02:30:00+05:30
15c8a7907f9b49bf99cfc678e57e4bc2,backfill-20260906-213201,simulator,DEL,BLR,DEL-BLR,2026-09-14,2026-08-30,2026-08-30T02:30:00+05:30,SG,SG686,ECONOMY,,15,4327,1066,0,5393,INR,,,,1e6f47beaabc9b0391df034f3cebcdf7bf67649a8f3311677a31ee9f8939b93f,VALID,1.0,,1,2026-08-30T02:30:00+05:30
5dc49ce65e0f42f988cbd54c7dac1b2d,backfill-20260906-213201,simulator,DEL,BLR,DEL-BLR,2026-09-29,2026-08-30,2026-08-30T02:30:00+05:30,6E,6E481,ECONOMY,,30,3810,1041,0,4851,INR,,,,0c782beb39ee96be3510b0c4ff649a307b7e9e0193e6f1feb8884f826defb1c0,VALID,1.0,,1,2026-08-30T02:30:00+05:30
124d5353723b44b087e5fb971c8f8774,backfill-20260906-213201,simulator,DEL,BLR,DEL-BLR,2026-09-29,2026-08-30,2026-08-30T02:30:00+05:30,6E,6E969,ECONOMY,,30,4127,1056,0,5183,INR,,,,23ef4656580107e9dd2dc721712899b2048568970cab715921d3a3f60d754ccb,VALID,1.0,,1,2026-08-30T02:30:00+05:30
4bb661a8ce8b4b53a089242feecb6483,backfill-20260906-213201,simulator,DEL,BLR,DEL-BLR,2026-09-29,2026-08-30,2026-08-30T02:30:00+05:30,6E,6.00E+239,ECONOMY,,30,3363,1018,0,4381,INR,,,,d7cf9dc3b2b567fc4421b29d4fe221bf1bfc5d91536d4a0c8827d40dd21c5976,VALID,1.0,,1,2026-08-30T02:30:00+05:30
8dead983471b4c338194e14aa853cf99,backfill-20260906-213201,simulator,DEL,BLR,DEL-BLR,2026-09-29,2026-08-30,2026-08-30T02:30:00+05:30,AI,AI404,ECONOMY,,30,3410,1020,0,4430,INR,,,,3b0ccce7cd244894caa6b75168e35d25526280f4fe0fb48b9ce4dc7081ed9b57,VALID,1.0,,1,2026-08-30T02:30:00+05:30
eea05c3c595848cebc497f1ee7015d9e,backfill-20260906-213201,simulator,DEL,BLR,DEL-BLR,2026-09-29,2026-08-30,2026-08-30T02:30:00+05:30,AI,AI320,ECONOMY,,30,4423,1071,0,5494,INR,,,,f117f5321ff407b299a83c695dd91155cd67b4316e75be754b73f3c451b50b7d,VALID,1.0,,1,2026-08-30T02:30:00+05:30
e4f3ac797af240e8831b1a9c6511907d,backfill-20260906-213201,simulator,DEL,BLR,DEL-BLR,2026-09-29,2026-08-30,2026-08-30T02:30:00+05:30,QP,QP632,ECONOMY,,30,3838,1042,0,4880,INR,,,,b1ffb22946c096fc60c25294278062e908815c233e5ce9433f1ce626ae379401,VALID,1.0,,1,2026-08-30T02:30:00+05:30
c148c090bc504327bb6b0c39e7bd19b2,backfill-20260906-213201,simulator,DEL,BLR,DEL-BLR,2026-09-29,2026-08-30,2026-08-30T02:30:00+05:30,SG,SG431,ECONOMY,,30,3462,1023,0,4485,INR,,,,9369db49f7d3de6f65911d8972db2af3d2d5ba26017b38ab9a3805aea6790fc9,VALID,1.0,,1,2026-08-30T02:30:00+05:30
93756f91951a4af7b64c355bb27053d4,backfill-20260906-213201,simulator,DEL,BLR,DEL-BLR,2026-10-14,2026-08-30,2026-08-30T02:30:00+05:30,6E,6E518,ECONOMY,,45,3632,1032,0,4664,INR,,,,f7513b53f35ec76ee4fb69076dbeda14b0bf97bed0b0b758880a2a832a5d71fe,VALID,1.0,,1,2026-08-30T02:30:00+05:30
93271fd27f4445ceb7c9f24799198f1d,backfill-20260906-213201,simulator,DEL,BLR,DEL-BLR,2026-10-14,2026-08-30,2026-08-30T02:30:00+05:30,6E,6.00E+262,ECONOMY,,45,3908,1045,0,4953,INR,,,,fd63f8b839c960a872bac8ab8cd29361ca19b6b0984a8a960e60d13e07ef0a0b,VALID,1.0,,1,2026-08-30T02:30:00+05:30
493d0889c11b4eb3988092e740393843,backfill-20260906-213201,simulator,DEL,BLR,DEL-BLR,2026-10-14,2026-08-30,2026-08-30T02:30:00+05:30,6E,6E515,ECONOMY,,45,2871,994,0,3865,INR,,,,c00a7512ec5bb3d613160d4ba0ba4ed2b44f1fc15e5a42cd1c4c9b129400713b,VALID,1.0,,1,2026-08-30T02:30:00+05:30
f83baf8f1fb44537bbd2fd9b93443c1d,backfill-20260906-213201,simulator,DEL,BLR,DEL-BLR,2026-10-14,2026-08-30,2026-08-30T02:30:00+05:30,AI,AI505,ECONOMY,,45,3907,1045,0,4952,INR,,,,99cffb49c1521ff6820232b259448369c8d3de4af23acd08305e45675f1e327c,VALID,1.0,,1,2026-08-30T02:30:00+05:30
8b9edb8997b34f46bd02db64933b968f,backfill-20260906-213201,simulator,DEL,BLR,DEL-BLR,2026-10-14,2026-08-30,2026-08-30T02:30:00+05:30,AI,AI364,ECONOMY,,45,4246,1062,0,5308,INR,,,,bad9c6c3814237ba456525023e717714727ae77c6c40abc8718f4d1f6a1f5072,VALID,1.0,,1,2026-08-30T02:30:00+05:30
2bfbf3c852c74f6aae1c0127bfcefcfb,backfill-20260906-213201,simulator,DEL,BLR,DEL-BLR,2026-10-14,2026-08-30,2026-08-30T02:30:00+05:30,QP,QP816,ECONOMY,,45,4095,1055,0,5150,INR,,,,e2196a8ab306cd620321d1db11fb563ecf9e1fbe48a6a142d9778372e443b330,VALID,1.0,,1,2026-08-30T02:30:00+05:30
407398c106fe474fb99b7329eb42c8aa,backfill-20260906-213201,simulator,DEL,BLR,DEL-BLR,2026-10-14,2026-08-30,2026-08-30T02:30:00+05:30,SG,SG706,ECONOMY,,45,3408,1020,0,4428,INR,,,,412ae06dd95f0ab8cc5745f26128b5cf36d4f02ddf8c602fbdd9b95c779364ce,VALID,1.0,,1,2026-08-30T02:30:00+05:30
50235e7a728246b28fb5982d5a3a90fa,backfill-20260906-213201,simulator,DEL,BOM,DEL-BOM,2026-09-01,2026-08-31,2026-08-31T02:30:00+05:30,6E,6E509,ECONOMY,,1,9316,1316,0,10632,INR,,,,77a7853a4154162ca96dc1d52ed8ef2666749a735c9b843b5557bb2268a9e728,VALID,1.0,,1,2026-08-31T02:30:00+05:30
bfbba323d3924d25aae01a2dcc582c31,backfill-20260906-213201,simulator,DEL,BOM,DEL-BOM,2026-09-01,2026-08-31,2026-08-31T02:30:00+05:30,6E,6E560,ECONOMY,,1,7724,1236,0,8960,INR,,,,654d2914768d0bae8caa8a7791bbf1e858a983d6f0512249675bc510c788d19d,VALID,1.0,,1,2026-08-31T02:30:00+05:30
ad0c467f277647f39cbc4554ec68bd53,backfill-20260906-213201,simulator,DEL,BOM,DEL-BOM,2026-09-01,2026-08-31,2026-08-31T02:30:00+05:30,AI,AI888,ECONOMY,,1,9208,1310,0,10518,INR,,,,372165c35b7cbb3c9c2ed7dab9f712024165f23f20b286de44ebd83bdc4e0295,VALID,1.0,,1,2026-08-31T02:30:00+05:30
6b0be925a49c4a4e9518129b8f6e04bc,backfill-20260906-213201,simulator,DEL,BOM,DEL-BOM,2026-09-01,2026-08-31,2026-08-31T02:30:00+05:30,AI,AI889,ECONOMY,,1,8440,1272,0,9712,INR,,,,65b2f8c9237d97f7cd54055ce758d180227a3299a0e395c9b3bb9e66f9250107,VALID,1.0,,1,2026-08-31T02:30:00+05:30
82849305c49f4db4bddac54d3672c02f,backfill-20260906-213201,simulator,DEL,BOM,DEL-BOM,2026-09-01,2026-08-31,2026-08-31T02:30:00+05:30,QP,QP788,ECONOMY,,1,7855,1243,0,9098,INR,,,,d89fa73a47a5dae46a59fd21235f835ce12072753055cd99ef9be8c373bc2a09,VALID,1.0,,1,2026-08-31T02:30:00+05:30
c5d876cff28341f6b17816d1d5326057,backfill-20260906-213201,simulator,DEL,BOM,DEL-BOM,2026-09-01,2026-08-31,2026-08-31T02:30:00+05:30,SG,SG549,ECONOMY,,1,6366,1168,0,7534,INR,,,,04df3fb519344ed763afda90c2cd772d182ba13384de1e897b609c72b7af5b30,VALID,1.0,,1,2026-08-31T02:30:00+05:30
b4cc4b0b0020433bb364a6351f72850d,backfill-20260906-213201,simulator,DEL,BOM,DEL-BOM,2026-09-07,2026-08-31,2026-08-31T02:30:00+05:30,6E,6E441,ECONOMY,,7,5939,1147,0,7086,INR,,,,2e6c568035b569cdbdabb7bac8b34272d349d0a042e5ef24cb72d2a9a75ed8ea,VALID,1.0,,1,2026-08-31T02:30:00+05:30
c52eaab762db46c0989f04b55825e40f,backfill-20260906-213201,simulator,DEL,BOM,DEL-BOM,2026-09-07,2026-08-31,2026-08-31T02:30:00+05:30,6E,6E487,ECONOMY,,7,5236,1112,0,6348,INR,,,,3023d3bae20c7afa818ecd2376bcb5d6b06cf54100c6f258e371131e916a8e52,VALID,1.0,,1,2026-08-31T02:30:00+05:30
844e3f8f794948369759af0d853c6c25,backfill-20260906-213201,simulator,DEL,BOM,DEL-BOM,2026-09-07,2026-08-31,2026-08-31T02:30:00+05:30,6E,6E400,ECONOMY,,7,5593,1130,0,6723,INR,,,,debc6eef5125da9c8191f25fa65211fc9e4d63c077bcdba09b79ccbab0a996e6,VALID,1.0,,1,2026-08-31T02:30:00+05:30
34c9c7ae593a4ee2b5c6e78970980b14,backfill-20260906-213201,simulator,DEL,BOM,DEL-BOM,2026-09-07,2026-08-31,2026-08-31T02:30:00+05:30,AI,AI351,ECONOMY,,7,5493,1125,0,6618,INR,,,,c1a3a0a091b1eeab9a61c3e417ad9f0c1c3f9bb4f361ea35f1890fa620e31f57,VALID,1.0,,1,2026-08-31T02:30:00+05:30
da42975dfced42a4bbff92d81b52f839,backfill-20260906-213201,simulator,DEL,BOM,DEL-BOM,2026-09-07,2026-08-31,2026-08-31T02:30:00+05:30,AI,AI593,ECONOMY,,7,6099,1155,0,7254,INR,,,,0e8dd90c195df99744f38592cf931bb2a0572a2f15e08a08642c441e5a7e195b,VALID,1.0,,1,2026-08-31T02:30:00+05:30
d924939c1d5742d6a46de34c5881930b,backfill-20260906-213201,simulator,DEL,BOM,DEL-BOM,2026-09-07,2026-08-31,2026-08-31T02:30:00+05:30,QP,QP951,ECONOMY,,7,5290,1114,0,6404,INR,,,,3efe652aab2edb51ee08298227af8a657c46965a7d98a3bcd77c5cf427585da8,VALID,1.0,,1,2026-08-31T02:30:00+05:30
b5dfc58c13ee455f839dcdf796ada71e,backfill-20260906-213201,simulator,DEL,BOM,DEL-BOM,2026-09-07,2026-08-31,2026-08-31T02:30:00+05:30,SG,SG220,ECONOMY,,7,5130,1106,0,6236,INR,,,,d54f3525132ff0a4e62bdf54027d0cfebcd9d72473c352ef2ef38c92c23be111,VALID,1.0,,1,2026-08-31T02:30:00+05:30
5b8e6072e9234187950f53994e75a3cb,backfill-20260906-213201,simulator,DEL,BOM,DEL-BOM,2026-09-15,2026-08-31,2026-08-31T02:30:00+05:30,6E,6E782,ECONOMY,,15,4274,1064,0,5338,INR,,,,2fd8081f275b8c106263b0bccf755b5b89477d5326ed782296a111f437376c10,VALID,1.0,,1,2026-08-31T02:30:00+05:30
dc0555d7737b4e11968f8fceccbe6087,backfill-20260906-213201,simulator,DEL,BOM,DEL-BOM,2026-09-15,2026-08-31,2026-08-31T02:30:00+05:30,6E,6E367,ECONOMY,,15,3899,1045,0,4944,INR,,,,aebf937439263bea4e9fb9f80234504cfc96b16f4a64bc925288b38d234038bb,VALID,1.0,,1,2026-08-31T02:30:00+05:30
6724046fd0644eda98cf6de1041067f6,backfill-20260906-213201,simulator,DEL,BOM,DEL-BOM,2026-09-15,2026-08-31,2026-08-31T02:30:00+05:30,6E,6E447,ECONOMY,,15,3870,1043,0,4913,INR,,,,a865e7ba2c66d0f24fed7ffae9752e54a8bd74986ec73b79704d2c7b43b61d2b,VALID,1.0,,1,2026-08-31T02:30:00+05:30
d1b994fc4e164976bda32e0cf6820d10,backfill-20260906-213201,simulator,DEL,BOM,DEL-BOM,2026-09-15,2026-08-31,2026-08-31T02:30:00+05:30,AI,AI200,ECONOMY,,15,3986,1049,0,5035,INR,,,,6a0f4e4d8574bce629fb60ee23f6109d1316a3f757e12dddbc9621aa16b357eb,VALID,1.0,,1,2026-08-31T02:30:00+05:30
bbb56775f41d4631bad994726cb80bb6,backfill-20260906-213201,simulator,DEL,BOM,DEL-BOM,2026-09-15,2026-08-31,2026-08-31T02:30:00+05:30,AI,AI319,ECONOMY,,15,4514,1076,0,5590,INR,,,,2aa3a8f3d556fd0f4fd52380828d9e1857d21e8a1dab42b2b066821ce7fc0251,VALID,1.0,,1,2026-08-31T02:30:00+05:30
89ab610fe0474346b24e94426e6a4bcc,backfill-20260906-213201,simulator,DEL,BOM,DEL-BOM,2026-09-15,2026-08-31,2026-08-31T02:30:00+05:30,QP,QP340,ECONOMY,,15,3697,1035,0,4732,INR,,,,68a0bcf8a449115e7cede2379c3a514533ad9c94dffa3809f307cd3a080c2962,VALID,1.0,,1,2026-08-31T02:30:00+05:30
345bc2987ee345a8a85c286232ce139f,backfill-20260906-213201,simulator,DEL,BOM,DEL-BOM,2026-09-15,2026-08-31,2026-08-31T02:30:00+05:30,SG,SG380,ECONOMY,,15,3402,1020,0,4422,INR,,,,fe95a2b776371fcb5752fed8b28a2509045792d5f980daa995d2f0d5ee6afeea,VALID,1.0,,1,2026-08-31T02:30:00+05:30
fa4d0d8241b747cb9ff077baa3c47e4c,backfill-20260906-213201,simulator,DEL,BOM,DEL-BOM,2026-09-30,2026-08-31,2026-08-31T02:30:00+05:30,6E,6E329,ECONOMY,,30,3618,1031,0,4649,INR,,,,6db5f9d2793b26be8d2fe9e96d14ad54b7b80f3cc1f180e3fd23c50d73945e39,VALID,1.0,,1,2026-08-31T02:30:00+05:30
36da3e759d07485abae97a597ed24658,backfill-20260906-213201,simulator,DEL,BOM,DEL-BOM,2026-09-30,2026-08-31,2026-08-31T02:30:00+05:30,6E,6E997,ECONOMY,,30,3006,1000,0,4006,INR,,,,4ca0f7f9bb3894387bfbd529f46b5017898e07eaa8fecd5284e4a41b8891356a,VALID,1.0,,1,2026-08-31T02:30:00+05:30
78c3ff50f9a34a33a75aa55379d95b61,backfill-20260906-213201,simulator,DEL,BOM,DEL-BOM,2026-09-30,2026-08-31,2026-08-31T02:30:00+05:30,6E,6E881,ECONOMY,,30,3631,1032,0,4663,INR,,,,4aebbb842b9afe8734edb1c6729315761d4086a4bc40ebc8c63b6ba5d411d0d5,VALID,1.0,,1,2026-08-31T02:30:00+05:30
47f2ed96d0f544569a7a40c9ba0eb3b5,backfill-20260906-213201,simulator,DEL,BOM,DEL-BOM,2026-09-30,2026-08-31,2026-08-31T02:30:00+05:30,AI,AI939,ECONOMY,,30,3796,1040,0,4836,INR,,,,f046592fbe83c145a29cd70f326ba41cb64404268781e5904608b9c337a5453e,VALID,1.0,,1,2026-08-31T02:30:00+05:30
eaab86a95fc64f40b5fdc8cebe317356,backfill-20260906-213201,simulator,DEL,BOM,DEL-BOM,2026-09-30,2026-08-31,2026-08-31T02:30:00+05:30,AI,AI888,ECONOMY,,30,4310,1066,0,5376,INR,,,,095e000be9070c2a8ef8b2d689c4027c0b8dcd8b3b65daf77c177b51c2d1ee48,VALID,1.0,,1,2026-08-31T02:30:00+05:30
83fe06f281fb45aca55a2fc2030a9132,backfill-20260906-213201,simulator,DEL,BOM,DEL-BOM,2026-09-30,2026-08-31,2026-08-31T02:30:00+05:30,QP,QP814,ECONOMY,,30,2975,999,0,3974,INR,,,,4c504678e1e98bcc115cc23b68c95eec12f2da93dd72e9e1fd99f730d97aacfb,VALID,1.0,,1,2026-08-31T02:30:00+05:30
373fc52c49534136a794f061139e0968,backfill-20260906-213201,simulator,DEL,BOM,DEL-BOM,2026-09-30,2026-08-31,2026-08-31T02:30:00+05:30,SG,SG386,ECONOMY,,30,3022,1001,0,4023,INR,,,,3bcc10ac4ddec0d234fc0b824ba135632888f4d330b9361e43054270d5d22891,VALID,1.0,,1,2026-08-31T02:30:00+05:30
633d1ed543b341e49e9e83630fb1378c,backfill-20260906-213201,simulator,DEL,BOM,DEL-BOM,2026-10-15,2026-08-31,2026-08-31T02:30:00+05:30,6E,6E715,ECONOMY,,45,3450,1023,0,4473,INR,,,,92d02e805c116149be2c00c6f39d79e13fc2ca1a58390c258b2541f25fa424ad,VALID,1.0,,1,2026-08-31T02:30:00+05:30
30f4d43de9c14f9b807efcd55910dbaf,backfill-20260906-213201,simulator,DEL,BOM,DEL-BOM,2026-10-15,2026-08-31,2026-08-31T02:30:00+05:30,6E,6E682,ECONOMY,,45,3619,1031,0,4650,INR,,,,ab401d2596b0f203da184a2d3169f267ee08022e3223728da137a2761e4d3442,VALID,1.0,,1,2026-08-31T02:30:00+05:30
7dbefd806525415e82a8f11f852d204a,backfill-20260906-213201,simulator,DEL,BOM,DEL-BOM,2026-10-15,2026-08-31,2026-08-31T02:30:00+05:30,6E,6E603,ECONOMY,,45,2895,995,0,3890,INR,,,,3bbdd8bb6074013f36d960dcc924cc567786b89003f39fd5a85f630ceb7e39f1,VALID,1.0,,1,2026-08-31T02:30:00+05:30
f7ddd0e0fd0241bb81f086028f5456af,backfill-20260906-213201,simulator,DEL,BOM,DEL-BOM,2026-10-15,2026-08-31,2026-08-31T02:30:00+05:30,AI,AI531,ECONOMY,,45,3990,1049,0,5039,INR,,,,da6b01b982c1df4366a64ec89b5846c284fa811f0e9527c13a6001e727c05387,VALID,1.0,,1,2026-08-31T02:30:00+05:30
c30f391561c742e7a66ffa6c83aefde9,backfill-20260906-213201,simulator,DEL,BOM,DEL-BOM,2026-10-15,2026-08-31,2026-08-31T02:30:00+05:30,AI,AI860,ECONOMY,,45,3736,1037,0,4773,INR,,,,52291a7b563aa46cc7c96f40181a3483ee8e2c4984681e0b8e30d43712f50aee,VALID,1.0,,1,2026-08-31T02:30:00+05:30
05e3c7c9314e4d1790b2d7b926f4399e,backfill-20260906-213201,simulator,DEL,BOM,DEL-BOM,2026-10-15,2026-08-31,2026-08-31T02:30:00+05:30,QP,QP792,ECONOMY,,45,3034,1002,0,4036,INR,,,,27c5f9e8288c1a37da0ffe31e983512785c4f364abb0e1dac074a677e8915b54,VALID,1.0,,1,2026-08-31T02:30:00+05:30
de19ccf258834ab28dfe10d84da8cdc5,backfill-20260906-213201,simulator,DEL,BOM,DEL-BOM,2026-10-15,2026-08-31,2026-08-31T02:30:00+05:30,SG,SG877,ECONOMY,,45,3166,1008,0,4174,INR,,,,e7fc26dd09c9863770df9ad6e62d25a8f544927ba01da9658c7ade83d620fbfe,VALID,1.0,,1,2026-08-31T02:30:00+05:30
a68203e96531451e846b131270b03a9b,backfill-20260906-213201,simulator,DEL,BLR,DEL-BLR,2026-09-01,2026-08-31,2026-08-31T02:30:00+05:30,6E,6.00E+289,ECONOMY,,1,8722,1286,0,10008,INR,,,,17eadec4cb63d38e455569b88ecfcea8a35b5288b247d5c015ce18d75a4d5dc5,VALID,1.0,,1,2026-08-31T02:30:00+05:30
4de6734cd21a43b68f9ac94934c2345a,backfill-20260906-213201,simulator,DEL,BLR,DEL-BLR,2026-09-01,2026-08-31,2026-08-31T02:30:00+05:30,6E,6.00E+295,ECONOMY,,1,8597,1280,0,9877,INR,,,,93b72fdeb6ab7a4865bb4000df886fd8f6453fca2eeab31517d866151e7ffd9d,VALID,1.0,,1,2026-08-31T02:30:00+05:30
2868edcac7e64fa5bedbdb3e90280d55,backfill-20260906-213201,simulator,DEL,BLR,DEL-BLR,2026-09-01,2026-08-31,2026-08-31T02:30:00+05:30,6E,6E986,ECONOMY,,1,9870,1344,0,11214,INR,,,,0702f8c7c06440b1e05fe07e313c6dc91fdc2b00a1dd28d66a3173a0fde1afa5,VALID,1.0,,1,2026-08-31T02:30:00+05:30
128fe48ecc664f16be6ab12799f38773,backfill-20260906-213201,simulator,DEL,BLR,DEL-BLR,2026-09-01,2026-08-31,2026-08-31T02:30:00+05:30,AI,AI749,ECONOMY,,1,9670,1333,0,11003,INR,,,,12678912f2c11e4f7b3f5a640509b51903a0cf92d390cf649419765c4762ece6,VALID,1.0,,1,2026-08-31T02:30:00+05:30
bb2d605621174affbd451172f84adbf2,backfill-20260906-213201,simulator,DEL,BLR,DEL-BLR,2026-09-01,2026-08-31,2026-08-31T02:30:00+05:30,AI,AI621,ECONOMY,,1,8587,1279,0,9866,INR,,,,eb367ce4cd4860b8e7f93bb05769c1ee094f840210f42b22e52de561e6120ca7,VALID,1.0,,1,2026-08-31T02:30:00+05:30
ec03b63b5df949ffb9133751f372418f,backfill-20260906-213201,simulator,DEL,BLR,DEL-BLR,2026-09-01,2026-08-31,2026-08-31T02:30:00+05:30,QP,QP743,ECONOMY,,1,8682,1284,0,9966,INR,,,,c541d01c32b1366d61b385b28cbe65e43bf99b5135030f21b197e9b1dffbbb85,VALID,1.0,,1,2026-08-31T02:30:00+05:30
b18f8f9018b6413a89384f69ea287995,backfill-20260906-213201,simulator,DEL,BLR,DEL-BLR,2026-09-01,2026-08-31,2026-08-31T02:30:00+05:30,SG,SG698,ECONOMY,,1,7473,1224,0,8697,INR,,,,3d3368fef1895f16f49ca10f93d3b108fee4a24e45620e83c6a73b3a8f01bac0,VALID,1.0,,1,2026-08-31T02:30:00+05:30
511fea12b4654c669480431181dccdbf,backfill-20260906-213201,simulator,DEL,BLR,DEL-BLR,2026-09-07,2026-08-31,2026-08-31T02:30:00+05:30,6E,6E491,ECONOMY,,7,5574,1129,0,6703,INR,,,,d4b18d913b75dcd72c2646ba578cdb28b65f6793f1b4a1f0edd4b60f89b436a7,VALID,1.0,,1,2026-08-31T02:30:00+05:30
4f7502e974464772b6e5435763492953,backfill-20260906-213201,simulator,DEL,BLR,DEL-BLR,2026-09-07,2026-08-31,2026-08-31T02:30:00+05:30,6E,6E414,ECONOMY,,7,6156,1158,0,7314,INR,,,,6d3c07425fede4269cabda2ee45fa0ca817546ffac7a2df95ce5cb3d93e64b44,VALID,1.0,,1,2026-08-31T02:30:00+05:30
bac55b471b344250b8bfe57d75560953,backfill-20260906-213201,simulator,DEL,BLR,DEL-BLR,2026-09-07,2026-08-31,2026-08-31T02:30:00+05:30,6E,6E528,ECONOMY,,7,6512,1176,0,7688,INR,,,,3d385dec6a33fbce187b6f2b92ef9303931943d9229085a8206976be2b3a4700,VALID,1.0,,1,2026-08-31T02:30:00+05:30
44fe81b819714a1d8f60aa561c0578b7,backfill-20260906-213201,simulator,DEL,BLR,DEL-BLR,2026-09-07,2026-08-31,2026-08-31T02:30:00+05:30,AI,AI652,ECONOMY,,7,6259,1163,0,7422,INR,,,,7ed78b1a3b37984ebb1e9f9cb8cf61f36b7facee0629653b1b35a4314ebbb241,VALID,1.0,,1,2026-08-31T02:30:00+05:30
3e085b64048f4ed894e9ed1156d8dad5,backfill-20260906-213201,simulator,DEL,BLR,DEL-BLR,2026-09-07,2026-08-31,2026-08-31T02:30:00+05:30,AI,AI799,ECONOMY,,7,5611,1131,0,6742,INR,,,,1263d64a39be001bdbe48b30221613aa136c0096b49d1e95f70d25a68d18fc9d,VALID,1.0,,1,2026-08-31T02:30:00+05:30
08277914f12e42e98598ab84d078d140,backfill-20260906-213201,simulator,DEL,BLR,DEL-BLR,2026-09-07,2026-08-31,2026-08-31T02:30:00+05:30,QP,QP854,ECONOMY,,7,6370,1169,0,7539,INR,,,,bfd7713e991ff0e07337c023c7d1a74722c0742caddbf2e29b5897ad754b00fb,VALID,1.0,,1,2026-08-31T02:30:00+05:30
235a75a2e48e41cc85143536d173cb96,backfill-20260906-213201,simulator,DEL,BLR,DEL-BLR,2026-09-07,2026-08-31,2026-08-31T02:30:00+05:30,SG,SG989,ECONOMY,,7,6675,1184,0,7859,INR,,,,7778fdaa12427b9b796439340d911eb5d2ab79ed016bbc7b409892cab362a470,VALID,1.0,,1,2026-08-31T02:30:00+05:30
93a3a63d8cc84fdfa350ca6a77dd572b,backfill-20260906-213201,simulator,DEL,BLR,DEL-BLR,2026-09-15,2026-08-31,2026-08-31T02:30:00+05:30,6E,6E391,ECONOMY,,15,4817,1091,0,5908,INR,,,,b31213156827bf8ae4ec048402212ec939542a2da21f57dd0b8b1936e069dfc5,VALID,1.0,,1,2026-08-31T02:30:00+05:30
587cecd8b04c4647b4c929bd2b40185d,backfill-20260906-213201,simulator,DEL,BLR,DEL-BLR,2026-09-15,2026-08-31,2026-08-31T02:30:00+05:30,6E,6.00E+237,ECONOMY,,15,5089,1104,0,6193,INR,,,,b9ff5cc5d41d07a79c6e74d2347491cd4f0111f583c034fe32271fb65ee83e79,VALID,1.0,,1,2026-08-31T02:30:00+05:30
bb311a9ae8b545a68c3e2b91a1476388,backfill-20260906-213201,simulator,DEL,BLR,DEL-BLR,2026-09-15,2026-08-31,2026-08-31T02:30:00+05:30,6E,6E582,ECONOMY,,15,4294,1065,0,5359,INR,,,,b44ca6605c146be1efc52b090b1084692e8944a11b11be2752784e4da5db1e9f,VALID,1.0,,1,2026-08-31T02:30:00+05:30
5741201cde304b79bb91ebd2fc87eb1d,backfill-20260906-213201,simulator,DEL,BLR,DEL-BLR,2026-09-15,2026-08-31,2026-08-31T02:30:00+05:30,AI,AI860,ECONOMY,,15,4589,1079,0,5668,INR,,,,f6a92edc8040418170b374b253b68f4436027ce4d8a3dda8d4f13bcf263d9fda,VALID,1.0,,1,2026-08-31T02:30:00+05:30
6c8770db020144b8ba0c54816766288c,backfill-20260906-213201,simulator,DEL,BLR,DEL-BLR,2026-09-15,2026-08-31,2026-08-31T02:30:00+05:30,AI,AI298,ECONOMY,,15,4505,1075,0,5580,INR,,,,64d32413b640cda70af5661d127c48815acba94498823daf66a7d9cba26528ef,VALID,1.0,,1,2026-08-31T02:30:00+05:30
783490651c6043b38f62e35daf6e99bb,backfill-20260906-213201,simulator,DEL,BLR,DEL-BLR,2026-09-15,2026-08-31,2026-08-31T02:30:00+05:30,QP,QP913,ECONOMY,,15,3990,1049,0,5039,INR,,,,ced2d7e53a39e3caa2d4ef57e929ecf09bd1957fdd9fe5b8fab529ffd2973eb0,VALID,1.0,,1,2026-08-31T02:30:00+05:30
109f44264e794c4b823ca34bb4703192,backfill-20260906-213201,simulator,DEL,BLR,DEL-BLR,2026-09-15,2026-08-31,2026-08-31T02:30:00+05:30,SG,SG287,ECONOMY,,15,4030,1052,0,5082,INR,,,,53c701885229666e1df44185c9a7d2d2d35a89be2e89a546e5510615e52429f8,VALID,1.0,,1,2026-08-31T02:30:00+05:30
eb53e0bcb5ee44da9b760791ebde33f9,backfill-20260906-213201,simulator,DEL,BLR,DEL-BLR,2026-09-30,2026-08-31,2026-08-31T02:30:00+05:30,6E,6E551,ECONOMY,,30,4122,1056,0,5178,INR,,,,96ac6179b03d4f372b785981a583eb46e94a97c691fefcb40dbbe4b63630f769,VALID,1.0,,1,2026-08-31T02:30:00+05:30
74a602d419c542c0a92a299910850003,backfill-20260906-213201,simulator,DEL,BLR,DEL-BLR,2026-09-30,2026-08-31,2026-08-31T02:30:00+05:30,6E,6.00E+226,ECONOMY,,30,4384,1069,0,5453,INR,,,,bcd4790fbdf8b53bdc031917571463242c32018c56abfb54daff7a5d714b5ba5,VALID,1.0,,1,2026-08-31T02:30:00+05:30
d802c9cb6f4c475b9c5e51039e059c17,backfill-20260906-213201,simulator,DEL,BLR,DEL-BLR,2026-09-30,2026-08-31,2026-08-31T02:30:00+05:30,6E,6E809,ECONOMY,,30,3983,1049,0,5032,INR,,,,aff67674ca4ac8c86f0ad7b6392aada0f912a72dba506c5bd115d7fdeedfd25e,VALID,1.0,,1,2026-08-31T02:30:00+05:30
d4ff8b83338b4fd59bbc901eba255955,backfill-20260906-213201,simulator,DEL,BLR,DEL-BLR,2026-09-30,2026-08-31,2026-08-31T02:30:00+05:30,AI,AI328,ECONOMY,,30,4596,1080,0,5676,INR,,,,7eaadba670646701c1bac8e29fcd0a29d3c5891c5b07182fb839e82d448ba3e2,VALID,1.0,,1,2026-08-31T02:30:00+05:30
f5abc6acefb5428180c98dde72007f5d,backfill-20260906-213201,simulator,DEL,BLR,DEL-BLR,2026-09-30,2026-08-31,2026-08-31T02:30:00+05:30,AI,AI943,ECONOMY,,30,4154,1058,0,5212,INR,,,,98b13bca2a19f0c8cc9713d7094dac5488fb3d273c8431865d04eefcf0f7f907,VALID,1.0,,1,2026-08-31T02:30:00+05:30
4edfa47a2fe84ad7ba28e14aea87bbff,backfill-20260906-213201,simulator,DEL,BLR,DEL-BLR,2026-09-30,2026-08-31,2026-08-31T02:30:00+05:30,QP,QP938,ECONOMY,,30,4089,1054,0,5143,INR,,,,d1474d345aa71fdb063cf2c3730e4cff9b60c23ec101811f2b0bd5c7447cf21e,VALID,1.0,,1,2026-08-31T02:30:00+05:30
78fb53b396254c5db1e2caf9a29f2e9d,backfill-20260906-213201,simulator,DEL,BLR,DEL-BLR,2026-09-30,2026-08-31,2026-08-31T02:30:00+05:30,SG,SG394,ECONOMY,,30,3851,1043,0,4894,INR,,,,bd4b221e52bd87b4a980f779960197d80cdabf3693dd20c81a1e64b92e7030a8,VALID,1.0,,1,2026-08-31T02:30:00+05:30
cfb4f28fd62a4327b71cd19f322ef428,backfill-20260906-213201,simulator,DEL,BLR,DEL-BLR,2026-10-15,2026-08-31,2026-08-31T02:30:00+05:30,6E,6E358,ECONOMY,,45,4081,1054,0,5135,INR,,,,88943feb86631f8946ee4afe5501df367a10610983b5a80a92dd504f60fe7a13,VALID,1.0,,1,2026-08-31T02:30:00+05:30
e418843b474741b0a5164a21fea86040,backfill-20260906-213201,simulator,DEL,BLR,DEL-BLR,2026-10-15,2026-08-31,2026-08-31T02:30:00+05:30,6E,6E835,ECONOMY,,45,4361,1068,0,5429,INR,,,,1a24d7f2af4503166a0798e3f36ac6d722c70b55961af62e710aded23c564dba,VALID,1.0,,1,2026-08-31T02:30:00+05:30
49add538dfcd4c2385d1d18bf721bd81,backfill-20260906-213201,simulator,DEL,BLR,DEL-BLR,2026-10-15,2026-08-31,2026-08-31T02:30:00+05:30,6E,6E385,ECONOMY,,45,3668,1033,0,4701,INR,,,,7387fe7e66b2d1f47f2e727afeb5f866d5d544466b10aa06c236b6b049931d3c,VALID,1.0,,1,2026-08-31T02:30:00+05:30
764ec754abd54ba1a92eae1790be6551,backfill-20260906-213201,simulator,DEL,BLR,DEL-BLR,2026-10-15,2026-08-31,2026-08-31T02:30:00+05:30,AI,AI659,ECONOMY,,45,3836,1042,0,4878,INR,,,,6f5ab48cebf26eb0f44d15958a44dd844471d73ef56e5694bce0f75fc4e1459c,VALID,1.0,,1,2026-08-31T02:30:00+05:30
8b0d50b36a2b4b47af1e9536ffb6bf87,backfill-20260906-213201,simulator,DEL,BLR,DEL-BLR,2026-10-15,2026-08-31,2026-08-31T02:30:00+05:30,AI,AI888,ECONOMY,,45,4242,1062,0,5304,INR,,,,8c631c3d671108f72fa0c2ea36db4d51e6210a04ec9c0571e3df8438927de6b3,VALID,1.0,,1,2026-08-31T02:30:00+05:30
24ad7cd8675a43ba88619d57e8c48660,backfill-20260906-213201,simulator,DEL,BLR,DEL-BLR,2026-10-15,2026-08-31,2026-08-31T02:30:00+05:30,QP,QP489,ECONOMY,,45,3569,1028,0,4597,INR,,,,216538e6823fdcf50273da65dc29b15ae9a0fac477c487b8b992b75129d21fc7,VALID,1.0,,1,2026-08-31T02:30:00+05:30
c2af0d65b0ba4feebdfa2ddc0b1f1bcd,backfill-20260906-213201,simulator,DEL,BLR,DEL-BLR,2026-10-15,2026-08-31,2026-08-31T02:30:00+05:30,SG,SG415,ECONOMY,,45,3659,1033,0,4692,INR,,,,c60179e7fbc653b43356cfbf841eea7dd73b8b02d424f3a1b16932f351c5d5e4,VALID,1.0,,1,2026-08-31T02:30:00+05:30
2142b2130811485480c15e98e26791a3,backfill-20260906-213201,simulator,DEL,BOM,DEL-BOM,2026-09-02,2026-09-01,2026-09-01T02:30:00+05:30,6E,6E869,ECONOMY,,1,8160,1258,0,9418,INR,,,,d32e2e26f9b9588778b42a41cefbf343f54f384c6b75bf6703cc2415ea3a100f,VALID,1.0,,1,2026-09-01T02:30:00+05:30
9affb5a6e3c24d8680af8cd6400a661c,backfill-20260906-213201,simulator,DEL,BOM,DEL-BOM,2026-09-02,2026-09-01,2026-09-01T02:30:00+05:30,6E,6.00E+294,ECONOMY,,1,8015,1251,0,9266,INR,,,,7e7d49fc5de1743fa87da9aabd1835ff5109c0dcc3599ee22ef296a2473362e6,VALID,1.0,,1,2026-09-01T02:30:00+05:30
c37fd81835904c2db06def361d9140b3,backfill-20260906-213201,simulator,DEL,BOM,DEL-BOM,2026-09-02,2026-09-01,2026-09-01T02:30:00+05:30,6E,6E984,ECONOMY,,1,7170,1208,0,8378,INR,,,,7c64e3ea1b28050f52f46c985c4ca7e75a1be0340c04828dc0eb870d0cfa3e19,VALID,1.0,,1,2026-09-01T02:30:00+05:30
203adc5f57e7419d9db21203155b6d44,backfill-20260906-213201,simulator,DEL,BOM,DEL-BOM,2026-09-02,2026-09-01,2026-09-01T02:30:00+05:30,AI,AI730,ECONOMY,,1,7152,1208,0,8360,INR,,,,009c19f3dcef3d1f403576a30357a7ffc9a9d7ba7dc55e34952e5e2810578298,VALID,1.0,,1,2026-09-01T02:30:00+05:30
4a8c38d2c357479498727856eee32504,backfill-20260906-213201,simulator,DEL,BOM,DEL-BOM,2026-09-02,2026-09-01,2026-09-01T02:30:00+05:30,AI,AI783,ECONOMY,,1,8559,1278,0,9837,INR,,,,d2c916998e0ec2995f112e41e9fe60a7073b6a93daff78983d16250b9c8b572b,VALID,1.0,,1,2026-09-01T02:30:00+05:30
e660e7c80c59443c9975153454cb95fa,backfill-20260906-213201,simulator,DEL,BOM,DEL-BOM,2026-09-02,2026-09-01,2026-09-01T02:30:00+05:30,QP,QP477,ECONOMY,,1,7378,1219,0,8597,INR,,,,d64190896e9fb7dd7c39e0f80d7cd3e3d3b9f7819e1c6594cd5c32e2cf24ba51,VALID,1.0,,1,2026-09-01T02:30:00+05:30
717eb3aa607b4c4a8408cfcd3832ec14,backfill-20260906-213201,simulator,DEL,BOM,DEL-BOM,2026-09-02,2026-09-01,2026-09-01T02:30:00+05:30,SG,SG738,ECONOMY,,1,6955,1198,0,8153,INR,,,,af7f7ca65028378336cfc4e37c54e0ccab2b7ec2984411e940b27cd449f662ea,VALID,1.0,,1,2026-09-01T02:30:00+05:30
682ab1be408a40659abb5b4bd92a81a2,backfill-20260906-213201,simulator,DEL,BOM,DEL-BOM,2026-09-08,2026-09-01,2026-09-01T02:30:00+05:30,6E,6E887,ECONOMY,,7,5120,1106,0,6226,INR,,,,d648f76338896add7c346a062dceac8fa8319f0132e6c808dc4cf546f1cc2fc9,VALID,1.0,,1,2026-09-01T02:30:00+05:30
777b2aa5578c4abe80e5a20102cf4e14,backfill-20260906-213201,simulator,DEL,BOM,DEL-BOM,2026-09-08,2026-09-01,2026-09-01T02:30:00+05:30,6E,6E545,ECONOMY,,7,5122,1106,0,6228,INR,,,,57c73006e8ed4485f0b04a60141b3be067816b748de0265aaa0a496febe19626,VALID,1.0,,1,2026-09-01T02:30:00+05:30
f45e84bba65946ba9a39da1752a080fc,backfill-20260906-213201,simulator,DEL,BOM,DEL-BOM,2026-09-08,2026-09-01,2026-09-01T02:30:00+05:30,6E,6E380,ECONOMY,,7,5597,1130,0,6727,INR,,,,e6692ed7eeaef15fc67d154b000887cdb00b8934047dbe4fef71a08cf9feef77,VALID,1.0,,1,2026-09-01T02:30:00+05:30
3410f9bb819a4b28b4c588037824d6a3,backfill-20260906-213201,simulator,DEL,BOM,DEL-BOM,2026-09-08,2026-09-01,2026-09-01T02:30:00+05:30,AI,AI827,ECONOMY,,7,5115,1106,0,6221,INR,,,,05af11152d6891f561aed9f8f5bca8316f3f0c175fec706c57411b534139a8d9,VALID,1.0,,1,2026-09-01T02:30:00+05:30
a865d64f60114e559d119ab401d964ac,backfill-20260906-213201,simulator,DEL,BOM,DEL-BOM,2026-09-08,2026-09-01,2026-09-01T02:30:00+05:30,AI,AI444,ECONOMY,,7,5357,1118,0,6475,INR,,,,cfb3544187405046d9ce7c611f0c7ba6e26f40eff165b738a550ec5aed206401,VALID,1.0,,1,2026-09-01T02:30:00+05:30
b7ef6962f8fd4b89930654b3456b5179,backfill-20260906-213201,simulator,DEL,BOM,DEL-BOM,2026-09-08,2026-09-01,2026-09-01T02:30:00+05:30,QP,QP249,ECONOMY,,7,4681,1084,0,5765,INR,,,,97d87d91a67f50386312d298bf1c8a3cfa848a0189e831888247823886225690,VALID,1.0,,1,2026-09-01T02:30:00+05:30
c422d46ccc6341ad955db7ee9f295d16,backfill-20260906-213201,simulator,DEL,BOM,DEL-BOM,2026-09-08,2026-09-01,2026-09-01T02:30:00+05:30,SG,SG488,ECONOMY,,7,5054,1103,0,6157,INR,,,,7a4622e43ffbf249855d5ceeb0ab4c705694fedb3b9b4511d82f6f00471814d6,VALID,1.0,,1,2026-09-01T02:30:00+05:30
066915036d46485b8f936c25b0d22549,backfill-20260906-213201,simulator,DEL,BOM,DEL-BOM,2026-09-16,2026-09-01,2026-09-01T02:30:00+05:30,6E,6E614,ECONOMY,,15,3433,1022,0,4455,INR,,,,2737be7d3ca125ca8bc8507f7dc20a9321ea64c0e54b3c8ba7e080e4b8f7fa23,VALID,1.0,,1,2026-09-01T02:30:00+05:30
0d6ea7ac776a4a8baafc2acedde6c018,backfill-20260906-213201,simulator,DEL,BOM,DEL-BOM,2026-09-16,2026-09-01,2026-09-01T02:30:00+05:30,6E,6E417,ECONOMY,,15,4036,1052,0,5088,INR,,,,a4fd8f749b02b4d06b9f25d299ae1f6ed956b3fa9e146dc1c3af96f2333d9c74,VALID,1.0,,1,2026-09-01T02:30:00+05:30
f9e180db781246ba90fad2db1bec75bf,backfill-20260906-213201,simulator,DEL,BOM,DEL-BOM,2026-09-16,2026-09-01,2026-09-01T02:30:00+05:30,6E,6.00E+262,ECONOMY,,15,4067,1053,0,5120,INR,,,,2c7fdef249ef65d61852449d43e93c2ee7b69682a7067644a3b6c5afa3516328,VALID,1.0,,1,2026-09-01T02:30:00+05:30
eb4d8e911b884ed183588982ba530a51,backfill-20260906-213201,simulator,DEL,BOM,DEL-BOM,2026-09-16,2026-09-01,2026-09-01T02:30:00+05:30,AI,AI628,ECONOMY,,15,3639,1032,0,4671,INR,,,,635d1e5d3624193d4699538ced0c9395116ef9509d13915f9f57ef0ace9e692a,VALID,1.0,,1,2026-09-01T02:30:00+05:30
1f4a9503292a4d7eb9bb0120dbb5922b,backfill-20260906-213201,simulator,DEL,BOM,DEL-BOM,2026-09-16,2026-09-01,2026-09-01T02:30:00+05:30,AI,AI489,ECONOMY,,15,4375,1069,0,5444,INR,,,,01bc523aca9210c02dc8c3595e115289c2b9f40ecf095c1ae024e8ba09cc4aad,VALID,1.0,,1,2026-09-01T02:30:00+05:30
9d293e52c0a14a6e9b5ae097ecfd70ba,backfill-20260906-213201,simulator,DEL,BOM,DEL-BOM,2026-09-16,2026-09-01,2026-09-01T02:30:00+05:30,QP,QP282,ECONOMY,,15,3350,1018,0,4368,INR,,,,48d632090f7c940d5d4b8ce4f40f5e53713a42ff357feb88cfdc613c3ba5583d,VALID,1.0,,1,2026-09-01T02:30:00+05:30
b779b1df63a24d4d964e9a8997f12d10,backfill-20260906-213201,simulator,DEL,BOM,DEL-BOM,2026-09-16,2026-09-01,2026-09-01T02:30:00+05:30,SG,SG725,ECONOMY,,15,4430,1072,0,5502,INR,,,,d6740a75f0cd13c05af8146f28a8f3a59a4e6011580d7465b357456bd1109e4e,VALID,1.0,,1,2026-09-01T02:30:00+05:30
ea4c622adf4a4c50b03768ded70869ce,backfill-20260906-213201,simulator,DEL,BOM,DEL-BOM,2026-10-01,2026-09-01,2026-09-01T02:30:00+05:30,6E,6E498,ECONOMY,,30,3542,1027,0,4569,INR,,,,ae16844fd18415ad1b1e1840f964fb3eae0fa92b04ed6634f993e8c0d4f314b4,VALID,1.0,,1,2026-09-01T02:30:00+05:30
ea15ceeec74b42d28702f376ab780c25,backfill-20260906-213201,simulator,DEL,BOM,DEL-BOM,2026-10-01,2026-09-01,2026-09-01T02:30:00+05:30,6E,6E592,ECONOMY,,30,3443,1022,0,4465,INR,,,,056cfb125e2c8bc599c4114d203c61731734507e5232c89651153eab9a56b85c,VALID,1.0,,1,2026-09-01T02:30:00+05:30
567f9ad33ff44d30b1afe4ac5fed0da2,backfill-20260906-213201,simulator,DEL,BOM,DEL-BOM,2026-10-01,2026-09-01,2026-09-01T02:30:00+05:30,6E,6E623,ECONOMY,,30,2936,997,0,3933,INR,,,,199bddb3eb691ca7a06af202ce4f596ff85a18134fc8eaa0426cb21d57018dc5,VALID,1.0,,1,2026-09-01T02:30:00+05:30
0b8c0e6940164135a415ed1d0febbd09,backfill-20260906-213201,simulator,DEL,BOM,DEL-BOM,2026-10-01,2026-09-01,2026-09-01T02:30:00+05:30,AI,AI501,ECONOMY,,30,3859,1043,0,4902,INR,,,,0f5de82effe5d4277bcd5be51164465c5536d4e9e07ab7ba7fff778fca574a49,VALID,1.0,,1,2026-09-01T02:30:00+05:30
09a1bb12e31f4ccb8e6abc4e045b9ae8,backfill-20260906-213201,simulator,DEL,BOM,DEL-BOM,2026-10-01,2026-09-01,2026-09-01T02:30:00+05:30,AI,AI970,ECONOMY,,30,3654,1033,0,4687,INR,,,,113cada11abcb2b9da9ec66cbee4b9cf9d5ce93d7e67e45b576f9d9c40c1403b,VALID,1.0,,1,2026-09-01T02:30:00+05:30
cfd3ffe127b04073ae82fa4716fdbf7e,backfill-20260906-213201,simulator,DEL,BOM,DEL-BOM,2026-10-01,2026-09-01,2026-09-01T02:30:00+05:30,QP,QP569,ECONOMY,,30,3621,1031,0,4652,INR,,,,58298829a47eca431d1a7ee73df3ccf70cec8411684896f3290a382a1abf5df5,VALID,1.0,,1,2026-09-01T02:30:00+05:30
0ea67c1c248d49cc99799b392f299a8b,backfill-20260906-213201,simulator,DEL,BOM,DEL-BOM,2026-10-01,2026-09-01,2026-09-01T02:30:00+05:30,SG,SG546,ECONOMY,,30,2939,997,0,3936,INR,,,,68ef4e9a7cad2be37d94f6afb5024363dd21777d829a4afce8376e41dd406346,VALID,1.0,,1,2026-09-01T02:30:00+05:30
a550be4e23654b09b9bdf414c1f27c29,backfill-20260906-213201,simulator,DEL,BOM,DEL-BOM,2026-10-16,2026-09-01,2026-09-01T02:30:00+05:30,6E,6E370,ECONOMY,,45,3932,1047,0,4979,INR,,,,5543f73d2d66bc311ed079d94bb24fb48d5f2b6f95787769115bcb7104fb9e27,VALID,1.0,,1,2026-09-01T02:30:00+05:30
77c39283d2c84abf959efc808fa89c2f,backfill-20260906-213201,simulator,DEL,BOM,DEL-BOM,2026-10-16,2026-09-01,2026-09-01T02:30:00+05:30,6E,6E662,ECONOMY,,45,3633,1032,0,4665,INR,,,,6e990629f8e14a088985b26a1c69581359405c9472520b579c8478dc6dd812e0,VALID,1.0,,1,2026-09-01T02:30:00+05:30
4a1c017ec1b54351bd17445b38032eba,backfill-20260906-213201,simulator,DEL,BOM,DEL-BOM,2026-10-16,2026-09-01,2026-09-01T02:30:00+05:30,6E,6E817,ECONOMY,,45,3665,1033,0,4698,INR,,,,7d0b45057052c9bc790a6890cc2ecab7ed247d73693c7c8d6a39b8650b139bb3,VALID,1.0,,1,2026-09-01T02:30:00+05:30
b130cf89fba44dd8b7ec954070758b1c,backfill-20260906-213201,simulator,DEL,BOM,DEL-BOM,2026-10-16,2026-09-01,2026-09-01T02:30:00+05:30,AI,AI392,ECONOMY,,45,4107,1055,0,5162,INR,,,,74c46cde04271c232c082fe53c446e8771cfbdb8d56e78f2a2ac342870fefbf7,VALID,1.0,,1,2026-09-01T02:30:00+05:30
e12b2fdc0e1541f09e58305cf1b6ae1d,backfill-20260906-213201,simulator,DEL,BOM,DEL-BOM,2026-10-16,2026-09-01,2026-09-01T02:30:00+05:30,AI,AI742,ECONOMY,,45,4547,1077,0,5624,INR,,,,97fd1445c5c69f77b0cac1c6edfbce5714d859a1205ef52c257a8a86482e915d,VALID,1.0,,1,2026-09-01T02:30:00+05:30
8729901fd9074d329fe3bd3f9a5f5815,backfill-20260906-213201,simulator,DEL,BOM,DEL-BOM,2026-10-16,2026-09-01,2026-09-01T02:30:00+05:30,QP,QP469,ECONOMY,,45,3778,1039,0,4817,INR,,,,20e37cf0fe05c8bf80b25b77c5cdb422b6f7f4e1173963d2f0575db5b29e50b8,VALID,1.0,,1,2026-09-01T02:30:00+05:30
0bfc3995556b466893426415176c12a3,backfill-20260906-213201,simulator,DEL,BOM,DEL-BOM,2026-10-16,2026-09-01,2026-09-01T02:30:00+05:30,SG,SG247,ECONOMY,,45,3526,1026,0,4552,INR,,,,394facbdc82a7fdc5240dd34f57182dafa48b50af6a51d90b5eb2f1f87a4f570,VALID,1.0,,1,2026-09-01T02:30:00+05:30
f56fcdcc9a6d4d958b6edbafc22a9fb8,backfill-20260906-213201,simulator,DEL,BLR,DEL-BLR,2026-09-02,2026-09-01,2026-09-01T02:30:00+05:30,6E,6E998,ECONOMY,,1,9950,1347,0,11297,INR,,,,34c5ce598bda175d41b3445b69f4874b28c761594a58c257a81b8647571d0417,VALID,1.0,,1,2026-09-01T02:30:00+05:30
ec09894624a24a79af844ee007304ead,backfill-20260906-213201,simulator,DEL,BLR,DEL-BLR,2026-09-02,2026-09-01,2026-09-01T02:30:00+05:30,6E,6E503,ECONOMY,,1,8138,1257,0,9395,INR,,,,1d810737e30a9d39014090c4ee72fe247851bfa12a646f09962c8e1d1b0679d5,VALID,1.0,,1,2026-09-01T02:30:00+05:30
daa339f2a0884b2fb7e251378c63ac68,backfill-20260906-213201,simulator,DEL,BLR,DEL-BLR,2026-09-02,2026-09-01,2026-09-01T02:30:00+05:30,6E,6.00E+252,ECONOMY,,1,8791,1290,0,10081,INR,,,,de815101d216b33d4b4cd44692f7d1a779101326d5eabb98b11ad8c6d86cb7bb,VALID,1.0,,1,2026-09-01T02:30:00+05:30
f4b028305b404f89acdc8aaf01241a9f,backfill-20260906-213201,simulator,DEL,BLR,DEL-BLR,2026-09-02,2026-09-01,2026-09-01T02:30:00+05:30,AI,AI206,ECONOMY,,1,9738,1337,0,11075,INR,,,,1a4dc8aa209774692347cfe2077dd487443d12c0ecceca487f8da68b4bf917db,VALID,1.0,,1,2026-09-01T02:30:00+05:30
6dda686d528c4191891eb1a19d022d82,backfill-20260906-213201,simulator,DEL,BLR,DEL-BLR,2026-09-02,2026-09-01,2026-09-01T02:30:00+05:30,AI,AI221,ECONOMY,,1,8128,1256,0,9384,INR,,,,e453720d24f683b5234b5b39f973203991ab94125d5937d95cb20411386dd20c,VALID,1.0,,1,2026-09-01T02:30:00+05:30
d083c7ed1fa14076b0c5530b109f215a,backfill-20260906-213201,simulator,DEL,BLR,DEL-BLR,2026-09-02,2026-09-01,2026-09-01T02:30:00+05:30,QP,QP802,ECONOMY,,1,8254,1263,0,9517,INR,,,,a2742c08921f2892139ab0d52e7ed4469722d2de19ce897934dbd167ee572ff9,VALID,1.0,,1,2026-09-01T02:30:00+05:30
e302dbe4686d48268b2b2bbc4ddf2e8f,backfill-20260906-213201,simulator,DEL,BLR,DEL-BLR,2026-09-02,2026-09-01,2026-09-01T02:30:00+05:30,SG,SG220,ECONOMY,,1,8590,1279,0,9869,INR,,,,3b387db565fecff24aec9a7a4dcf9417b56e0ce6fbbc9166ddc072b91bdb5220,VALID,1.0,,1,2026-09-01T02:30:00+05:30
c23e5d04d4cf490eb2b323ab8d12ce52,backfill-20260906-213201,simulator,DEL,BLR,DEL-BLR,2026-09-08,2026-09-01,2026-09-01T02:30:00+05:30,6E,6E597,ECONOMY,,7,5818,1141,0,6959,INR,,,,69aecfe77b9c2cd527fde937a4cbd8fe17113a52dc884ad03e121d893e4a5d05,VALID,1.0,,1,2026-09-01T02:30:00+05:30
5f781666814344cc8b999962ce40a003,backfill-20260906-213201,simulator,DEL,BLR,DEL-BLR,2026-09-08,2026-09-01,2026-09-01T02:30:00+05:30,6E,6.00E+297,ECONOMY,,7,6003,1150,0,7153,INR,,,,29eda6df3e4d1c9cb2c240661e7485ba2db7aa91ddcb30610883bc5a96615a05,VALID,1.0,,1,2026-09-01T02:30:00+05:30
ee5f1cb3c8dc471db26dd82d40736558,backfill-20260906-213201,simulator,DEL,BLR,DEL-BLR,2026-09-08,2026-09-01,2026-09-01T02:30:00+05:30,6E,6E746,ECONOMY,,7,5778,1139,0,6917,INR,,,,46af3fbde72e72317b5816634efd2375999b632c4c97500a8301263f62bdcf4a,VALID,1.0,,1,2026-09-01T02:30:00+05:30
0e257114b07946bbbd2a908d2725cfcc,backfill-20260906-213201,simulator,DEL,BLR,DEL-BLR,2026-09-08,2026-09-01,2026-09-01T02:30:00+05:30,AI,AI698,ECONOMY,,7,5644,1132,0,6776,INR,,,,b2fee2004f48ba2e232ff63a6a5093fdbf482d4d9a49e6044e830cdb8a2808ad,VALID,1.0,,1,2026-09-01T02:30:00+05:30
b870dc4f1a264361b3325231789363c6,backfill-20260906-213201,simulator,DEL,BLR,DEL-BLR,2026-09-08,2026-09-01,2026-09-01T02:30:00+05:30,AI,AI643,ECONOMY,,7,5920,1146,0,7066,INR,,,,621bf5d26e203ca817fcb5ac68fda3391813297845ba3ec5df92b9147786ff89,VALID,1.0,,1,2026-09-01T02:30:00+05:30
150c02d11738436582d4399503494a99,backfill-20260906-213201,simulator,DEL,BLR,DEL-BLR,2026-09-08,2026-09-01,2026-09-01T02:30:00+05:30,QP,QP857,ECONOMY,,7,5909,1145,0,7054,INR,,,,78ef732569e399e5cbad9c1cca2086d1220ae74a87ff31117d4df7714c5c5a24,VALID,1.0,,1,2026-09-01T02:30:00+05:30
5bf861ce47db4e4b8ec6b61829f3a297,backfill-20260906-213201,simulator,DEL,BLR,DEL-BLR,2026-09-08,2026-09-01,2026-09-01T02:30:00+05:30,SG,SG337,ECONOMY,,7,6025,1151,0,7176,INR,,,,7f122d25d6294d9fb97a9ebc08f7ece26b8e86ea3cd9be09d7ae4a11797f768d,VALID,1.0,,1,2026-09-01T02:30:00+05:30
53fc1b17906049e6ac2bd2a586d3e4c6,backfill-20260906-213201,simulator,DEL,BLR,DEL-BLR,2026-09-16,2026-09-01,2026-09-01T02:30:00+05:30,6E,6E528,ECONOMY,,15,4805,1090,0,5895,INR,,,,eecbbc36ea248b97c05d37b1577c9c00991aeb5098e8d781dfe77f04716387da,VALID,1.0,,1,2026-09-01T02:30:00+05:30
9b4b7f93774140efab69d043b063f6f8,backfill-20260906-213201,simulator,DEL,BLR,DEL-BLR,2026-09-16,2026-09-01,2026-09-01T02:30:00+05:30,6E,6E609,ECONOMY,,15,4377,1069,0,5446,INR,,,,a25fd9a289c99baa091df66d636776cc845762320a36ec84a2d081b72f8c67f3,VALID,1.0,,1,2026-09-01T02:30:00+05:30
7db7d569436f4175bcf1920382cc475c,backfill-20260906-213201,simulator,DEL,BLR,DEL-BLR,2026-09-16,2026-09-01,2026-09-01T02:30:00+05:30,6E,6E373,ECONOMY,,15,4389,1069,0,5458,INR,,,,fd6223ad10e13569aadc06b265659a847cfd39a998fe6a2c8b68837ae702542a,VALID,1.0,,1,2026-09-01T02:30:00+05:30
b25f8fa1a51041919c2fb8172569f4ec,backfill-20260906-213201,simulator,DEL,BLR,DEL-BLR,2026-09-16,2026-09-01,2026-09-01T02:30:00+05:30,AI,AI351,ECONOMY,,15,4196,1060,0,5256,INR,,,,2ed9d4311bfb3a1509c1679c0c7346a14ec80443819d9a6c0c1680117ad6f466,VALID,1.0,,1,2026-09-01T02:30:00+05:30
c14c78c05cfa4e9a961a5143bc12ac5d,backfill-20260906-213201,simulator,DEL,BLR,DEL-BLR,2026-09-16,2026-09-01,2026-09-01T02:30:00+05:30,AI,AI278,ECONOMY,,15,5322,1116,0,6438,INR,,,,5da762a60c835ea219d2ffd473df75ea43dee4a7f5779589b6af482297f2fe2f,VALID,1.0,,1,2026-09-01T02:30:00+05:30
5b5b896635d14e5ca3e4ceb87a059c27,backfill-20260906-213201,simulator,DEL,BLR,DEL-BLR,2026-09-16,2026-09-01,2026-09-01T02:30:00+05:30,QP,QP304,ECONOMY,,15,3351,1018,0,4369,INR,,,,e541b9e60b0e1e0fbf863631143a50209fea74214cbc3067d2d2f7eecf5f1e79,VALID,1.0,,1,2026-09-01T02:30:00+05:30
f645484dbc5b4d03ad596854ca6427b6,backfill-20260906-213201,simulator,DEL,BLR,DEL-BLR,2026-09-16,2026-09-01,2026-09-01T02:30:00+05:30,SG,SG683,ECONOMY,,15,4333,1067,0,5400,INR,,,,c9dd8bde31634a836c1eb0fe08039b480f26e715591ec90e1ab5e5b470b2b938,VALID,1.0,,1,2026-09-01T02:30:00+05:30
98e86f96cd7b41a39dc3597ace9735f9,backfill-20260906-213201,simulator,DEL,BLR,DEL-BLR,2026-10-01,2026-09-01,2026-09-01T02:30:00+05:30,6E,6E728,ECONOMY,,30,4385,1069,0,5454,INR,,,,c35299e3e9080567d707aa833e8c7be690add2bfad6828ee10311dca62466cb2,VALID,1.0,,1,2026-09-01T02:30:00+05:30
acb4fd2052f5404ca8119fd8c6109b65,backfill-20260906-213201,simulator,DEL,BLR,DEL-BLR,2026-10-01,2026-09-01,2026-09-01T02:30:00+05:30,6E,6E981,ECONOMY,,30,4428,1071,0,5499,INR,,,,e0e431c0104a148b3563c63ecbaed1bbb06f780a0af53b75d551e7db56837a8b,VALID,1.0,,1,2026-09-01T02:30:00+05:30
b089d0704be24573bd835182c3d8cf74,backfill-20260906-213201,simulator,DEL,BLR,DEL-BLR,2026-10-01,2026-09-01,2026-09-01T02:30:00+05:30,6E,6E936,ECONOMY,,30,3872,1044,0,4916,INR,,,,dcd420af3c21d812ed5ed389a4bc70681a68a01e10f59ed8ec9288b0219eb3a6,VALID,1.0,,1,2026-09-01T02:30:00+05:30
5432932446cc4bfebcf03e1e288493e9,backfill-20260906-213201,simulator,DEL,BLR,DEL-BLR,2026-10-01,2026-09-01,2026-09-01T02:30:00+05:30,AI,AI704,ECONOMY,,30,5047,1102,0,6149,INR,,,,d25a24b2e57a68ba7a334b9ed41ae280695a85222e73e781b1a523766bd145ca,VALID,1.0,,1,2026-09-01T02:30:00+05:30
469b85da3c404e38b2c1b9e53ef5082c,backfill-20260906-213201,simulator,DEL,BLR,DEL-BLR,2026-10-01,2026-09-01,2026-09-01T02:30:00+05:30,AI,AI728,ECONOMY,,30,4976,1099,0,6075,INR,,,,fb40dc6545ab828d94483307c08a6041c96dc10ad360f61f91dba317414ba6da,VALID,1.0,,1,2026-09-01T02:30:00+05:30
8b95ef9c4b6f4f719c05b07dba3d1138,backfill-20260906-213201,simulator,DEL,BLR,DEL-BLR,2026-10-01,2026-09-01,2026-09-01T02:30:00+05:30,QP,QP484,ECONOMY,,30,3792,1040,0,4832,INR,,,,125f1976ca20022a407ae1ac651ba7e24fc6f57808a566703b3d523480302b13,VALID,1.0,,1,2026-09-01T02:30:00+05:30
c6511f4e95e4452ebc7cfb2a264d2c04,backfill-20260906-213201,simulator,DEL,BLR,DEL-BLR,2026-10-01,2026-09-01,2026-09-01T02:30:00+05:30,SG,SG398,ECONOMY,,30,3862,1043,0,4905,INR,,,,7c7088eebf7f40e2bb8703281626e970f57aacbc8d83f188e3525c4a49fcc063,VALID,1.0,,1,2026-09-01T02:30:00+05:30
482dc8f10efa4e2bac11793ac6a9fc08,backfill-20260906-213201,simulator,DEL,BLR,DEL-BLR,2026-10-16,2026-09-01,2026-09-01T02:30:00+05:30,6E,6E941,ECONOMY,,45,4157,1058,0,5215,INR,,,,643725253c1193dcb8a612000f1020c8f9cf63986f1a9738345e465ef4cd4cd2,VALID,1.0,,1,2026-09-01T02:30:00+05:30
56db4e35de014b699fe5cdd1146fda41,backfill-20260906-213201,simulator,DEL,BLR,DEL-BLR,2026-10-16,2026-09-01,2026-09-01T02:30:00+05:30,6E,6E347,ECONOMY,,45,4534,1077,0,5611,INR,,,,c4fbe59f3d3bfdfa59b779186ff3a2a32d2376adcd86f70c7cd265bd2bb045c6,VALID,1.0,,1,2026-09-01T02:30:00+05:30
65bb8e647da645c6ac94a357994251f4,backfill-20260906-213201,simulator,DEL,BLR,DEL-BLR,2026-10-16,2026-09-01,2026-09-01T02:30:00+05:30,6E,6E439,ECONOMY,,45,4311,1066,0,5377,INR,,,,3a26aaf00dd3ca6b6efe222a6268f584d9f840f432ac46a53c54e05082d474e0,VALID,1.0,,1,2026-09-01T02:30:00+05:30
85c81f94feea4f5f863cf6437a5eec07,backfill-20260906-213201,simulator,DEL,BLR,DEL-BLR,2026-10-16,2026-09-01,2026-09-01T02:30:00+05:30,AI,AI481,ECONOMY,,45,5068,1103,0,6171,INR,,,,2afcf51836303a3a1afb898a65ca2532c1bdfad7b002f177ec2c8300052a8cc9,VALID,1.0,,1,2026-09-01T02:30:00+05:30
7375ede2671c492a9050c578f7bca916,backfill-20260906-213201,simulator,DEL,BLR,DEL-BLR,2026-10-16,2026-09-01,2026-09-01T02:30:00+05:30,AI,AI370,ECONOMY,,45,4496,1075,0,5571,INR,,,,2ed64505be636e500e308ab81bee4453fd1ada26ec811cdf50b5bffacba5aa44,VALID,1.0,,1,2026-09-01T02:30:00+05:30
c615c0b1f440479c9693a7ac27d07237,backfill-20260906-213201,simulator,DEL,BLR,DEL-BLR,2026-10-16,2026-09-01,2026-09-01T02:30:00+05:30,QP,QP642,ECONOMY,,45,4387,1069,0,5456,INR,,,,087fe993ca997c70e459bceee9a5dc286aa1936a13b8054eafe5920b9f24437d,VALID,1.0,,1,2026-09-01T02:30:00+05:30
43cdbb685e4e415bbc359712c00d21d3,backfill-20260906-213201,simulator,DEL,BLR,DEL-BLR,2026-10-16,2026-09-01,2026-09-01T02:30:00+05:30,SG,SG706,ECONOMY,,45,3911,1046,0,4957,INR,,,,5b1f49e81f5aebc56d3a06f094433d4bba95af79134f2b03f50a361021b5a289,VALID,1.0,,1,2026-09-01T02:30:00+05:30
ececa1685a1b4a8fa1ca01e4c5d9c81d,backfill-20260906-213201,simulator,DEL,BOM,DEL-BOM,2026-09-03,2026-09-02,2026-09-02T02:30:00+05:30,6E,6E332,ECONOMY,,1,8345,1267,0,9612,INR,,,,8410c8ffc6ebb3fe13af16ec323d9d013f8d042cc6be2a63d4696b2748b2700e,VALID,1.0,,1,2026-09-02T02:30:00+05:30
f9b78c1094c940be8cb0e9f7f6ced56f,backfill-20260906-213201,simulator,DEL,BOM,DEL-BOM,2026-09-03,2026-09-02,2026-09-02T02:30:00+05:30,6E,6.00E+303,ECONOMY,,1,8190,1259,0,9449,INR,,,,67481a6ea5a3883545ef042e03c59634095fcf46a4a1151a1f7b18c1f363f4ae,VALID,1.0,,1,2026-09-02T02:30:00+05:30
207edb8661c2452cba947b9d77080713,backfill-20260906-213201,simulator,DEL,BOM,DEL-BOM,2026-09-03,2026-09-02,2026-09-02T02:30:00+05:30,AI,AI410,ECONOMY,,1,8372,1269,0,9641,INR,,,,bd2c3d71398bb4d5ef3f6e3fa32d342767f03e35b8cfe0e02111869f18f4ba0e,VALID,1.0,,1,2026-09-02T02:30:00+05:30
e404db0f1a774edf86e1f2a402d4e398,backfill-20260906-213201,simulator,DEL,BOM,DEL-BOM,2026-09-03,2026-09-02,2026-09-02T02:30:00+05:30,AI,AI418,ECONOMY,,1,8810,1290,0,10100,INR,,,,ddd1af446b5a0b94902fd4444fba66f9d685bbc4f327a916888a183e14f92846,VALID,1.0,,1,2026-09-02T02:30:00+05:30
878cdb33694e40f79df05269522d77e5,backfill-20260906-213201,simulator,DEL,BOM,DEL-BOM,2026-09-03,2026-09-02,2026-09-02T02:30:00+05:30,QP,QP466,ECONOMY,,1,7770,1238,0,9008,INR,,,,230f5d7aacbb4824991392eddba1d61da97356d9921a40c0d84194f84c6605be,VALID,1.0,,1,2026-09-02T02:30:00+05:30
000ef4a6de4d4f3093f497e23ccaa794,backfill-20260906-213201,simulator,DEL,BOM,DEL-BOM,2026-09-03,2026-09-02,2026-09-02T02:30:00+05:30,SG,SG592,ECONOMY,,1,8494,1275,0,9769,INR,,,,9cdadebcdde1bf2cb904c741676b1ca05745fac64b18aaeff9e1dfc8e8a4e984,VALID,1.0,,1,2026-09-02T02:30:00+05:30
116bf7c7bbd3401d83a27cb9f69290b2,backfill-20260906-213201,simulator,DEL,BOM,DEL-BOM,2026-09-09,2026-09-02,2026-09-02T02:30:00+05:30,6E,6E930,ECONOMY,,7,4908,1095,0,6003,INR,,,,29159f321fee7c60442133d64db5b82e534798c039507bc9b264c94e26f4d7ea,VALID,1.0,,1,2026-09-02T02:30:00+05:30
b5eccf9610e84bd88da587322c4a2513,backfill-20260906-213201,simulator,DEL,BOM,DEL-BOM,2026-09-09,2026-09-02,2026-09-02T02:30:00+05:30,6E,6.00E+217,ECONOMY,,7,5407,1120,0,6527,INR,,,,43c96f2ea0ba3207191065084d5d12d3335f9996493945cb831ee511d0513727,VALID,1.0,,1,2026-09-02T02:30:00+05:30
801611254e0946c19f9e56b4891d2e5b,backfill-20260906-213201,simulator,DEL,BOM,DEL-BOM,2026-09-09,2026-09-02,2026-09-02T02:30:00+05:30,6E,6E866,ECONOMY,,7,5130,1106,0,6236,INR,,,,538c8b05566817cf8b5eaffaec1d8acf66e5167c0b4a604f08408fa21dab02e6,VALID,1.0,,1,2026-09-02T02:30:00+05:30
6f432d3e5769461fb3d70f83b8ae4366,backfill-20260906-213201,simulator,DEL,BOM,DEL-BOM,2026-09-09,2026-09-02,2026-09-02T02:30:00+05:30,AI,AI602,ECONOMY,,7,6113,1156,0,7269,INR,,,,33e2f5cdf1303011c0e592c51f1d0a5005c7f087fb35a2e29a0e43fa5636ecfe,VALID,1.0,,1,2026-09-02T02:30:00+05:30
a2d0278f17564e60a857b45ff03f1e98,backfill-20260906-213201,simulator,DEL,BOM,DEL-BOM,2026-09-09,2026-09-02,2026-09-02T02:30:00+05:30,AI,AI628,ECONOMY,,7,5629,1131,0,6760,INR,,,,819ebce679fc91b3a3a90b97e9f30403efe9c68bb84002ac91a267bcc608ec35,VALID,1.0,,1,2026-09-02T02:30:00+05:30
8036a6b49dcf4a5a86d000f2a0ca05ce,backfill-20260906-213201,simulator,DEL,BOM,DEL-BOM,2026-09-09,2026-09-02,2026-09-02T02:30:00+05:30,QP,QP774,ECONOMY,,7,5194,1110,0,6304,INR,,,,b9c3540624398bf86cca114bb1a6360139da18fc8d25aad929485b19156fca27,VALID,1.0,,1,2026-09-02T02:30:00+05:30
77f4359916344d9cb60096af8d4bf878,backfill-20260906-213201,simulator,DEL,BOM,DEL-BOM,2026-09-09,2026-09-02,2026-09-02T02:30:00+05:30,SG,SG996,ECONOMY,,7,4152,1058,0,5210,INR,,,,34b334149bf98b6c64c821db2799b49274c91192ec8b751c7549672aa7cbd0a5,VALID,1.0,,1,2026-09-02T02:30:00+05:30
980b04ec7303469db0d719738b8d5693,backfill-20260906-213201,simulator,DEL,BOM,DEL-BOM,2026-09-17,2026-09-02,2026-09-02T02:30:00+05:30,6E,6E692,ECONOMY,,15,4354,1068,0,5422,INR,,,,5307f803713c3d8888dd874c2d58638123a523360000f185d270c384f368b169,VALID,1.0,,1,2026-09-02T02:30:00+05:30
c3ae07898104425ca3050701f946cc65,backfill-20260906-213201,simulator,DEL,BOM,DEL-BOM,2026-09-17,2026-09-02,2026-09-02T02:30:00+05:30,6E,6E850,ECONOMY,,15,3613,1031,0,4644,INR,,,,6dba76e10b186d59ed518af3387bd1465a79a041d9c9ef8e0a8b9d5b75b9154d,VALID,1.0,,1,2026-09-02T02:30:00+05:30
099de58f305c47aab0b05d5a1d350e4f,backfill-20260906-213201,simulator,DEL,BOM,DEL-BOM,2026-09-17,2026-09-02,2026-09-02T02:30:00+05:30,6E,6E530,ECONOMY,,15,3832,1042,0,4874,INR,,,,cafdde2b67dc0162d1e53a15caedfd947c48296791d208b5425ecc36c8721bc1,VALID,1.0,,1,2026-09-02T02:30:00+05:30
94577f6f53c84b938992e0fcf0e4a67c,backfill-20260906-213201,simulator,DEL,BOM,DEL-BOM,2026-09-17,2026-09-02,2026-09-02T02:30:00+05:30,AI,AI941,ECONOMY,,15,4120,1056,0,5176,INR,,,,01fb3098e4677775076c3a3f8e50205e55dbd87d48b0a26ce52f2a0703559065,VALID,1.0,,1,2026-09-02T02:30:00+05:30
10a212f5d8bf4b03a36d6814d855b0ed,backfill-20260906-213201,simulator,DEL,BOM,DEL-BOM,2026-09-17,2026-09-02,2026-09-02T02:30:00+05:30,AI,AI752,ECONOMY,,15,3814,1041,0,4855,INR,,,,175924f4245a2f7639096c134077e1a2cee52e31719e4a4e6743a8a485c03f02,VALID,1.0,,1,2026-09-02T02:30:00+05:30
da4b1c68cb3e47b1bc337005874e27e3,backfill-20260906-213201,simulator,DEL,BOM,DEL-BOM,2026-09-17,2026-09-02,2026-09-02T02:30:00+05:30,QP,QP703,ECONOMY,,15,4090,1055,0,5145,INR,,,,bdaebea34beb4f884e13607e33637ece7e9d8116c43ffc5a22196e3a87d3572e,VALID,1.0,,1,2026-09-02T02:30:00+05:30
5106a31142e14eefa455f5a2ba9f2f68,backfill-20260906-213201,simulator,DEL,BOM,DEL-BOM,2026-09-17,2026-09-02,2026-09-02T02:30:00+05:30,SG,SG336,ECONOMY,,15,4459,1073,0,5532,INR,,,,d3dc82830d7fc8378ebd6e97157c1edeb325dc348003528bb81d982844ef2e6a,VALID,1.0,,1,2026-09-02T02:30:00+05:30
97517477b8c0428fb89634e3a0a8520d,backfill-20260906-213201,simulator,DEL,BOM,DEL-BOM,2026-10-02,2026-09-02,2026-09-02T02:30:00+05:30,6E,6E976,ECONOMY,,30,3925,1046,0,4971,INR,,,,8688da5180f17d9ee1031570d42e6d2090d57bedf28f853677197e72407d736a,VALID,1.0,,1,2026-09-02T02:30:00+05:30
43920f9cd111423890143eb9240e83f0,backfill-20260906-213201,simulator,DEL,BOM,DEL-BOM,2026-10-02,2026-09-02,2026-09-02T02:30:00+05:30,6E,6E431,ECONOMY,,30,4394,1070,0,5464,INR,,,,13be5acef7ed870afb9e1c56a5d5cf07c045e4636e8fe98f1fef95c923c8e567,VALID,1.0,,1,2026-09-02T02:30:00+05:30
c647d5b18af84cc397c8d426ab51104b,backfill-20260906-213201,simulator,DEL,BOM,DEL-BOM,2026-10-02,2026-09-02,2026-09-02T02:30:00+05:30,6E,6E903,ECONOMY,,30,4340,1067,0,5407,INR,,,,5537dddd41bb5fc2ed71d5fdea873fda6d21995c00a02d1ed900e56c5d3794c4,VALID,1.0,,1,2026-09-02T02:30:00+05:30
a12fca4ce8ef4be4b1fa4270b61f8a12,backfill-20260906-213201,simulator,DEL,BOM,DEL-BOM,2026-10-02,2026-09-02,2026-09-02T02:30:00+05:30,AI,AI983,ECONOMY,,30,4701,1085,0,5786,INR,,,,2c4f8651c20e528212818783ac1f13f85091f9d37400ef0a3294a69440b65491,VALID,1.0,,1,2026-09-02T02:30:00+05:30
0bc35f0a0d704010b2606019855b0fb8,backfill-20260906-213201,simulator,DEL,BOM,DEL-BOM,2026-10-02,2026-09-02,2026-09-02T02:30:00+05:30,AI,AI838,ECONOMY,,30,4192,1060,0,5252,INR,,,,838ed912e87858b4544c6ab5d8bbb2a2a9c94d569104dccf04691b69f268bc4a,VALID,1.0,,1,2026-09-02T02:30:00+05:30
c6dbd80bb7044e92b37958eb0ebd6e7b,backfill-20260906-213201,simulator,DEL,BOM,DEL-BOM,2026-10-02,2026-09-02,2026-09-02T02:30:00+05:30,QP,QP576,ECONOMY,,30,3361,1018,0,4379,INR,,,,a5738b4e04140667881e183a0af912b89a69a01db5e604f06379462a0d26c25a,VALID,1.0,,1,2026-09-02T02:30:00+05:30
2130c82b9fc94c9eab1576d62df0d637,backfill-20260906-213201,simulator,DEL,BOM,DEL-BOM,2026-10-02,2026-09-02,2026-09-02T02:30:00+05:30,SG,SG504,ECONOMY,,30,3578,1029,0,4607,INR,,,,38af3db65ab368f2f7450e2dcf8d628c312d5aee42c16ac3b2b028b7c5696022,VALID,1.0,,1,2026-09-02T02:30:00+05:30
fa1c9cfe9b98476ea7b6657582c0cb8e,backfill-20260906-213201,simulator,DEL,BOM,DEL-BOM,2026-10-17,2026-09-02,2026-09-02T02:30:00+05:30,6E,6.00E+227,ECONOMY,,45,3231,1012,0,4243,INR,,,,f472335c6f25a41ecbc133a85b316b671ccbb6015171de8914f694ea97ebcfee,VALID,1.0,,1,2026-09-02T02:30:00+05:30
daf2236b64bc43e09d619e69c2d30988,backfill-20260906-213201,simulator,DEL,BOM,DEL-BOM,2026-10-17,2026-09-02,2026-09-02T02:30:00+05:30,6E,6E805,ECONOMY,,45,3230,1011,0,4241,INR,,,,ec341ea688886f1b79ed2753296a675968cb4fe2e3501ff1f49fc3c8e9d5be2e,VALID,1.0,,1,2026-09-02T02:30:00+05:30
5324636c863e4720870f9c4c8c2d298b,backfill-20260906-213201,simulator,DEL,BOM,DEL-BOM,2026-10-17,2026-09-02,2026-09-02T02:30:00+05:30,6E,6E989,ECONOMY,,45,3268,1013,0,4281,INR,,,,29a7339b1c61d6fc4fdd43a2881312213edda12cc856c0f0cee19e5d77738503,VALID,1.0,,1,2026-09-02T02:30:00+05:30
232d6727e3d04512836ffd965d63cbb8,backfill-20260906-213201,simulator,DEL,BOM,DEL-BOM,2026-10-17,2026-09-02,2026-09-02T02:30:00+05:30,AI,AI637,ECONOMY,,45,4017,1051,0,5068,INR,,,,a1d3882d144ae18c45a5a5ada33d8a9f698f4b19d1831a81c5df0f297a8ac35d,VALID,1.0,,1,2026-09-02T02:30:00+05:30
ff1da07bfc2d496e8d1eb7f4c0efef81,backfill-20260906-213201,simulator,DEL,BOM,DEL-BOM,2026-10-17,2026-09-02,2026-09-02T02:30:00+05:30,AI,AI672,ECONOMY,,45,3774,1039,0,4813,INR,,,,c22006547f72fba55d0792767717c01abc5db919ca478e212537da414fa2dd4d,VALID,1.0,,1,2026-09-02T02:30:00+05:30
3f860c77b25d47d7925d3ceec4425008,backfill-20260906-213201,simulator,DEL,BOM,DEL-BOM,2026-10-17,2026-09-02,2026-09-02T02:30:00+05:30,QP,QP712,ECONOMY,,45,3317,1016,0,4333,INR,,,,0091d1a0d11e050e7d4c077b86ceec6c555407a6a58b7ac18c275f517a02e5c5,VALID,1.0,,1,2026-09-02T02:30:00+05:30
3cbbaece85ec4309a3ecd9f61b22154e,backfill-20260906-213201,simulator,DEL,BOM,DEL-BOM,2026-10-17,2026-09-02,2026-09-02T02:30:00+05:30,SG,SG384,ECONOMY,,45,2735,987,0,3722,INR,,,,c83acb00b99a9040702f1ad07bec71dc0b52167005a8bf0098812504a6941a7e,VALID,1.0,,1,2026-09-02T02:30:00+05:30
aa1b0fa56e184a92ab96497493ddbcf1,backfill-20260906-213201,simulator,DEL,BLR,DEL-BLR,2026-09-03,2026-09-02,2026-09-02T02:30:00+05:30,6E,6E528,ECONOMY,,1,10579,1379,0,11958,INR,,,,5d0e331e8d7466c08d26aa90c0d1b7d5a18edcd6789e4916cf8fd5777b17e454,VALID,1.0,,1,2026-09-02T02:30:00+05:30
443841b03acb48fda5fa20c48f6baa69,backfill-20260906-213201,simulator,DEL,BLR,DEL-BLR,2026-09-03,2026-09-02,2026-09-02T02:30:00+05:30,6E,6.00E+252,ECONOMY,,1,9239,1312,0,10551,INR,,,,dc6bb525b5b63d679ce1e735abcc950fed3b90d42eba0671e73d4342b11f9ce3,VALID,1.0,,1,2026-09-02T02:30:00+05:30
bf1364fb1a84456c8401f49a587e7bc8,backfill-20260906-213201,simulator,DEL,BLR,DEL-BLR,2026-09-03,2026-09-02,2026-09-02T02:30:00+05:30,6E,6E749,ECONOMY,,1,8945,1297,0,10242,INR,,,,3be0d681e3f24048cd8d03b602927e5e4be18ceb680b02f2f143f1086db9284a,VALID,1.0,,1,2026-09-02T02:30:00+05:30
3ff73e40bba1448e8cd7baa97f74cb59,backfill-20260906-213201,simulator,DEL,BLR,DEL-BLR,2026-09-03,2026-09-02,2026-09-02T02:30:00+05:30,AI,AI576,ECONOMY,,1,10859,1393,0,12252,INR,,,,fda9ab45724e09127aa9814f80671bbdbec3de17c6cfccc6d586c11646cdd3fe,VALID,1.0,,1,2026-09-02T02:30:00+05:30
b1d84c0914624c6b8e15f66934b91867,backfill-20260906-213201,simulator,DEL,BLR,DEL-BLR,2026-09-03,2026-09-02,2026-09-02T02:30:00+05:30,QP,QP813,ECONOMY,,1,9220,1311,0,10531,INR,,,,e7ab7aef7ad9b5f52a3a0d3142b1141a11d5db5f7e13aedf6965e85744fb7c78,VALID,1.0,,1,2026-09-02T02:30:00+05:30
25b3e4d36b184885b2c7980a6a492846,backfill-20260906-213201,simulator,DEL,BLR,DEL-BLR,2026-09-03,2026-09-02,2026-09-02T02:30:00+05:30,SG,SG716,ECONOMY,,1,9064,1303,0,10367,INR,,,,6f61ea996ab4e7a47cd25719d3b74aa47ec6d0917e68321b1013b66d0c279b6b,VALID,1.0,,1,2026-09-02T02:30:00+05:30
32e7ea78d9ad4a6baffde4afec8aceb7,backfill-20260906-213201,simulator,DEL,BLR,DEL-BLR,2026-09-09,2026-09-02,2026-09-02T02:30:00+05:30,6E,6E340,ECONOMY,,7,5500,1125,0,6625,INR,,,,74ee9033a5b2c0755274c7a4a941ba493cb36fe05a29956b3e46be1b90a626f7,VALID,1.0,,1,2026-09-02T02:30:00+05:30
078635c063ef44629991f4cd6306c42f,backfill-20260906-213201,simulator,DEL,BLR,DEL-BLR,2026-09-09,2026-09-02,2026-09-02T02:30:00+05:30,6E,6E688,ECONOMY,,7,5351,1118,0,6469,INR,,,,e6873ae8a1421f6a7ca06b74a13c8457bc857ae63474b62df2c7713520bd2f49,VALID,1.0,,1,2026-09-02T02:30:00+05:30
2ba49b39896b4a6e940b1d337d6a00f8,backfill-20260906-213201,simulator,DEL,BLR,DEL-BLR,2026-09-09,2026-09-02,2026-09-02T02:30:00+05:30,6E,6E678,ECONOMY,,7,6698,1185,0,7883,INR,,,,118b2224b2a62f3fc31ff711b05e60de31985468c7e0ecbb58f4e9172b3b2319,VALID,1.0,,1,2026-09-02T02:30:00+05:30
2b574ef95c914f80a2ea88142a401553,backfill-20260906-213201,simulator,DEL,BLR,DEL-BLR,2026-09-09,2026-09-02,2026-09-02T02:30:00+05:30,AI,AI286,ECONOMY,,7,6375,1169,0,7544,INR,,,,bf7b033f9eeafb020bb85a0d1ab633faedb3579b938398b9ae6ac2fd1268d026,VALID,1.0,,1,2026-09-02T02:30:00+05:30
2cb906e3d73b464f85ca829d5ef83840,backfill-20260906-213201,simulator,DEL,BLR,DEL-BLR,2026-09-09,2026-09-02,2026-09-02T02:30:00+05:30,AI,AI282,ECONOMY,,7,5273,1114,0,6387,INR,,,,c63dc0829f2a068e252d4f553837f36ce58b57fa6fe3509261de7d33b480df86,VALID,1.0,,1,2026-09-02T02:30:00+05:30
c5999f4f8cbb4bf183044fd86d798e78,backfill-20260906-213201,simulator,DEL,BLR,DEL-BLR,2026-09-09,2026-09-02,2026-09-02T02:30:00+05:30,QP,QP811,ECONOMY,,7,5415,1121,0,6536,INR,,,,d7aa635b87768cc6b84eadf209ba75d4d70f1e08106813f5cf5ed9fdb52acd03,VALID,1.0,,1,2026-09-02T02:30:00+05:30
2b489dbb940743829a4c92b7da2bea6a,backfill-20260906-213201,simulator,DEL,BLR,DEL-BLR,2026-09-09,2026-09-02,2026-09-02T02:30:00+05:30,SG,SG519,ECONOMY,,7,5847,1142,0,6989,INR,,,,d3650c909af9fbd7e60348a17432dbc4277fb75b4c5321b959d3346a1113644e,VALID,1.0,,1,2026-09-02T02:30:00+05:30
38a83ccf819c4ceaba87f337b464fc6f,backfill-20260906-213201,simulator,DEL,BLR,DEL-BLR,2026-09-17,2026-09-02,2026-09-02T02:30:00+05:30,6E,6E333,ECONOMY,,15,4250,1063,0,5313,INR,,,,8e031432b54a034ea5c272fbb0da04ecc72c974146940266d65b24e44b8c8293,VALID,1.0,,1,2026-09-02T02:30:00+05:30
74439c2799da49cca9ad6aa79ee0e324,backfill-20260906-213201,simulator,DEL,BLR,DEL-BLR,2026-09-17,2026-09-02,2026-09-02T02:30:00+05:30,6E,6E492,ECONOMY,,15,4657,1083,0,5740,INR,,,,cd7c8daeb9cbb3582feb6407e792c3ce29a575c43d15baa3e0a71d27337ddb1b,VALID,1.0,,1,2026-09-02T02:30:00+05:30
02750ec2f8b04689acbaec2c15ee5d75,backfill-20260906-213201,simulator,DEL,BLR,DEL-BLR,2026-09-17,2026-09-02,2026-09-02T02:30:00+05:30,6E,6E563,ECONOMY,,15,4968,1098,0,6066,INR,,,,c1e73361ed7caaa6d69cf6bf449b6f0343a80b2c1a28104d85b94865f709b6ac,VALID,1.0,,1,2026-09-02T02:30:00+05:30
32678ac50e0c42f4a8c045bf9ce6af1c,backfill-20260906-213201,simulator,DEL,BLR,DEL-BLR,2026-09-17,2026-09-02,2026-09-02T02:30:00+05:30,AI,AI920,ECONOMY,,15,5340,1117,0,6457,INR,,,,ce49cb4e75b04dd8d4c3453280b8885f8e78d3a6f58346f89a2e16cb1d86bef2,VALID,1.0,,1,2026-09-02T02:30:00+05:30
4b8db5fe12b24a0394e5bc2ec836e9a4,backfill-20260906-213201,simulator,DEL,BLR,DEL-BLR,2026-09-17,2026-09-02,2026-09-02T02:30:00+05:30,AI,AI693,ECONOMY,,15,5347,1117,0,6464,INR,,,,100baa8ffc3bf91113a59dea73449d3d836fd7109de207d83a3c49831769a7c3,VALID,1.0,,1,2026-09-02T02:30:00+05:30
0c5b1843dd874ee8aca5a24c232e97e4,backfill-20260906-213201,simulator,DEL,BLR,DEL-BLR,2026-09-17,2026-09-02,2026-09-02T02:30:00+05:30,QP,QP306,ECONOMY,,15,4311,1066,0,5377,INR,,,,6c7cd0378a65be51e814f03580e25b892e485a14c01ae940f7d17aff9669a430,VALID,1.0,,1,2026-09-02T02:30:00+05:30
0383298488a7431b8f73dfb5894c2833,backfill-20260906-213201,simulator,DEL,BLR,DEL-BLR,2026-09-17,2026-09-02,2026-09-02T02:30:00+05:30,SG,SG305,ECONOMY,,15,5047,1102,0,6149,INR,,,,b778178132bb22510ddaf9d1e798f42a6a094189b087fe9548ce833c4ca71b11,VALID,1.0,,1,2026-09-02T02:30:00+05:30
6bc6f084e1124baea6ca181e428079c3,backfill-20260906-213201,simulator,DEL,BLR,DEL-BLR,2026-10-02,2026-09-02,2026-09-02T02:30:00+05:30,6E,6E803,ECONOMY,,30,4761,1088,0,5849,INR,,,,8d83ded55533346bed1e936a2d5acebe21b53411eb392f7cc57e0963e2294088,VALID,1.0,,1,2026-09-02T02:30:00+05:30
524de0ceda184883a1ccb9ce52501bb1,backfill-20260906-213201,simulator,DEL,BLR,DEL-BLR,2026-10-02,2026-09-02,2026-09-02T02:30:00+05:30,6E,6E964,ECONOMY,,30,5443,1122,0,6565,INR,,,,0d0f30b31cf467f26cde6736aca9eff220d0c3239c27684e78a47ce0a01e1bb4,VALID,1.0,,1,2026-09-02T02:30:00+05:30
77f8a92a55ee4d26a1144bfbd2d7ddd7,backfill-20260906-213201,simulator,DEL,BLR,DEL-BLR,2026-10-02,2026-09-02,2026-09-02T02:30:00+05:30,6E,6E755,ECONOMY,,30,3945,1047,0,4992,INR,,,,abab49a4ceb0ff2cfd12061030cb7a88ec41b2742334344abf0ff1bd501d7e52,VALID,1.0,,1,2026-09-02T02:30:00+05:30
a123c1accc4f4ccca77045567dc40223,backfill-20260906-213201,simulator,DEL,BLR,DEL-BLR,2026-10-02,2026-09-02,2026-09-02T02:30:00+05:30,AI,AI923,ECONOMY,,30,5550,1127,0,6677,INR,,,,155c250e6191defb707dc49c566283e24d89ae46e58fe5c4451f1b6e54326056,VALID,1.0,,1,2026-09-02T02:30:00+05:30
28a2c69c78664957b8191afc232b4c46,backfill-20260906-213201,simulator,DEL,BLR,DEL-BLR,2026-10-02,2026-09-02,2026-09-02T02:30:00+05:30,AI,AI452,ECONOMY,,30,5635,1132,0,6767,INR,,,,9eee517c387280b64a024838400eee04e5982fba14598c11fdea71f70468fa9f,VALID,1.0,,1,2026-09-02T02:30:00+05:30
72523e6537d24edcbc3bd5f01aeaddd8,backfill-20260906-213201,simulator,DEL,BLR,DEL-BLR,2026-10-02,2026-09-02,2026-09-02T02:30:00+05:30,QP,QP405,ECONOMY,,30,4528,1076,0,5604,INR,,,,9ec40f1315dcb52971f04c8ac60a247ef9ef64c91dd03d4a30ba26fc3749e9b7,VALID,1.0,,1,2026-09-02T02:30:00+05:30
f1ae80a85cd04f2a9da2cb587c3b1f3c,backfill-20260906-213201,simulator,DEL,BLR,DEL-BLR,2026-10-02,2026-09-02,2026-09-02T02:30:00+05:30,SG,SG915,ECONOMY,,30,3647,1032,0,4679,INR,,,,78a3785124df3e710bbfed95520f3338da35566050548bd886387f2998651878,VALID,1.0,,1,2026-09-02T02:30:00+05:30
63f226908c67406da8430c92500887b9,backfill-20260906-213201,simulator,DEL,BLR,DEL-BLR,2026-10-17,2026-09-02,2026-09-02T02:30:00+05:30,6E,6E936,ECONOMY,,45,3577,1029,0,4606,INR,,,,00f2bb027c5b550d6a1aded1e61ecbf935f7ecdd69dcd1720ed61330b5e6aec1,VALID,1.0,,1,2026-09-02T02:30:00+05:30
5ddf56c2b2e4475a927c503cc53ad2a5,backfill-20260906-213201,simulator,DEL,BLR,DEL-BLR,2026-10-17,2026-09-02,2026-09-02T02:30:00+05:30,6E,6E899,ECONOMY,,45,3953,1048,0,5001,INR,,,,22fce10352c9534512a6fe7bcb12823b75f3bd234e85dbd97fae50b800f51151,VALID,1.0,,1,2026-09-02T02:30:00+05:30
9dfa232f35ce4fcf951d0d7236607382,backfill-20260906-213201,simulator,DEL,BLR,DEL-BLR,2026-10-17,2026-09-02,2026-09-02T02:30:00+05:30,6E,6E599,ECONOMY,,45,3726,1036,0,4762,INR,,,,9f1b0b601c0e83dc5465877d5502accaa1beaed9bb5f76940a20290182c2bbd2,VALID,1.0,,1,2026-09-02T02:30:00+05:30
b5583553ed4649f4b6a6ecb7c9796792,backfill-20260906-213201,simulator,DEL,BLR,DEL-BLR,2026-10-17,2026-09-02,2026-09-02T02:30:00+05:30,AI,AI707,ECONOMY,,45,3589,1029,0,4618,INR,,,,882a117017fd84664928b35f6f90f62ad92bd71ac3a017056b4392311068a9be,VALID,1.0,,1,2026-09-02T02:30:00+05:30
a7a63b8b50484682aa68733c64a9eed5,backfill-20260906-213201,simulator,DEL,BLR,DEL-BLR,2026-10-17,2026-09-02,2026-09-02T02:30:00+05:30,AI,AI216,ECONOMY,,45,4125,1056,0,5181,INR,,,,ff18d8ee3f53ae257015091439dfdf0c048d36a7bd82d0fdf7f357cb26e7ceaa,VALID,1.0,,1,2026-09-02T02:30:00+05:30
59a483a5fae6417b9a593f598d8b0c56,backfill-20260906-213201,simulator,DEL,BLR,DEL-BLR,2026-10-17,2026-09-02,2026-09-02T02:30:00+05:30,QP,QP499,ECONOMY,,45,3841,1042,0,4883,INR,,,,2a909f561556d62e74b28649053cf19516c4bbd3c667cbc4be1cd2146951fb01,VALID,1.0,,1,2026-09-02T02:30:00+05:30
365e1d9041cd48fa83562e7e646b5ec2,backfill-20260906-213201,simulator,DEL,BLR,DEL-BLR,2026-10-17,2026-09-02,2026-09-02T02:30:00+05:30,SG,SG686,ECONOMY,,45,3746,1037,0,4783,INR,,,,5b186e448fa6cb30fadabb5c1d166b62dce24a5440a5c8ef6b786a6af39334f2,VALID,1.0,,1,2026-09-02T02:30:00+05:30
8cc4a7f5ba6c470eae7e92de9ca1b07b,backfill-20260906-213201,simulator,DEL,BOM,DEL-BOM,2026-09-04,2026-09-03,2026-09-03T02:30:00+05:30,6E,6E754,ECONOMY,,1,9372,1319,0,10691,INR,,,,bc73f0af312cf5707dcbbb46f359c4d6558ef2dffa2df94fa522ac24d7c4f02c,VALID,1.0,,1,2026-09-03T02:30:00+05:30
968687a001594ccbb66638e9e40e62b7,backfill-20260906-213201,simulator,DEL,BOM,DEL-BOM,2026-09-04,2026-09-03,2026-09-03T02:30:00+05:30,6E,6E717,ECONOMY,,1,8797,1290,0,10087,INR,,,,e19c2b5009dc7b382f6ef5aface2cce6a65d6cf958096391dba1c331e38f7362,VALID,1.0,,1,2026-09-03T02:30:00+05:30
c1cca4365f0845edb47b69ee1c8abfed,backfill-20260906-213201,simulator,DEL,BOM,DEL-BOM,2026-09-04,2026-09-03,2026-09-03T02:30:00+05:30,6E,6E836,ECONOMY,,1,9852,1343,0,11195,INR,,,,c3f791d3192d8d903933d69ac2ee2b90ad34b0a4b5922a1d9cab52b1a8f37ad4,VALID,1.0,,1,2026-09-03T02:30:00+05:30
4323d1667adc4f32b9fbafd812706399,backfill-20260906-213201,simulator,DEL,BOM,DEL-BOM,2026-09-04,2026-09-03,2026-09-03T02:30:00+05:30,AI,AI521,ECONOMY,,1,12002,1450,0,13452,INR,,,,f3d813bd05b62896955d0d005d11accd9edfb540479ae9e1286db1189d22b272,VALID,1.0,,1,2026-09-03T02:30:00+05:30
2dcf54036e3c4573a03df89134fd606b,backfill-20260906-213201,simulator,DEL,BOM,DEL-BOM,2026-09-04,2026-09-03,2026-09-03T02:30:00+05:30,AI,AI792,ECONOMY,,1,8846,1292,0,10138,INR,,,,7ce0662c8f63773882e23953413226cf8d1a1207655ae597b56fd072f99634fb,VALID,1.0,,1,2026-09-03T02:30:00+05:30
fc726a9918bc449eb12f2a5f067bc958,backfill-20260906-213201,simulator,DEL,BOM,DEL-BOM,2026-09-04,2026-09-03,2026-09-03T02:30:00+05:30,QP,QP890,ECONOMY,,1,8889,1294,0,10183,INR,,,,70e58e3e29f9fb89b2ae6a2f6a01e7a1e32a7a8982bdd89ab082283626963885,VALID,1.0,,1,2026-09-03T02:30:00+05:30
b8f9073e324c447ea4d457d3eb805cc5,backfill-20260906-213201,simulator,DEL,BOM,DEL-BOM,2026-09-04,2026-09-03,2026-09-03T02:30:00+05:30,SG,SG719,ECONOMY,,1,8884,1294,0,10178,INR,,,,c6eac44967e679eacb13273cfd3bc86070e9e4ee8679cae3c9744e58adf63c02,VALID,1.0,,1,2026-09-03T02:30:00+05:30
369e887a6c9840ac86109179ec7296b2,backfill-20260906-213201,simulator,DEL,BOM,DEL-BOM,2026-09-10,2026-09-03,2026-09-03T02:30:00+05:30,6E,6.00E+293,ECONOMY,,7,5710,1136,0,6846,INR,,,,62284a6861a3fa3604587aa13144eda31467208115b42838105a0533827e5ad5,VALID,1.0,,1,2026-09-03T02:30:00+05:30
bf98c5e1d98846e08e3de39ddb7ab80d,backfill-20260906-213201,simulator,DEL,BOM,DEL-BOM,2026-09-10,2026-09-03,2026-09-03T02:30:00+05:30,6E,6.00E+286,ECONOMY,,7,5615,1131,0,6746,INR,,,,1d2be4558e442225d88c842943b509fccdf4fd443fd9d17f488fc467fc532564,VALID,1.0,,1,2026-09-03T02:30:00+05:30
da262c3b23574d99ac5b2dd05d2d5d70,backfill-20260906-213201,simulator,DEL,BOM,DEL-BOM,2026-09-10,2026-09-03,2026-09-03T02:30:00+05:30,6E,6E822,ECONOMY,,7,4859,1093,0,5952,INR,,,,4556d0373f559a23283336e6dd106d3671c5120cdf94cecab14984f9c38d9113,VALID,1.0,,1,2026-09-03T02:30:00+05:30
b0c7a7f787f34a718be065fbe8212c56,backfill-20260906-213201,simulator,DEL,BOM,DEL-BOM,2026-09-10,2026-09-03,2026-09-03T02:30:00+05:30,AI,AI917,ECONOMY,,7,6004,1150,0,7154,INR,,,,5861de2c77413624b48dea70ff06676f0fa82a1118713d8aed03cbfcdf94aa9e,VALID,1.0,,1,2026-09-03T02:30:00+05:30
9a84479648b54a6a936ff3d483d92f76,backfill-20260906-213201,simulator,DEL,BOM,DEL-BOM,2026-09-10,2026-09-03,2026-09-03T02:30:00+05:30,AI,AI764,ECONOMY,,7,5936,1147,0,7083,INR,,,,28a584b17ac5ff0ba8cd3e8e8a7dcd23c974fddbfd82a9e0abfa9fcdfeb6ed3a,VALID,1.0,,1,2026-09-03T02:30:00+05:30
18ee40f0a3e94e9a976e481ef06bd6fd,backfill-20260906-213201,simulator,DEL,BOM,DEL-BOM,2026-09-10,2026-09-03,2026-09-03T02:30:00+05:30,QP,QP896,ECONOMY,,7,4324,1066,0,5390,INR,,,,99a9e5b85393bf1172ad3fc76353f1f6525c55908eb3b98551b9df75af8b9d26,VALID,1.0,,1,2026-09-03T02:30:00+05:30
3193a0b402af450398cece079807184f,backfill-20260906-213201,simulator,DEL,BOM,DEL-BOM,2026-09-10,2026-09-03,2026-09-03T02:30:00+05:30,SG,SG693,ECONOMY,,7,5710,1135,0,6845,INR,,,,19d43654d3ed1fc57767fe205bbb59677fb9b96d5a1305b42bd63dde8775ebbc,VALID,1.0,,1,2026-09-03T02:30:00+05:30
de8bd6bec5b640df9bbab835410f564f,backfill-20260906-213201,simulator,DEL,BOM,DEL-BOM,2026-09-18,2026-09-03,2026-09-03T02:30:00+05:30,6E,6E396,ECONOMY,,15,5031,1102,0,6133,INR,,,,14a76635627a751050b8a80e60005495465f32cd30f8b9e2ceabcc86eccd7775,VALID,1.0,,1,2026-09-03T02:30:00+05:30
a77e7fa822d9455aa0a99921d4e404c7,backfill-20260906-213201,simulator,DEL,BOM,DEL-BOM,2026-09-18,2026-09-03,2026-09-03T02:30:00+05:30,6E,6E775,ECONOMY,,15,4906,1095,0,6001,INR,,,,40b4220980cd3236955fc92c0b7aa4c0edc3fdb4157d4f544081a48be988bf80,VALID,1.0,,1,2026-09-03T02:30:00+05:30
a5d0c759402a48b4b8f61ce77e3bf9b5,backfill-20260906-213201,simulator,DEL,BOM,DEL-BOM,2026-09-18,2026-09-03,2026-09-03T02:30:00+05:30,6E,6E326,ECONOMY,,15,4353,1068,0,5421,INR,,,,aaa0e238dbba39054bc249c8884c98b112525c2b9bd55f9cf72091fbcb414c19,VALID,1.0,,1,2026-09-03T02:30:00+05:30
ced1b51a05954d7eb0de70cd8e50f572,backfill-20260906-213201,simulator,DEL,BOM,DEL-BOM,2026-09-18,2026-09-03,2026-09-03T02:30:00+05:30,AI,AI494,ECONOMY,,15,4675,1084,0,5759,INR,,,,5e38eb7c71543977d94ec32a99280b524ee569e5432c27f1d4d839727c79bf35,VALID,1.0,,1,2026-09-03T02:30:00+05:30
16b019dd6b9c4b4dae3bb5e1ed064ac4,backfill-20260906-213201,simulator,DEL,BOM,DEL-BOM,2026-09-18,2026-09-03,2026-09-03T02:30:00+05:30,AI,AI575,ECONOMY,,15,5202,1110,0,6312,INR,,,,e919caa93c17c0be6a59f1e90bf3266eedb354ef57069e724f9d7c0464591ad2,VALID,1.0,,1,2026-09-03T02:30:00+05:30
003d9fafe59c4e3da57182a45f8983c8,backfill-20260906-213201,simulator,DEL,BOM,DEL-BOM,2026-09-18,2026-09-03,2026-09-03T02:30:00+05:30,QP,QP447,ECONOMY,,15,4285,1064,0,5349,INR,,,,88b9d5281fe3c3681d8eec07d0e7923e14970ad85d7e09a40b3e5ee66c61e397,VALID,1.0,,1,2026-09-03T02:30:00+05:30
ad8944bd3bd44a4b85faeace67b0072d,backfill-20260906-213201,simulator,DEL,BOM,DEL-BOM,2026-09-18,2026-09-03,2026-09-03T02:30:00+05:30,SG,SG831,ECONOMY,,15,4221,1061,0,5282,INR,,,,1091436fe555fc0e8aa72cafec0e751327c2fec2c01921b859d77fba6afa06c9,VALID,1.0,,1,2026-09-03T02:30:00+05:30
d2947028ec274335aa22da5d9cf70c89,backfill-20260906-213201,simulator,DEL,BOM,DEL-BOM,2026-10-03,2026-09-03,2026-09-03T02:30:00+05:30,6E,6E595,ECONOMY,,30,4390,1070,0,5460,INR,,,,6b6df6810e1dd2257d76db4cbc9a301d6b81a16d492d53bf4ac63b81c530c458,VALID,1.0,,1,2026-09-03T02:30:00+05:30
ae64c7222fe44259ab404dd9c25a8573,backfill-20260906-213201,simulator,DEL,BOM,DEL-BOM,2026-10-03,2026-09-03,2026-09-03T02:30:00+05:30,6E,6E486,ECONOMY,,30,3540,1027,0,4567,INR,,,,30a46762c23fb3ebbe92ccc173642a6e540cd3b5622b349a034b0817b7659c12,VALID,1.0,,1,2026-09-03T02:30:00+05:30
9ac69d79218c43cc91d6fd1236621af1,backfill-20260906-213201,simulator,DEL,BOM,DEL-BOM,2026-10-03,2026-09-03,2026-09-03T02:30:00+05:30,6E,6E621,ECONOMY,,30,3583,1029,0,4612,INR,,,,41cbb315e85643a9a0f1f5bd61b7b7b675e085c362ff9740ba456d3ef33f8131,VALID,1.0,,1,2026-09-03T02:30:00+05:30
e8963980c77343b6bae2ebfc589f1dfc,backfill-20260906-213201,simulator,DEL,BOM,DEL-BOM,2026-10-03,2026-09-03,2026-09-03T02:30:00+05:30,AI,AI264,ECONOMY,,30,4054,1053,0,5107,INR,,,,1c1f3bb0fea19c4ddd3c936357961019db6ccfc4c8eba094f89deb79aaeea75c,VALID,1.0,,1,2026-09-03T02:30:00+05:30
ddd8461df3cd4f90bc17c74aa74ae86c,backfill-20260906-213201,simulator,DEL,BOM,DEL-BOM,2026-10-03,2026-09-03,2026-09-03T02:30:00+05:30,AI,AI668,ECONOMY,,30,3494,1025,0,4519,INR,,,,92577575e60e54e582cb2fb5bf8f82ac0c70df61c7a363ff4a09d1cd90f35f01,VALID,1.0,,1,2026-09-03T02:30:00+05:30
158af4ee16af489fb0bc002467f9b270,backfill-20260906-213201,simulator,DEL,BOM,DEL-BOM,2026-10-03,2026-09-03,2026-09-03T02:30:00+05:30,QP,QP219,ECONOMY,,30,3534,1027,0,4561,INR,,,,afd4a7c82590454f2e4cea974dab20b0a28cd0fd978f19ad15d79bb59823aba0,VALID,1.0,,1,2026-09-03T02:30:00+05:30
101d82d1ae33429eb9a1a525a10356d8,backfill-20260906-213201,simulator,DEL,BOM,DEL-BOM,2026-10-03,2026-09-03,2026-09-03T02:30:00+05:30,SG,SG945,ECONOMY,,30,3061,1003,0,4064,INR,,,,34488d26766b715ba3e8974b6a97cdbcae687772100fba258f32cbfa5f34c5d0,VALID,1.0,,1,2026-09-03T02:30:00+05:30
baa803b053324bad9288e651906f4a69,backfill-20260906-213201,simulator,DEL,BOM,DEL-BOM,2026-10-18,2026-09-03,2026-09-03T02:30:00+05:30,6E,6E543,ECONOMY,,45,3831,1042,0,4873,INR,,,,e595b6a834d436db822c64eb9f3cb241dac03e7c474d1caec144308ae020ee49,VALID,1.0,,1,2026-09-03T02:30:00+05:30
0f3f10ac86d4479894df399156b97132,backfill-20260906-213201,simulator,DEL,BOM,DEL-BOM,2026-10-18,2026-09-03,2026-09-03T02:30:00+05:30,6E,6E360,ECONOMY,,45,3963,1048,0,5011,INR,,,,b88e3b29d2b0ca465f4b58c0f07071b4f9efb0fe94f50a3909c8f6c037ae12a1,VALID,1.0,,1,2026-09-03T02:30:00+05:30
99175f44a675460383d677c26134adde,backfill-20260906-213201,simulator,DEL,BOM,DEL-BOM,2026-10-18,2026-09-03,2026-09-03T02:30:00+05:30,6E,6E422,ECONOMY,,45,3736,1037,0,4773,INR,,,,abc3fd0f22d7b78401c0df43d67ef39db4fdf5ad8bf5dbe9819be7f562f2e8f3,VALID,1.0,,1,2026-09-03T02:30:00+05:30
a122fcb910c34802bdaa43dd2acf7f3a,backfill-20260906-213201,simulator,DEL,BOM,DEL-BOM,2026-10-18,2026-09-03,2026-09-03T02:30:00+05:30,AI,AI486,ECONOMY,,45,4082,1054,0,5136,INR,,,,1a63b0b846c239e17fd9f007a82f3698922abd1bddb64e2e844481cd5a63d4e2,VALID,1.0,,1,2026-09-03T02:30:00+05:30
2c31dab7bb98485b9db022685258aea7,backfill-20260906-213201,simulator,DEL,BOM,DEL-BOM,2026-10-18,2026-09-03,2026-09-03T02:30:00+05:30,AI,AI809,ECONOMY,,45,4243,1062,0,5305,INR,,,,fcde2de385d9f9f75f203a319d7d53472a83e59d81deb61178fa08cf2919715c,VALID,1.0,,1,2026-09-03T02:30:00+05:30
99bd1f87501c4b30aa8e3cbe6531285f,backfill-20260906-213201,simulator,DEL,BOM,DEL-BOM,2026-10-18,2026-09-03,2026-09-03T02:30:00+05:30,QP,QP816,ECONOMY,,45,3313,1016,0,4329,INR,,,,9194568184f572d844686029d58a3e87ab66035ab9e16953e5fdb3e8323f9f5a,VALID,1.0,,1,2026-09-03T02:30:00+05:30
b4556df18bc944c59b37952b2f937090,backfill-20260906-213201,simulator,DEL,BOM,DEL-BOM,2026-10-18,2026-09-03,2026-09-03T02:30:00+05:30,SG,SG890,ECONOMY,,45,3435,1022,0,4457,INR,,,,8cb1550ce69a3b5876b40fd7124a996dd8760bf4aab86f6c27837f4fbe183b6e,VALID,1.0,,1,2026-09-03T02:30:00+05:30
6eb03fe8f8d74f37a73b450ff8057129,backfill-20260906-213201,simulator,DEL,BLR,DEL-BLR,2026-09-04,2026-09-03,2026-09-03T02:30:00+05:30,6E,6E625,ECONOMY,,1,12659,1483,0,14142,INR,,,,2e3dc5b58096d84fe7e894eddb88bfda52dfdbcae7a1f1b32cf63bcf73a9a061,VALID,1.0,,1,2026-09-03T02:30:00+05:30
acc4887aa09b4d468935ad137e82ea28,backfill-20260906-213201,simulator,DEL,BLR,DEL-BLR,2026-09-04,2026-09-03,2026-09-03T02:30:00+05:30,6E,6E839,ECONOMY,,1,11339,1417,0,12756,INR,,,,2ca0b0672c79d5032cdfe4b9fcd1f2d57211589dd9371aa6c7dea46a4faa6ef5,VALID,1.0,,1,2026-09-03T02:30:00+05:30
23387de9972542769b76a4f8710f7317,backfill-20260906-213201,simulator,DEL,BLR,DEL-BLR,2026-09-04,2026-09-03,2026-09-03T02:30:00+05:30,6E,6E967,ECONOMY,,1,9792,1340,0,11132,INR,,,,a288963c81fe88d87390b6f873dbb3cd340f2addfb259a0008d9acf0c27243f2,VALID,1.0,,1,2026-09-03T02:30:00+05:30
39bc55f2b80248b8a642675113cef524,backfill-20260906-213201,simulator,DEL,BLR,DEL-BLR,2026-09-04,2026-09-03,2026-09-03T02:30:00+05:30,AI,AI683,ECONOMY,,1,13003,1500,0,14503,INR,,,,8f43d60b489c190616f96f785b2501f74d855e71e1d8420f6fe30d4692b81a40,VALID,1.0,,1,2026-09-03T02:30:00+05:30
0939b437acd048b894a2e33d5e2052c4,backfill-20260906-213201,simulator,DEL,BLR,DEL-BLR,2026-09-04,2026-09-03,2026-09-03T02:30:00+05:30,AI,AI308,ECONOMY,,1,10902,1395,0,12297,INR,,,,ef9fcfaa94ef348a43875d4c5c3bb0a7eb9335dacfc5af6f8a7c1aa1b457017f,VALID,1.0,,1,2026-09-03T02:30:00+05:30
7d5bb97d32f745c6b0802aa066ac22d6,backfill-20260906-213201,simulator,DEL,BLR,DEL-BLR,2026-09-04,2026-09-03,2026-09-03T02:30:00+05:30,QP,QP475,ECONOMY,,1,9963,1348,0,11311,INR,,,,722cdd9d67f30d18a3aa7a79ed596b70f26190bf8c0ffbbfed3e426be19d54e3,VALID,1.0,,1,2026-09-03T02:30:00+05:30
0228ee8f18814a78bead7aa056306044,backfill-20260906-213201,simulator,DEL,BLR,DEL-BLR,2026-09-04,2026-09-03,2026-09-03T02:30:00+05:30,SG,SG941,ECONOMY,,1,11042,1402,0,12444,INR,,,,483e333bf928660f8813978d14a4cba671ece37bbeaac980417ec9a40aed756a,VALID,1.0,,1,2026-09-03T02:30:00+05:30
4a892000db7e4071a69b8ef79be73dc4,backfill-20260906-213201,simulator,DEL,BLR,DEL-BLR,2026-09-10,2026-09-03,2026-09-03T02:30:00+05:30,6E,6E964,ECONOMY,,7,7100,1205,0,8305,INR,,,,c9c859dbe4a527369a53c19653505cdd1da85cb8290ab99642dfa1b13663ab45,VALID,1.0,,1,2026-09-03T02:30:00+05:30
f75aea93815843dab1fe8f47da6969e1,backfill-20260906-213201,simulator,DEL,BLR,DEL-BLR,2026-09-10,2026-09-03,2026-09-03T02:30:00+05:30,6E,6E697,ECONOMY,,7,4810,1090,0,5900,INR,,,,dfc6c27731b3ac73d884843b61fca0cadde9a6b9927d8801262cbc943808410d,VALID,1.0,,1,2026-09-03T02:30:00+05:30
c86f3e97ceb6490ab1805300a999bf85,backfill-20260906-213201,simulator,DEL,BLR,DEL-BLR,2026-09-10,2026-09-03,2026-09-03T02:30:00+05:30,6E,6E820,ECONOMY,,7,6136,1157,0,7293,INR,,,,5f072c61d585adb463efe1e085598439a5872201853444e86f9dc5f0196c95b9,VALID,1.0,,1,2026-09-03T02:30:00+05:30
ed554293f57146d19006429cdaed72a9,backfill-20260906-213201,simulator,DEL,BLR,DEL-BLR,2026-09-10,2026-09-03,2026-09-03T02:30:00+05:30,AI,AI921,ECONOMY,,7,6825,1191,0,8016,INR,,,,9aae9f84f5fab9c9429680145f1525623ad275f24ed67edf054f902e07292914,VALID,1.0,,1,2026-09-03T02:30:00+05:30
0a494f8dce6b4c378b500257936b6b5a,backfill-20260906-213201,simulator,DEL,BLR,DEL-BLR,2026-09-10,2026-09-03,2026-09-03T02:30:00+05:30,AI,AI943,ECONOMY,,7,6189,1159,0,7348,INR,,,,051866ce51aa9b0fd50c1a7c4bac6c20f5674b7c6e60ab0de52d826c94d14396,VALID,1.0,,1,2026-09-03T02:30:00+05:30
d0f6b89a09b24ec59c2071db9d8cd35e,backfill-20260906-213201,simulator,DEL,BLR,DEL-BLR,2026-09-10,2026-09-03,2026-09-03T02:30:00+05:30,QP,QP771,ECONOMY,,7,5508,1125,0,6633,INR,,,,334eb53b8d1c0f932ba5472f6b533a15aed12e318d2f3a939ed6f87ef4be22de,VALID,1.0,,1,2026-09-03T02:30:00+05:30
d7b612278eab4a5fb6ff6d717644e85d,backfill-20260906-213201,simulator,DEL,BLR,DEL-BLR,2026-09-10,2026-09-03,2026-09-03T02:30:00+05:30,SG,SG359,ECONOMY,,7,6046,1152,0,7198,INR,,,,d793668b9227fc834c55a450fa8911af1cdcb2fdfea06e484ca3ef9159f25866,VALID,1.0,,1,2026-09-03T02:30:00+05:30
d9087932a07a458db1bb6798f59b774d,backfill-20260906-213201,simulator,DEL,BLR,DEL-BLR,2026-09-18,2026-09-03,2026-09-03T02:30:00+05:30,6E,6E860,ECONOMY,,15,5824,1141,0,6965,INR,,,,a0c175a35288b719ad272b7a4e1272c4697d1d59c4c39e68d4507215da8a76d5,VALID,1.0,,1,2026-09-03T02:30:00+05:30
81ae3d8494c8412899c080963625c30c,backfill-20260906-213201,simulator,DEL,BLR,DEL-BLR,2026-09-18,2026-09-03,2026-09-03T02:30:00+05:30,6E,6E440,ECONOMY,,15,5992,1150,0,7142,INR,,,,a093f579fbe27cdffa95d1e5edf6a5f87b73e335e14aec42f09519d58a643795,VALID,1.0,,1,2026-09-03T02:30:00+05:30
91bbd9bad2764cbc919eebf7639bd671,backfill-20260906-213201,simulator,DEL,BLR,DEL-BLR,2026-09-18,2026-09-03,2026-09-03T02:30:00+05:30,6E,6E669,ECONOMY,,15,5252,1113,0,6365,INR,,,,1de175093069c826c68480b024388c1a9a7ce919b43105634b6a98dc58d10ad5,VALID,1.0,,1,2026-09-03T02:30:00+05:30
7877c161798f488f97c81bfe27977687,backfill-20260906-213201,simulator,DEL,BLR,DEL-BLR,2026-09-18,2026-09-03,2026-09-03T02:30:00+05:30,AI,AI948,ECONOMY,,15,6072,1154,0,7226,INR,,,,54e1d0e955ae1a9d85f5ec254c1c1f09fbecab55d7380fddda0bb0c994dfb1da,VALID,1.0,,1,2026-09-03T02:30:00+05:30
329f3b592fec48368238657e8634a2af,backfill-20260906-213201,simulator,DEL,BLR,DEL-BLR,2026-09-18,2026-09-03,2026-09-03T02:30:00+05:30,AI,AI607,ECONOMY,,15,5472,1124,0,6596,INR,,,,e4f27609292710b7f38cfa050bc7f51e13ea1c515fc3167dda178a856763a195,VALID,1.0,,1,2026-09-03T02:30:00+05:30
b913dc3461d442cab2e8120c4ca00b46,backfill-20260906-213201,simulator,DEL,BLR,DEL-BLR,2026-09-18,2026-09-03,2026-09-03T02:30:00+05:30,QP,QP586,ECONOMY,,15,5392,1120,0,6512,INR,,,,6194407d8ad1414c5f756496c062c0c196b2593d5cfdbac7c8093a3c5338500e,VALID,1.0,,1,2026-09-03T02:30:00+05:30
a74fc103342c4b04aabc2adc435d935a,backfill-20260906-213201,simulator,DEL,BLR,DEL-BLR,2026-09-18,2026-09-03,2026-09-03T02:30:00+05:30,SG,SG882,ECONOMY,,15,4724,1086,0,5810,INR,,,,245751ee3cdab0970aafd56763e0b253c2e5c7cbe3af2fe9964fcc6468ffe39d,VALID,1.0,,1,2026-09-03T02:30:00+05:30
6ec00602109045b29c684b0ede0171b4,backfill-20260906-213201,simulator,DEL,BLR,DEL-BLR,2026-10-03,2026-09-03,2026-09-03T02:30:00+05:30,6E,6.00E+305,ECONOMY,,30,4592,1080,0,5672,INR,,,,d0b2c6f9b64f3d6f43bbabd6d843e0c78811948e0ac746ec8b4e85a419f8f344,VALID,1.0,,1,2026-09-03T02:30:00+05:30
5311afc04844439f88c07a135a939be4,backfill-20260906-213201,simulator,DEL,BLR,DEL-BLR,2026-10-03,2026-09-03,2026-09-03T02:30:00+05:30,6E,6E694,ECONOMY,,30,4019,1051,0,5070,INR,,,,d49bab85c7071806c1bbf4f6c4b30f56d809c906ae4f13b4ef329c31d3f9168c,VALID,1.0,,1,2026-09-03T02:30:00+05:30
8ad6c7e419ed4bc481ac94e4052be1b4,backfill-20260906-213201,simulator,DEL,BLR,DEL-BLR,2026-10-03,2026-09-03,2026-09-03T02:30:00+05:30,6E,6E421,ECONOMY,,30,3729,1036,0,4765,INR,,,,f514ff70c386a756143960a2a8a4966034c729be15744ff0df1670218d250685,VALID,1.0,,1,2026-09-03T02:30:00+05:30
93597c3a999b43ebb1ae883097b0a319,backfill-20260906-213201,simulator,DEL,BLR,DEL-BLR,2026-10-03,2026-09-03,2026-09-03T02:30:00+05:30,AI,AI768,ECONOMY,,30,4725,1086,0,5811,INR,,,,acc3d7a62d6ac3f27e0d39e7898f876d95cf9a261797a252ddadc65d53a3bff0,VALID,1.0,,1,2026-09-03T02:30:00+05:30
28e936f6988d4969b9d3cbfde8bf318a,backfill-20260906-213201,simulator,DEL,BLR,DEL-BLR,2026-10-03,2026-09-03,2026-09-03T02:30:00+05:30,AI,AI624,ECONOMY,,30,4285,1064,0,5349,INR,,,,c5dd290e819d45ab57586386c94a37c1bead3533a031d40600fd51314bf514dd,VALID,1.0,,1,2026-09-03T02:30:00+05:30
d8f51174ea9e4033acbc7c66ae29c4d9,backfill-20260906-213201,simulator,DEL,BLR,DEL-BLR,2026-10-03,2026-09-03,2026-09-03T02:30:00+05:30,QP,QP699,ECONOMY,,30,4321,1066,0,5387,INR,,,,2e80b6d8c2ce1ef0a152fe6bc5137caca6018e44f02e1d4dba4af3333d443477,VALID,1.0,,1,2026-09-03T02:30:00+05:30
1f04da6aa4764b5bb93be1401e30f484,backfill-20260906-213201,simulator,DEL,BLR,DEL-BLR,2026-10-03,2026-09-03,2026-09-03T02:30:00+05:30,SG,SG574,ECONOMY,,30,3960,1048,0,5008,INR,,,,7cf62d38db6fcb5283e101cdae92b28d56da861cb7dd33daa7d3a29525a0730a,VALID,1.0,,1,2026-09-03T02:30:00+05:30
9d87f01bc4864a81ba545fc84379ed52,backfill-20260906-213201,simulator,DEL,BLR,DEL-BLR,2026-10-18,2026-09-03,2026-09-03T02:30:00+05:30,6E,6E633,ECONOMY,,45,5202,1110,0,6312,INR,,,,db06f9135f62bba32dea21936bda452ad6e96498e9050113507eea8c70418095,VALID,1.0,,1,2026-09-03T02:30:00+05:30
ca1fea9a60fe48cca87b0ecd1d0a76ad,backfill-20260906-213201,simulator,DEL,BLR,DEL-BLR,2026-10-18,2026-09-03,2026-09-03T02:30:00+05:30,6E,6E448,ECONOMY,,45,4364,1068,0,5432,INR,,,,5a95335cc88acc25ba20d294085b4ee04ffd42ec725f163a3be40c6f4d705a35,VALID,1.0,,1,2026-09-03T02:30:00+05:30
5284797be8774622a1e9bd798abdd075,backfill-20260906-213201,simulator,DEL,BLR,DEL-BLR,2026-10-18,2026-09-03,2026-09-03T02:30:00+05:30,6E,6E707,ECONOMY,,45,3817,1041,0,4858,INR,,,,c9ff0e27518cee1f7c682cfaf6d31726070ffd02de4b3ded50337c6d50ca8831,VALID,1.0,,1,2026-09-03T02:30:00+05:30
55d9d7645aeb457c82bd43c233af1187,backfill-20260906-213201,simulator,DEL,BLR,DEL-BLR,2026-10-18,2026-09-03,2026-09-03T02:30:00+05:30,AI,AI418,ECONOMY,,45,4910,1095,0,6005,INR,,,,a3b5dfb27f716f455daf216cb5fe6317056d1d8ac5fc6849afdee3dd1b07d21a,VALID,1.0,,1,2026-09-03T02:30:00+05:30
713672112f2849159533ed758615e9be,backfill-20260906-213201,simulator,DEL,BLR,DEL-BLR,2026-10-18,2026-09-03,2026-09-03T02:30:00+05:30,AI,AI987,ECONOMY,,45,4762,1088,0,5850,INR,,,,ca0df28b9fb8a0b0f230485c3751be8c36c2faf6fa8737fa6bbf7d29a7b3b579,VALID,1.0,,1,2026-09-03T02:30:00+05:30
2d98f5c7c6e44a52a7cc512ab2051d76,backfill-20260906-213201,simulator,DEL,BLR,DEL-BLR,2026-10-18,2026-09-03,2026-09-03T02:30:00+05:30,QP,QP486,ECONOMY,,45,4211,1061,0,5272,INR,,,,1f325d914402737a66d7b836905c3cabd938ed41ea6c96886f7333b43c304b6e,VALID,1.0,,1,2026-09-03T02:30:00+05:30
c3be0b2a8aed414fa1eb19ba1003c3b2,backfill-20260906-213201,simulator,DEL,BLR,DEL-BLR,2026-10-18,2026-09-03,2026-09-03T02:30:00+05:30,SG,SG847,ECONOMY,,45,4351,1068,0,5419,INR,,,,880fa6bc982a7f6a5fbe91bae3bac44c72c0554d40d0b5bf66ee536e47256fd0,VALID,1.0,,1,2026-09-03T02:30:00+05:30
db6251183e8143b8a189c853bec371d2,backfill-20260906-213201,simulator,DEL,BOM,DEL-BOM,2026-09-05,2026-09-04,2026-09-04T02:30:00+05:30,6E,6E335,ECONOMY,,1,8617,1281,0,9898,INR,,,,d2206a45bdfde478a3826d587d2232adff8fc59bfcd05db59af88b079f4084a0,VALID,1.0,,1,2026-09-04T02:30:00+05:30
cf226315601740eba44ca3f71a7c4566,backfill-20260906-213201,simulator,DEL,BOM,DEL-BOM,2026-09-05,2026-09-04,2026-09-04T02:30:00+05:30,6E,6E421,ECONOMY,,1,7700,1235,0,8935,INR,,,,fd31aa62cb8fc8c835e86ea97667b8c5333cdc9968ad8979098b599c9d0353eb,VALID,1.0,,1,2026-09-04T02:30:00+05:30
4c4fffe2a77a4835a7dfad8d6b044a62,backfill-20260906-213201,simulator,DEL,BOM,DEL-BOM,2026-09-05,2026-09-04,2026-09-04T02:30:00+05:30,6E,6E972,ECONOMY,,1,8995,1300,0,10295,INR,,,,c27b59b04ced0f5d3691b6e8fc94297c85af217aa905fe8db80ca71823b74d89,VALID,1.0,,1,2026-09-04T02:30:00+05:30
53187075a2cf4933a096a40bf2942215,backfill-20260906-213201,simulator,DEL,BOM,DEL-BOM,2026-09-05,2026-09-04,2026-09-04T02:30:00+05:30,AI,AI204,ECONOMY,,1,8893,1295,0,10188,INR,,,,b6c1f46b04fd19d75c5f78940bfe99775e21ef534ab4b8e3edf1a219b3c75b4a,VALID,1.0,,1,2026-09-04T02:30:00+05:30
18a24ecceb7a47cba83e7c1c97eb352c,backfill-20260906-213201,simulator,DEL,BOM,DEL-BOM,2026-09-05,2026-09-04,2026-09-04T02:30:00+05:30,AI,AI739,ECONOMY,,1,8271,1264,0,9535,INR,,,,6cffc3a0b41387f9ac98270f6db7ecb0c3a6d8de8dfb31203f5fe9cb29657cdd,VALID,1.0,,1,2026-09-04T02:30:00+05:30
5f0c960877414179866fbd65d13be396,backfill-20260906-213201,simulator,DEL,BOM,DEL-BOM,2026-09-05,2026-09-04,2026-09-04T02:30:00+05:30,QP,QP210,ECONOMY,,1,7795,1240,0,9035,INR,,,,ec3b2a45ce587a236d4313f5f2131ea0a92e15bc9fc6d911bd75061be2da1c7e,VALID,1.0,,1,2026-09-04T02:30:00+05:30
25b7d2e5bae546398c7eba0695a71daa,backfill-20260906-213201,simulator,DEL,BOM,DEL-BOM,2026-09-05,2026-09-04,2026-09-04T02:30:00+05:30,SG,SG202,ECONOMY,,1,8067,1253,0,9320,INR,,,,4726cb5b6e39cdde36671cabf7a61aecc224cf6b596c5b3aeb1e6af135a117eb,VALID,1.0,,1,2026-09-04T02:30:00+05:30
8e4453fd0536481e88d47a3c8aa27645,backfill-20260906-213201,simulator,DEL,BOM,DEL-BOM,2026-09-11,2026-09-04,2026-09-04T02:30:00+05:30,6E,6E895,ECONOMY,,7,6762,1188,0,7950,INR,,,,b9647d81039f26c5f7efab08b09c2fbf8356e95fef4cab6064dd9fe8078d8fda,VALID,1.0,,1,2026-09-04T02:30:00+05:30
dc893b49e88c4b69bf7c57302b40000a,backfill-20260906-213201,simulator,DEL,BOM,DEL-BOM,2026-09-11,2026-09-04,2026-09-04T02:30:00+05:30,6E,6E367,ECONOMY,,7,6406,1170,0,7576,INR,,,,94859ea90873cf722dc2991387ad872266b4e6378c489e79072a050ff40ad9a0,VALID,1.0,,1,2026-09-04T02:30:00+05:30
31f873d16b6f4397979ce9158582a3dd,backfill-20260906-213201,simulator,DEL,BOM,DEL-BOM,2026-09-11,2026-09-04,2026-09-04T02:30:00+05:30,6E,6E707,ECONOMY,,7,5795,1140,0,6935,INR,,,,c52edc91b4724ce5c2133de5462611a405051764ba8125cfb51d171664b03373,VALID,1.0,,1,2026-09-04T02:30:00+05:30
1d805d99f91f4a32947b2a710b969ef6,backfill-20260906-213201,simulator,DEL,BOM,DEL-BOM,2026-09-11,2026-09-04,2026-09-04T02:30:00+05:30,AI,AI616,ECONOMY,,7,7358,1218,0,8576,INR,,,,13e50aa53c427d1f29a815c08d7f6ebb3cef15d883ea80b64506334ee9521434,VALID,1.0,,1,2026-09-04T02:30:00+05:30
01ad16eee4554efaa90094f084d5ada2,backfill-20260906-213201,simulator,DEL,BOM,DEL-BOM,2026-09-11,2026-09-04,2026-09-04T02:30:00+05:30,AI,AI435,ECONOMY,,7,7003,1200,0,8203,INR,,,,92c0cc1ce9d4038db9356af4dda2c70b74efab95cb041ee5274d5175f41a9e4a,VALID,1.0,,1,2026-09-04T02:30:00+05:30
7da543c68c5f4186b6a934b427ee2593,backfill-20260906-213201,simulator,DEL,BOM,DEL-BOM,2026-09-11,2026-09-04,2026-09-04T02:30:00+05:30,QP,QP427,ECONOMY,,7,6069,1153,0,7222,INR,,,,81e046691a7f8b47c7d6be89c6d938c41b5615b21f8857c018ad3055ad51263a,VALID,1.0,,1,2026-09-04T02:30:00+05:30
911e03b78dbc443ab6faa244d076f968,backfill-20260906-213201,simulator,DEL,BOM,DEL-BOM,2026-09-11,2026-09-04,2026-09-04T02:30:00+05:30,SG,SG675,ECONOMY,,7,5352,1118,0,6470,INR,,,,dc6f778d8f3c7ef638be74e30932234c582c0ae20c7c8cce3d91be9a9040ffc8,VALID,1.0,,1,2026-09-04T02:30:00+05:30
19a930a31fa34b5ebc6670057d82cd3a,backfill-20260906-213201,simulator,DEL,BOM,DEL-BOM,2026-09-19,2026-09-04,2026-09-04T02:30:00+05:30,6E,6.00E+245,ECONOMY,,15,4122,1056,0,5178,INR,,,,b2cbc3d5f6d684311be211e5c9b7cfb399c450e74740449772f9e1d4e78b3a69,VALID,1.0,,1,2026-09-04T02:30:00+05:30
9fcfb108a4ef430b8c77dc8774123b75,backfill-20260906-213201,simulator,DEL,BOM,DEL-BOM,2026-09-19,2026-09-04,2026-09-04T02:30:00+05:30,6E,6E846,ECONOMY,,15,4271,1064,0,5335,INR,,,,68ad4ba8007bdc3eed8f63a457a23a10af234ce5ddc582516971f51314f20c48,VALID,1.0,,1,2026-09-04T02:30:00+05:30
ba3e07daa798409a9b162f71a3b78fe4,backfill-20260906-213201,simulator,DEL,BOM,DEL-BOM,2026-09-19,2026-09-04,2026-09-04T02:30:00+05:30,6E,6E732,ECONOMY,,15,3830,1042,0,4872,INR,,,,2ab33bf10432b86a6fb68b56dbbb700cd60ec8c39854c99468b672d3062603e3,VALID,1.0,,1,2026-09-04T02:30:00+05:30
9b23a53b0793442bbf33021404d13b22,backfill-20260906-213201,simulator,DEL,BOM,DEL-BOM,2026-09-19,2026-09-04,2026-09-04T02:30:00+05:30,AI,AI403,ECONOMY,,15,4207,1060,0,5267,INR,,,,10587cbedb55a90488d81465f5c5398d92bb2bc34d0f7b117f6c9f11c14b26f8,VALID,1.0,,1,2026-09-04T02:30:00+05:30
5b02ca220f5b4c9687a4e3c13b80861d,backfill-20260906-213201,simulator,DEL,BOM,DEL-BOM,2026-09-19,2026-09-04,2026-09-04T02:30:00+05:30,AI,AI947,ECONOMY,,15,4600,1080,0,5680,INR,,,,42117eee0bfe755d5f398ced529b20432081fc1125d88d37369a34807dec7091,VALID,1.0,,1,2026-09-04T02:30:00+05:30
b7c006f1da1a4bb98e7aba95df97ff22,backfill-20260906-213201,simulator,DEL,BOM,DEL-BOM,2026-09-19,2026-09-04,2026-09-04T02:30:00+05:30,QP,QP230,ECONOMY,,15,3897,1045,0,4942,INR,,,,84a26a6c80a986460d1fb4b4e78ae8d2e09fd1ff25417f1877dce6409322beb1,VALID,1.0,,1,2026-09-04T02:30:00+05:30
035619c71a4d44f2bf57bc59cf177b01,backfill-20260906-213201,simulator,DEL,BOM,DEL-BOM,2026-09-19,2026-09-04,2026-09-04T02:30:00+05:30,SG,SG667,ECONOMY,,15,3436,1022,0,4458,INR,,,,41f3aa9e9005fffb5efe83596bd6b7e2f2dfd4851f49ff1f6038a348883b313a,VALID,1.0,,1,2026-09-04T02:30:00+05:30
a9c6f86dc7b940a1be54db96ccc1f1bf,backfill-20260906-213201,simulator,DEL,BOM,DEL-BOM,2026-10-04,2026-09-04,2026-09-04T02:30:00+05:30,6E,6E567,ECONOMY,,30,4360,1068,0,5428,INR,,,,47c20f1cf93e4b9e3b7813b5333933348d6751b51c0a515e6b1b53f637bd168f,VALID,1.0,,1,2026-09-04T02:30:00+05:30
c5221ac4c055452d80336c219edf42b9,backfill-20260906-213201,simulator,DEL,BOM,DEL-BOM,2026-10-04,2026-09-04,2026-09-04T02:30:00+05:30,6E,6E608,ECONOMY,,30,4643,1082,0,5725,INR,,,,9a2d6728d8a8cb94e5d667757ba7dff5aa2cc9d93e0c7b4a02b90a57a2becc4a,VALID,1.0,,1,2026-09-04T02:30:00+05:30
42f44c50879146bda6a9f441d33f3025,backfill-20260906-213201,simulator,DEL,BOM,DEL-BOM,2026-10-04,2026-09-04,2026-09-04T02:30:00+05:30,6E,6E710,ECONOMY,,30,4079,1054,0,5133,INR,,,,299ef461d492677963e1edd5664065b4ac593ea0d6514e0a79d11fd02a265806,VALID,1.0,,1,2026-09-04T02:30:00+05:30
d882b2bd691b4c829b008c3f9c4bd9b2,backfill-20260906-213201,simulator,DEL,BOM,DEL-BOM,2026-10-04,2026-09-04,2026-09-04T02:30:00+05:30,AI,AI931,ECONOMY,,30,4432,1072,0,5504,INR,,,,0f99ebfe4163d89e80f4b6de6678e1d8bfd2243d24101c1369599fce8d7fd52e,VALID,1.0,,1,2026-09-04T02:30:00+05:30
6014f315f3aa4741addf5c7dfee8e287,backfill-20260906-213201,simulator,DEL,BOM,DEL-BOM,2026-10-04,2026-09-04,2026-09-04T02:30:00+05:30,AI,AI317,ECONOMY,,30,4422,1071,0,5493,INR,,,,ff5957511c74714ea35532e3f63beb102172b0ec9333c5a2e1123d1f3cddead2,VALID,1.0,,1,2026-09-04T02:30:00+05:30
bf60f6ba5fb4409283e5fa54dbecdf74,backfill-20260906-213201,simulator,DEL,BOM,DEL-BOM,2026-10-04,2026-09-04,2026-09-04T02:30:00+05:30,QP,QP887,ECONOMY,,30,3756,1038,0,4794,INR,,,,833fda12cfe33e010d76cd9e850837da47d2c40b5f37e87021626ac6df287808,VALID,1.0,,1,2026-09-04T02:30:00+05:30
26c67a696c3b4a7b8c160bf782af0898,backfill-20260906-213201,simulator,DEL,BOM,DEL-BOM,2026-10-04,2026-09-04,2026-09-04T02:30:00+05:30,SG,SG824,ECONOMY,,30,3951,1048,0,4999,INR,,,,d51d75965d4f419a2fd4536d0de36645b9658b922afa4eaba068b304ed4ac7d4,VALID,1.0,,1,2026-09-04T02:30:00+05:30
270daf1a8467497581b983452dc96d1a,backfill-20260906-213201,simulator,DEL,BOM,DEL-BOM,2026-10-19,2026-09-04,2026-09-04T02:30:00+05:30,6E,6E835,ECONOMY,,45,3150,1007,0,4157,INR,,,,7146493f3b1edb719c0ffc87a09e07e76827786fade43d4672bd26a4786803ee,VALID,1.0,,1,2026-09-04T02:30:00+05:30
5972455c141e4610a5a69035e283a07d,backfill-20260906-213201,simulator,DEL,BOM,DEL-BOM,2026-10-19,2026-09-04,2026-09-04T02:30:00+05:30,6E,6E325,ECONOMY,,45,4162,1058,0,5220,INR,,,,a618f5e96e0b0a9feae4ceebde5542686109d245f550f10cb77b9510e30f3940,VALID,1.0,,1,2026-09-04T02:30:00+05:30
656cf2e84ae542208f2a8edccd37fba0,backfill-20260906-213201,simulator,DEL,BOM,DEL-BOM,2026-10-19,2026-09-04,2026-09-04T02:30:00+05:30,6E,6E749,ECONOMY,,45,3285,1014,0,4299,INR,,,,76b5d073c6447f1a5d54be1cd0ce8abd684ab61b715dce3492571dda59d450ab,VALID,1.0,,1,2026-09-04T02:30:00+05:30
9a3046818a904fb2a3dcd0ce616c598a,backfill-20260906-213201,simulator,DEL,BOM,DEL-BOM,2026-10-19,2026-09-04,2026-09-04T02:30:00+05:30,AI,AI935,ECONOMY,,45,3684,1034,0,4718,INR,,,,435c9cd5649ed4c0fddf99b1b80298b6378a8c5913de665a60631e8ae73b50fe,VALID,1.0,,1,2026-09-04T02:30:00+05:30
2c7cc0c7c3f3468389dfd2918ec06260,backfill-20260906-213201,simulator,DEL,BOM,DEL-BOM,2026-10-19,2026-09-04,2026-09-04T02:30:00+05:30,AI,AI914,ECONOMY,,45,3712,1036,0,4748,INR,,,,eff9d423a1fd839abc278bb465dd05b327d03b7a2d04e3a173c99e45f097bbf9,VALID,1.0,,1,2026-09-04T02:30:00+05:30
0350874422fe448d9f2346c7309ceb31,backfill-20260906-213201,simulator,DEL,BOM,DEL-BOM,2026-10-19,2026-09-04,2026-09-04T02:30:00+05:30,QP,QP536,ECONOMY,,45,2759,988,0,3747,INR,,,,6a36003c157eb6e26328cc76faafbf9a32b17755aa6ae1740a90a32ab117efd8,VALID,1.0,,1,2026-09-04T02:30:00+05:30
25965a6530914bd0becf8032a7bc2de1,backfill-20260906-213201,simulator,DEL,BOM,DEL-BOM,2026-10-19,2026-09-04,2026-09-04T02:30:00+05:30,SG,SG654,ECONOMY,,45,3238,1012,0,4250,INR,,,,f1bdab65a6b4c2d4346793110c3f1ce2caf1d3ee240f2bcc81a573039ba61b4b,VALID,1.0,,1,2026-09-04T02:30:00+05:30
c505c50a36924450b93dcda1e0b8ae05,backfill-20260906-213201,simulator,DEL,BLR,DEL-BLR,2026-09-05,2026-09-04,2026-09-04T02:30:00+05:30,6E,6E579,ECONOMY,,1,10479,1374,0,11853,INR,,,,5388e51be8e7d9c7cafc941a833b5ce8d56ee3bddb7f2fa54240b19164efc70e,VALID,1.0,,1,2026-09-04T02:30:00+05:30
fea8301431b947e98f472a907b632ffd,backfill-20260906-213201,simulator,DEL,BLR,DEL-BLR,2026-09-05,2026-09-04,2026-09-04T02:30:00+05:30,6E,6.00E+278,ECONOMY,,1,9326,1316,0,10642,INR,,,,67ff71e1a3cd75aaa4b4751d838b30feb6f537ed33e70d0481ccf54cc5e3d320,VALID,1.0,,1,2026-09-04T02:30:00+05:30
b21167af1f0144c58fab8dac398e8e34,backfill-20260906-213201,simulator,DEL,BLR,DEL-BLR,2026-09-05,2026-09-04,2026-09-04T02:30:00+05:30,6E,6E566,ECONOMY,,1,10374,1369,0,11743,INR,,,,53aed03ae4f7b946a08be366cf1763efc4648c115c35f295f461bb0c232701e5,VALID,1.0,,1,2026-09-04T02:30:00+05:30
2da72f9cd5ed4256acd1bb28eee1a420,backfill-20260906-213201,simulator,DEL,BLR,DEL-BLR,2026-09-05,2026-09-04,2026-09-04T02:30:00+05:30,AI,AI205,ECONOMY,,1,11107,1405,0,12512,INR,,,,d41520f5d03fe1e0d4994daede87fea295e111242c4e0d2fa9a1711dae66511f,VALID,1.0,,1,2026-09-04T02:30:00+05:30
eb731f58c6514961a04f1b678dc555bb,backfill-20260906-213201,simulator,DEL,BLR,DEL-BLR,2026-09-05,2026-09-04,2026-09-04T02:30:00+05:30,AI,AI674,ECONOMY,,1,10079,1354,0,11433,INR,,,,ca56395652ef1c0e3a365ffd11f28a208206092099c607b1c5973adf5575b5d7,VALID,1.0,,1,2026-09-04T02:30:00+05:30
575f454119bc43c4a80798a36f9621bf,backfill-20260906-213201,simulator,DEL,BLR,DEL-BLR,2026-09-05,2026-09-04,2026-09-04T02:30:00+05:30,QP,QP307,ECONOMY,,1,9047,1302,0,10349,INR,,,,251b3f36c904d3f1e77b16cfee48b8fdfd469658039fbf85c5910f190ddf0622,VALID,1.0,,1,2026-09-04T02:30:00+05:30
4ad541bbaeb5423d90b4fc03076ee801,backfill-20260906-213201,simulator,DEL,BLR,DEL-BLR,2026-09-05,2026-09-04,2026-09-04T02:30:00+05:30,SG,SG793,ECONOMY,,1,8848,1292,0,10140,INR,,,,3bdfdefa727e94a8abd5b5a6358c6fe4d7f0f2cac5a8a15dc3d80e0254cbfa0e,VALID,1.0,,1,2026-09-04T02:30:00+05:30
de7a8a38c8544d1b804d315308591ae0,backfill-20260906-213201,simulator,DEL,BLR,DEL-BLR,2026-09-11,2026-09-04,2026-09-04T02:30:00+05:30,6E,6E684,ECONOMY,,7,7359,1218,0,8577,INR,,,,43af737b5c0af5fc0033121e21d4053317770495eb2be404455f8fa1eea73503,VALID,1.0,,1,2026-09-04T02:30:00+05:30
ab652be77d4347929b8e3d544d9a0679,backfill-20260906-213201,simulator,DEL,BLR,DEL-BLR,2026-09-11,2026-09-04,2026-09-04T02:30:00+05:30,6E,6E480,ECONOMY,,7,6867,1193,0,8060,INR,,,,bb9bc8205f9abd1b8019a408fcbcc47a7d2c3b55da5b855abf4d96cacaeff6b5,VALID,1.0,,1,2026-09-04T02:30:00+05:30
89b9cd99a3bf42cfb1234674230a442b,backfill-20260906-213201,simulator,DEL,BLR,DEL-BLR,2026-09-11,2026-09-04,2026-09-04T02:30:00+05:30,6E,6E756,ECONOMY,,7,7393,1220,0,8613,INR,,,,d43886e08b911fda6baa98e7a6cde031152734ff503ea0ff658b3f57c0a0b3d3,VALID,1.0,,1,2026-09-04T02:30:00+05:30
90beccfcec8a468891689ed13d29379b,backfill-20260906-213201,simulator,DEL,BLR,DEL-BLR,2026-09-11,2026-09-04,2026-09-04T02:30:00+05:30,AI,AI723,ECONOMY,,7,7939,1247,0,9186,INR,,,,011079717c1d5ff76d207ba4983b49ddda43a9ff563b5b7810dbb5eedda36eba,VALID,1.0,,1,2026-09-04T02:30:00+05:30
4700558ff01a49a284a2cec48069e6e6,backfill-20260906-213201,simulator,DEL,BLR,DEL-BLR,2026-09-11,2026-09-04,2026-09-04T02:30:00+05:30,AI,AI637,ECONOMY,,7,8055,1253,0,9308,INR,,,,a8d4b8b837a80e64af92b9ca52ebe5958f829fb211c7995369263ccf134fee67,VALID,1.0,,1,2026-09-04T02:30:00+05:30
28c1462398794d78ad172c151d66ea6a,backfill-20260906-213201,simulator,DEL,BLR,DEL-BLR,2026-09-11,2026-09-04,2026-09-04T02:30:00+05:30,QP,QP634,ECONOMY,,7,7298,1215,0,8513,INR,,,,120200989b7a670e20995c9a03f7c15a22a593210f79bd8987529a609772bfea,VALID,1.0,,1,2026-09-04T02:30:00+05:30
146875520d264269b7a3b850444a34c5,backfill-20260906-213201,simulator,DEL,BLR,DEL-BLR,2026-09-11,2026-09-04,2026-09-04T02:30:00+05:30,SG,SG284,ECONOMY,,7,6299,1165,0,7464,INR,,,,30d86c7ae849e6ec021fee3d7c99a0701e6241317d05ca2615e3492aaa671856,VALID,1.0,,1,2026-09-04T02:30:00+05:30
788204b744ab4196b10841361f3f091a,backfill-20260906-213201,simulator,DEL,BLR,DEL-BLR,2026-09-19,2026-09-04,2026-09-04T02:30:00+05:30,6E,6E498,ECONOMY,,15,4942,1097,0,6039,INR,,,,5c5768a8352ecf3b117c025b96070dd46ad06cb372c41981ffea51c6a54508da,VALID,1.0,,1,2026-09-04T02:30:00+05:30
08bc4b9a28f04052981527d926ec9e48,backfill-20260906-213201,simulator,DEL,BLR,DEL-BLR,2026-09-19,2026-09-04,2026-09-04T02:30:00+05:30,6E,6E664,ECONOMY,,15,5559,1128,0,6687,INR,,,,6e51d922c6f47291ba276870d41a60526c23812bbdc991eafb8280095429ab32,VALID,1.0,,1,2026-09-04T02:30:00+05:30
97fcb3f381644f369c7b6ab547709aae,backfill-20260906-213201,simulator,DEL,BLR,DEL-BLR,2026-09-19,2026-09-04,2026-09-04T02:30:00+05:30,6E,6.00E+212,ECONOMY,,15,4320,1066,0,5386,INR,,,,dd90b6c1014d39d5144445f84039bbf1c3a48dc111a59ee669618d91e0a6921f,VALID,1.0,,1,2026-09-04T02:30:00+05:30
b20528d92d3c4f08b97478b17a5a3be0,backfill-20260906-213201,simulator,DEL,BLR,DEL-BLR,2026-09-19,2026-09-04,2026-09-04T02:30:00+05:30,AI,AI620,ECONOMY,,15,5281,1114,0,6395,INR,,,,12dcf72da97949151a35d7f3c94f53d7029229fac767c77096367243ef745298,VALID,1.0,,1,2026-09-04T02:30:00+05:30
ede251f212f9449798acc30af338cd59,backfill-20260906-213201,simulator,DEL,BLR,DEL-BLR,2026-09-19,2026-09-04,2026-09-04T02:30:00+05:30,AI,AI296,ECONOMY,,15,5122,1106,0,6228,INR,,,,9b00d8f5049c8cf7a5702aacff4387457eb4cf6403afddea315d53a105ad295d,VALID,1.0,,1,2026-09-04T02:30:00+05:30
12c176c51084414eb1ce048dac05004b,backfill-20260906-213201,simulator,DEL,BLR,DEL-BLR,2026-09-19,2026-09-04,2026-09-04T02:30:00+05:30,QP,QP542,ECONOMY,,15,4320,1066,0,5386,INR,,,,beec9ad21880d312429383cdf283863da18d9f92bb88dd6439fb50e4fcabdc20,VALID,1.0,,1,2026-09-04T02:30:00+05:30
e38540f4c96c4a18b0ef57097b12e8c2,backfill-20260906-213201,simulator,DEL,BLR,DEL-BLR,2026-09-19,2026-09-04,2026-09-04T02:30:00+05:30,SG,SG836,ECONOMY,,15,5123,1106,0,6229,INR,,,,745758d2558b0ddd734ec9825986b003c01dd2f919b6c0af1c57d28c5c3364d2,VALID,1.0,,1,2026-09-04T02:30:00+05:30
912f43089d71417991d5ab9978d38708,backfill-20260906-213201,simulator,DEL,BLR,DEL-BLR,2026-10-04,2026-09-04,2026-09-04T02:30:00+05:30,6E,6.00E+240,ECONOMY,,30,4572,1079,0,5651,INR,,,,1bd28288b312abff96ef0d3c6597265ff016447f8860b9c209b99528ed84d0cc,VALID,1.0,,1,2026-09-04T02:30:00+05:30
21f39b37e0854ec2a6cf3bfc4df5f362,backfill-20260906-213201,simulator,DEL,BLR,DEL-BLR,2026-10-04,2026-09-04,2026-09-04T02:30:00+05:30,6E,6.00E+253,ECONOMY,,30,4428,1071,0,5499,INR,,,,71d68b2e7db3c036d6ffe70276eeb5bcc00db5dde3b2e701e4d74104ea78c258,VALID,1.0,,1,2026-09-04T02:30:00+05:30
2897e7b2ec764adda14671c4cc3569ba,backfill-20260906-213201,simulator,DEL,BLR,DEL-BLR,2026-10-04,2026-09-04,2026-09-04T02:30:00+05:30,6E,6E767,ECONOMY,,30,4870,1093,0,5963,INR,,,,3986b5ecc7919166f8bc8eb7e8ae1821db3fcb36ebe02193e473e2e4d1081977,VALID,1.0,,1,2026-09-04T02:30:00+05:30
b8da820aec68433e8b721526409fda87,backfill-20260906-213201,simulator,DEL,BLR,DEL-BLR,2026-10-04,2026-09-04,2026-09-04T02:30:00+05:30,AI,AI405,ECONOMY,,30,5555,1128,0,6683,INR,,,,8b14c5aecff717b4c43bc753274b2e478f8cbe43003c0b73bfb7343a12dec1eb,VALID,1.0,,1,2026-09-04T02:30:00+05:30
039f70a8b55f4daf9a3d7fba018d65ae,backfill-20260906-213201,simulator,DEL,BLR,DEL-BLR,2026-10-04,2026-09-04,2026-09-04T02:30:00+05:30,AI,AI776,ECONOMY,,30,5881,1144,0,7025,INR,,,,b2f5f2e16ce81bc1966c2ffab8d6e58aaffceb22256cc715244c2bdd654a3fd0,VALID,1.0,,1,2026-09-04T02:30:00+05:30
00b6eb0b01bb4a2e9327fdd1ae3b77c4,backfill-20260906-213201,simulator,DEL,BLR,DEL-BLR,2026-10-04,2026-09-04,2026-09-04T02:30:00+05:30,QP,QP284,ECONOMY,,30,4464,1073,0,5537,INR,,,,77d307e9739d1905491df2bdd26c54c36fc88acb31261c0c8d4907769360c1b4,VALID,1.0,,1,2026-09-04T02:30:00+05:30
85829d09433b4e9395b44fd484799f1a,backfill-20260906-213201,simulator,DEL,BLR,DEL-BLR,2026-10-04,2026-09-04,2026-09-04T02:30:00+05:30,SG,SG504,ECONOMY,,30,5128,1106,0,6234,INR,,,,78073b677cf303cdac6a89014d0626726b189dbc00dca5bac282878ef38112fa,VALID,1.0,,1,2026-09-04T02:30:00+05:30
b129ddcb930641e29bd917666ba125c1,backfill-20260906-213201,simulator,DEL,BLR,DEL-BLR,2026-10-19,2026-09-04,2026-09-04T02:30:00+05:30,6E,6E704,ECONOMY,,45,4028,1051,0,5079,INR,,,,193132da15ddfff42bd04d923ed9cf3140844530a1ffa516f729710526a9470f,VALID,1.0,,1,2026-09-04T02:30:00+05:30
96566c68d0034a2b86f8ecf17b3b97cf,backfill-20260906-213201,simulator,DEL,BLR,DEL-BLR,2026-10-19,2026-09-04,2026-09-04T02:30:00+05:30,6E,6E870,ECONOMY,,45,4051,1053,0,5104,INR,,,,e60303318b0860479793d94d9226312c066945f8919a3ab51ab61cfc624faaa7,VALID,1.0,,1,2026-09-04T02:30:00+05:30
a54fcd4887c34285baa8b2b3ff35cdd6,backfill-20260906-213201,simulator,DEL,BLR,DEL-BLR,2026-10-19,2026-09-04,2026-09-04T02:30:00+05:30,6E,6.00E+256,ECONOMY,,45,3710,1036,0,4746,INR,,,,15a999bdc4e3c6495f815d6fdacd51ad30a07f6551492c1825750cd4d107fda2,VALID,1.0,,1,2026-09-04T02:30:00+05:30
50b1236d94634132bdb03bf45e39ef2f,backfill-20260906-213201,simulator,DEL,BLR,DEL-BLR,2026-10-19,2026-09-04,2026-09-04T02:30:00+05:30,AI,AI637,ECONOMY,,45,4050,1053,0,5103,INR,,,,fe79476c8dc932cce7288bc18ff8caab6c9d3cbe6a4386e152425a2fe9a4bb4a,VALID,1.0,,1,2026-09-04T02:30:00+05:30
15dcf728db7f4343a7f4c91ea2ef4658,backfill-20260906-213201,simulator,DEL,BLR,DEL-BLR,2026-10-19,2026-09-04,2026-09-04T02:30:00+05:30,AI,AI277,ECONOMY,,45,3610,1030,0,4640,INR,,,,e814d3971796e5e1c0242a910f0cca8dc5ac0e039fa752e33d54347011b0ab32,VALID,1.0,,1,2026-09-04T02:30:00+05:30
3f711ee410594ff0b65a8c26e132fc57,backfill-20260906-213201,simulator,DEL,BLR,DEL-BLR,2026-10-19,2026-09-04,2026-09-04T02:30:00+05:30,QP,QP300,ECONOMY,,45,3248,1012,0,4260,INR,,,,4a5cb6547c6c652b652bfe0e573b5d9b31ad15a6bb3edb26913c0a8bc89db3bb,VALID,1.0,,1,2026-09-04T02:30:00+05:30
2f2d67ee05a54bc88b401434e0c964ee,backfill-20260906-213201,simulator,DEL,BLR,DEL-BLR,2026-10-19,2026-09-04,2026-09-04T02:30:00+05:30,SG,SG639,ECONOMY,,45,3507,1025,0,4532,INR,,,,7fdd3e13fabe588d974c6c268d735c9f45578cdcdc075b49e7436a990758b878,VALID,1.0,,1,2026-09-04T02:30:00+05:30
8536b1998ff94cb38cb195b902482925,backfill-20260906-213201,simulator,DEL,BOM,DEL-BOM,2026-09-06,2026-09-05,2026-09-05T02:30:00+05:30,6E,6E361,ECONOMY,,1,9080,1304,0,10384,INR,,,,dd487d01553e3a1b9883b1db240202162ddae05dd14b144a4af4a160f720b75f,VALID,1.0,,1,2026-09-05T02:30:00+05:30
c96d0054f1804b238782c466dd007d78,backfill-20260906-213201,simulator,DEL,BOM,DEL-BOM,2026-09-06,2026-09-05,2026-09-05T02:30:00+05:30,6E,6.00E+295,ECONOMY,,1,9406,1320,0,10726,INR,,,,66cb314c72b6f1021264fa9e8246e1e21e72f8476a2a6d00cd3ac6a47117b280,VALID,1.0,,1,2026-09-05T02:30:00+05:30
7c8fdee5593f44a884e3f0027e0e597a,backfill-20260906-213201,simulator,DEL,BOM,DEL-BOM,2026-09-06,2026-09-05,2026-09-05T02:30:00+05:30,AI,AI373,ECONOMY,,1,11104,1405,0,12509,INR,,,,8125c61b03b8e01c186cd4c736caaa6f3c7f46e0eadd1977ceb711e3fc9ee668,VALID,1.0,,1,2026-09-05T02:30:00+05:30
c5d22a69002f466e8b6d6f6194ef60cc,backfill-20260906-213201,simulator,DEL,BOM,DEL-BOM,2026-09-06,2026-09-05,2026-09-05T02:30:00+05:30,AI,AI664,ECONOMY,,1,8836,1292,0,10128,INR,,,,16a225fee2f90aa3c448479b776a56c013014e8dc123fcb56610e38cd27e8567,VALID,1.0,,1,2026-09-05T02:30:00+05:30
8cbd1162e9564865b79568ce4fca6ff7,backfill-20260906-213201,simulator,DEL,BOM,DEL-BOM,2026-09-06,2026-09-05,2026-09-05T02:30:00+05:30,SG,SG742,ECONOMY,,1,8154,1258,0,9412,INR,,,,c0a34f0810de307e2683dec69ce396f48bc34a235c550363e3090ced250b1eb1,VALID,1.0,,1,2026-09-05T02:30:00+05:30
65e528cd161947bc9de95d86c996b79b,backfill-20260906-213201,simulator,DEL,BOM,DEL-BOM,2026-09-12,2026-09-05,2026-09-05T02:30:00+05:30,6E,6E554,ECONOMY,,7,5678,1134,0,6812,INR,,,,d9c5ad6b134eb0ee487362f7162d6336c312cf1f4a1ea57bb152edfa5e159d8b,VALID,1.0,,1,2026-09-05T02:30:00+05:30
530d987c435c47878ce3f016f369e9b8,backfill-20260906-213201,simulator,DEL,BOM,DEL-BOM,2026-09-12,2026-09-05,2026-09-05T02:30:00+05:30,6E,6E587,ECONOMY,,7,5920,1146,0,7066,INR,,,,f43aa259edea02fc2155879ac4083b92894b7ea9f395bcd2e4a2aa1484acb772,VALID,1.0,,1,2026-09-05T02:30:00+05:30
ee300d9a665e420dae0c62f9960108b6,backfill-20260906-213201,simulator,DEL,BOM,DEL-BOM,2026-09-12,2026-09-05,2026-09-05T02:30:00+05:30,6E,6E702,ECONOMY,,7,5754,1138,0,6892,INR,,,,9014c64b6706d9900b6aa4dabd39a33f6012e00ad6908d1d0c009284455c2f74,VALID,1.0,,1,2026-09-05T02:30:00+05:30
312cd821e9a141f1aa7662528725c9ff,backfill-20260906-213201,simulator,DEL,BOM,DEL-BOM,2026-09-12,2026-09-05,2026-09-05T02:30:00+05:30,AI,AI590,ECONOMY,,7,5507,1125,0,6632,INR,,,,3a4f42927072e8da47689482828ec77451c5fbb1da61a5fd07849c69595baa33,VALID,1.0,,1,2026-09-05T02:30:00+05:30
e6c952a083634d679135036107b2a7dd,backfill-20260906-213201,simulator,DEL,BOM,DEL-BOM,2026-09-12,2026-09-05,2026-09-05T02:30:00+05:30,AI,AI996,ECONOMY,,7,5864,1143,0,7007,INR,,,,44e60f1c09fdc81acdd7e6792f61e9dfdebbdea5af8f416f2e5bae54b81ce0d5,VALID,1.0,,1,2026-09-05T02:30:00+05:30
f62bc433d4194e729cfae4715a158945,backfill-20260906-213201,simulator,DEL,BOM,DEL-BOM,2026-09-12,2026-09-05,2026-09-05T02:30:00+05:30,QP,QP668,ECONOMY,,7,5065,1103,0,6168,INR,,,,d5b6f7c07fcae3cc4ca824091019ee97fc955901d522ffc266baaf640f604113,VALID,1.0,,1,2026-09-05T02:30:00+05:30
a2245511b5474cb987b7f36fdcd44a73,backfill-20260906-213201,simulator,DEL,BOM,DEL-BOM,2026-09-12,2026-09-05,2026-09-05T02:30:00+05:30,SG,SG677,ECONOMY,,7,4927,1096,0,6023,INR,,,,d9f19860cd43e63bc55d588697053cb657c698ca47f163472453611614ce295e,VALID,1.0,,1,2026-09-05T02:30:00+05:30
5e648ecb757e428aaf409186d2d484f2,backfill-20260906-213201,simulator,DEL,BOM,DEL-BOM,2026-09-20,2026-09-05,2026-09-05T02:30:00+05:30,6E,6E701,ECONOMY,,15,5365,1118,0,6483,INR,,,,a46bb1efe72891caf718c2d523f3c60f0e782c750c95a023dee21a8ac0cbdec3,VALID,1.0,,1,2026-09-05T02:30:00+05:30
d973b4f9b1444b6ea9eda4aa95633813,backfill-20260906-213201,simulator,DEL,BOM,DEL-BOM,2026-09-20,2026-09-05,2026-09-05T02:30:00+05:30,6E,6E363,ECONOMY,,15,4780,1089,0,5869,INR,,,,0922b55b3d32b04429683f01aae51f3e5c5342e584909fd466b4df1d5660005e,VALID,1.0,,1,2026-09-05T02:30:00+05:30
43a0a68d00fb44e0a720d0a092d53424,backfill-20260906-213201,simulator,DEL,BOM,DEL-BOM,2026-09-20,2026-09-05,2026-09-05T02:30:00+05:30,6E,6E409,ECONOMY,,15,4450,1072,0,5522,INR,,,,368c99559b102b4b7b8ab067587bf5e8555a4dfd35397739fec38440a9fe5a07,VALID,1.0,,1,2026-09-05T02:30:00+05:30
abcb4d4e1cf646678a77e2513bb5701e,backfill-20260906-213201,simulator,DEL,BOM,DEL-BOM,2026-09-20,2026-09-05,2026-09-05T02:30:00+05:30,AI,AI688,ECONOMY,,15,4670,1084,0,5754,INR,,,,cf02418ca02fce42231c6ede7e7a8924bf20c75566a2fbf2a0a20d3372e37dbb,VALID,1.0,,1,2026-09-05T02:30:00+05:30
d3cc970412b8451486009cc1e9a6d0b3,backfill-20260906-213201,simulator,DEL,BOM,DEL-BOM,2026-09-20,2026-09-05,2026-09-05T02:30:00+05:30,AI,AI934,ECONOMY,,15,5589,1129,0,6718,INR,,,,b5ace64119f08c8033f19e3e3ecab281a5acf166fbb04cc494baee4244088eb7,VALID,1.0,,1,2026-09-05T02:30:00+05:30
3f7c14eeb5c642dfacb72de944e37567,backfill-20260906-213201,simulator,DEL,BOM,DEL-BOM,2026-09-20,2026-09-05,2026-09-05T02:30:00+05:30,QP,QP835,ECONOMY,,15,5126,1106,0,6232,INR,,,,1e117620555cb1883fc3a715fe550e0e0e74126272bc6192115b53cb9cde63f8,VALID,1.0,,1,2026-09-05T02:30:00+05:30
e1e829b0bb95435699af8e067af20be1,backfill-20260906-213201,simulator,DEL,BOM,DEL-BOM,2026-09-20,2026-09-05,2026-09-05T02:30:00+05:30,SG,SG776,ECONOMY,,15,4626,1081,0,5707,INR,,,,64030f535e39b27dc60d75b626eb7920435aef34a5588a0108be50c1ae50b4a5,VALID,1.0,,1,2026-09-05T02:30:00+05:30
9b5d8ee004164462a22eea0870f5a420,backfill-20260906-213201,simulator,DEL,BOM,DEL-BOM,2026-10-05,2026-09-05,2026-09-05T02:30:00+05:30,6E,6E904,ECONOMY,,30,3524,1026,0,4550,INR,,,,be8106131eda6d9dc7b44c826928faef2c66c056ab8ce467f047a7a34e08303a,VALID,1.0,,1,2026-09-05T02:30:00+05:30
ece0f92699a74489a28b132475798dab,backfill-20260906-213201,simulator,DEL,BOM,DEL-BOM,2026-10-05,2026-09-05,2026-09-05T02:30:00+05:30,6E,6E351,ECONOMY,,30,3246,1012,0,4258,INR,,,,0299deedce9aa88d4183638c06e6f7d57d807b06e9ec9a891b00029079bc75ef,VALID,1.0,,1,2026-09-05T02:30:00+05:30
174830a40a4446f097a707b943f5af9d,backfill-20260906-213201,simulator,DEL,BOM,DEL-BOM,2026-10-05,2026-09-05,2026-09-05T02:30:00+05:30,6E,6.00E+214,ECONOMY,,30,3414,1021,0,4435,INR,,,,ecac2c257dffe2fc3fad359a9b223c270c27a06a4124a474ef89260bd008e70a,VALID,1.0,,1,2026-09-05T02:30:00+05:30
2bb824a13c5d452fa1862c2aed220e87,backfill-20260906-213201,simulator,DEL,BOM,DEL-BOM,2026-10-05,2026-09-05,2026-09-05T02:30:00+05:30,AI,AI237,ECONOMY,,30,3628,1031,0,4659,INR,,,,b4796e1304cfe708fc8d48fbdb5f6a05cb4fe1550a6c0b64f4085e383224cbcf,VALID,1.0,,1,2026-09-05T02:30:00+05:30
7ba03fcd61484116add935bef1f307ff,backfill-20260906-213201,simulator,DEL,BOM,DEL-BOM,2026-10-05,2026-09-05,2026-09-05T02:30:00+05:30,AI,AI453,ECONOMY,,30,3522,1026,0,4548,INR,,,,13f62fa0d34eb650e61a554d76cc0a889e90598899df8c7b2048d9abf13d8c32,VALID,1.0,,1,2026-09-05T02:30:00+05:30
1ec2aa68fb09491ebe1e238cf8e2f13d,backfill-20260906-213201,simulator,DEL,BOM,DEL-BOM,2026-10-05,2026-09-05,2026-09-05T02:30:00+05:30,QP,QP240,ECONOMY,,30,4163,1058,0,5221,INR,,,,3069b31ac87ad11dd7738c00017db5ebbe1a50e0abde296d5944c1831ea7582a,VALID,1.0,,1,2026-09-05T02:30:00+05:30
836fe7b2f4c1463ab9e0c2d5bf0f67c1,backfill-20260906-213201,simulator,DEL,BOM,DEL-BOM,2026-10-05,2026-09-05,2026-09-05T02:30:00+05:30,SG,SG880,ECONOMY,,30,3512,1026,0,4538,INR,,,,04209d34428c0708cc42da87754ec8ef48daa63f0fced3b74559e860c028f8e6,VALID,1.0,,1,2026-09-05T02:30:00+05:30
6a7375f603fc40ae9da48db553fd6e5f,backfill-20260906-213201,simulator,DEL,BOM,DEL-BOM,2026-10-20,2026-09-05,2026-09-05T02:30:00+05:30,6E,6E399,ECONOMY,,45,3487,1024,0,4511,INR,,,,81c3d40f946017a1aca178c0dc3e3218414ecba4f504f639bba9308502658bf2,VALID,1.0,,1,2026-09-05T02:30:00+05:30
32e049f4c8b3473cabe1fe5acd6a6c3c,backfill-20260906-213201,simulator,DEL,BOM,DEL-BOM,2026-10-20,2026-09-05,2026-09-05T02:30:00+05:30,6E,6E398,ECONOMY,,45,2828,991,0,3819,INR,,,,e428fee41c49effbeb920e62b21e278dc82e870ca3c1aec649aa20656952d095,VALID,1.0,,1,2026-09-05T02:30:00+05:30
a3f90f9ec95746098fb6692ca9ee625a,backfill-20260906-213201,simulator,DEL,BOM,DEL-BOM,2026-10-20,2026-09-05,2026-09-05T02:30:00+05:30,6E,6E343,ECONOMY,,45,3129,1006,0,4135,INR,,,,97594e3838c412a4a4389809b747208ff13a3d5fd42ffdfe311f812f894540d1,VALID,1.0,,1,2026-09-05T02:30:00+05:30
57432d703c64422d89edd04a051ac059,backfill-20260906-213201,simulator,DEL,BOM,DEL-BOM,2026-10-20,2026-09-05,2026-09-05T02:30:00+05:30,AI,AI804,ECONOMY,,45,2707,985,0,3692,INR,,,,35b34ab5cf4fcd3a3f7462ad3bf55a19e605edf8c960e7bc7a51089af95f4995,VALID,1.0,,1,2026-09-05T02:30:00+05:30
3c531c54c46a48e894257f6ef8c20f06,backfill-20260906-213201,simulator,DEL,BOM,DEL-BOM,2026-10-20,2026-09-05,2026-09-05T02:30:00+05:30,AI,AI995,ECONOMY,,45,3097,1005,0,4102,INR,,,,d88d6eefd2f48f43876f2588572d023a7a4ffd14552134e63de774b48c9bbaf7,VALID,1.0,,1,2026-09-05T02:30:00+05:30
af50c1b583694406a99c204eb00953dc,backfill-20260906-213201,simulator,DEL,BOM,DEL-BOM,2026-10-20,2026-09-05,2026-09-05T02:30:00+05:30,QP,QP643,ECONOMY,,45,3085,1004,0,4089,INR,,,,3791f971df68af6ff0d964cbd0fc7dbee9e772aaa6e0cf459150789abf8298a9,VALID,1.0,,1,2026-09-05T02:30:00+05:30
09732d21225f4102b62f464818637846,backfill-20260906-213201,simulator,DEL,BOM,DEL-BOM,2026-10-20,2026-09-05,2026-09-05T02:30:00+05:30,SG,SG649,ECONOMY,,45,3178,1009,0,4187,INR,,,,4427dd252742f10ac0548ce3bb7dfbbeebaabd5e23dea67bdd4f6256bf244f1d,VALID,1.0,,1,2026-09-05T02:30:00+05:30
a8ca2c9eb97e446190478c73ff456abb,backfill-20260906-213201,simulator,DEL,BLR,DEL-BLR,2026-09-06,2026-09-05,2026-09-05T02:30:00+05:30,6E,6E964,ECONOMY,,1,11346,1417,0,12763,INR,,,,69bfb96ff0a107cc52956aee3dde280e346f15ca107cddea6a98d2f070ab7005,VALID,1.0,,1,2026-09-05T02:30:00+05:30
7f9539425d814bdc9127fb64e33c51c1,backfill-20260906-213201,simulator,DEL,BLR,DEL-BLR,2026-09-06,2026-09-05,2026-09-05T02:30:00+05:30,6E,6.00E+273,ECONOMY,,1,10034,1352,0,11386,INR,,,,17d156901afb5db5e3675397b535da75d1b1d7758cd06c3e1e0d76dc285e3a2a,VALID,1.0,,1,2026-09-05T02:30:00+05:30
7907a7cb5e054b8b812895a33584665d,backfill-20260906-213201,simulator,DEL,BLR,DEL-BLR,2026-09-06,2026-09-05,2026-09-05T02:30:00+05:30,AI,AI392,ECONOMY,,1,11323,1416,0,12739,INR,,,,97c84eaba18da3412b1d5670532f87d65e4ed364bdc9153567fab83521650b07,VALID,1.0,,1,2026-09-05T02:30:00+05:30
9b47d780c1bf41b1a1c9160ed7e49d2f,backfill-20260906-213201,simulator,DEL,BLR,DEL-BLR,2026-09-06,2026-09-05,2026-09-05T02:30:00+05:30,AI,AI611,ECONOMY,,1,12123,1456,0,13579,INR,,,,5f78eb4c7c8931224de44365b05818712f14804d2ebabe84dc616a9b7658f95b,VALID,1.0,,1,2026-09-05T02:30:00+05:30
039941ab7862498f86d9d34e78b27f2a,backfill-20260906-213201,simulator,DEL,BLR,DEL-BLR,2026-09-06,2026-09-05,2026-09-05T02:30:00+05:30,QP,QP628,ECONOMY,,1,9443,1322,0,10765,INR,,,,5a1ec46386ae6adf368364472f4f145f5736479b7ea58d6f7f10d2c30cf7b239,VALID,1.0,,1,2026-09-05T02:30:00+05:30
49badcb4f3684c12a36f2ef66e60d626,backfill-20260906-213201,simulator,DEL,BLR,DEL-BLR,2026-09-06,2026-09-05,2026-09-05T02:30:00+05:30,SG,SG513,ECONOMY,,1,10310,1365,0,11675,INR,,,,3d308c99f428ae2f662ebf246b5e03cb746bb56bd5d7e79a2b5bd9b331b0bf95,VALID,1.0,,1,2026-09-05T02:30:00+05:30
70d3840ca25348ea83732707622c1c58,backfill-20260906-213201,simulator,DEL,BLR,DEL-BLR,2026-09-12,2026-09-05,2026-09-05T02:30:00+05:30,6E,6E556,ECONOMY,,7,6024,1151,0,7175,INR,,,,8a108be51be712cf7b963fa8805516ca3a6345c114715d12f3c1d999930a31bc,VALID,1.0,,1,2026-09-05T02:30:00+05:30
b889fbd7371d4bac9ac4f84be95b5d68,backfill-20260906-213201,simulator,DEL,BLR,DEL-BLR,2026-09-12,2026-09-05,2026-09-05T02:30:00+05:30,6E,6.00E+251,ECONOMY,,7,5965,1148,0,7113,INR,,,,77327b3fc4b9d763de12083535da0cdeb824d9704a6d5505db9affa3a4703c66,VALID,1.0,,1,2026-09-05T02:30:00+05:30
eef30d39f6d048db808f6c938abba64a,backfill-20260906-213201,simulator,DEL,BLR,DEL-BLR,2026-09-12,2026-09-05,2026-09-05T02:30:00+05:30,6E,6E315,ECONOMY,,7,6030,1151,0,7181,INR,,,,14f409ad6285c38101615c8aa696afeb2ad04b50d5576100c78ba3778e27c9f8,VALID,1.0,,1,2026-09-05T02:30:00+05:30
d7266722c4714ccfae6de94ddeecd3af,backfill-20260906-213201,simulator,DEL,BLR,DEL-BLR,2026-09-12,2026-09-05,2026-09-05T02:30:00+05:30,AI,AI287,ECONOMY,,7,7045,1202,0,8247,INR,,,,6a3785f3a497fa392debf811a9ef39c9647d5db51af9e6fe0d28ae9c184afb1d,VALID,1.0,,1,2026-09-05T02:30:00+05:30
e5b78c65e0b44053b563969c9464bba7,backfill-20260906-213201,simulator,DEL,BLR,DEL-BLR,2026-09-12,2026-09-05,2026-09-05T02:30:00+05:30,AI,AI790,ECONOMY,,7,7328,1216,0,8544,INR,,,,0e6a654f653b090ba5c279f0c0f65a69bf2ba72eb63925caa2fb7cbc3521bba7,VALID,1.0,,1,2026-09-05T02:30:00+05:30
119622cf5c2b42fa99c68e0c4c30d276,backfill-20260906-213201,simulator,DEL,BLR,DEL-BLR,2026-09-12,2026-09-05,2026-09-05T02:30:00+05:30,QP,QP741,ECONOMY,,7,5763,1138,0,6901,INR,,,,815a68f14b12a2eff4c2b97879e890ec1133c381ec6a65e075ae7579640d97d9,VALID,1.0,,1,2026-09-05T02:30:00+05:30
31042e3d7fe34ba0a8301a417b933fb8,backfill-20260906-213201,simulator,DEL,BLR,DEL-BLR,2026-09-12,2026-09-05,2026-09-05T02:30:00+05:30,SG,SG205,ECONOMY,,7,6677,1184,0,7861,INR,,,,8e3e3ba5033c4cc868edcf75d764d9367aa67a48be6accbaa6446e4656f57859,VALID,1.0,,1,2026-09-05T02:30:00+05:30
9f7d46c7874242df8a966c990b1220fd,backfill-20260906-213201,simulator,DEL,BLR,DEL-BLR,2026-09-20,2026-09-05,2026-09-05T02:30:00+05:30,6E,6E834,ECONOMY,,15,6039,1152,0,7191,INR,,,,baa8c3577a54752ef3feff6d0e64dd21642708ac6ddfcc1cf904295b22b6c802,VALID,1.0,,1,2026-09-05T02:30:00+05:30
13a232a3cb714ecc8094c4c8b7c30f5a,backfill-20260906-213201,simulator,DEL,BLR,DEL-BLR,2026-09-20,2026-09-05,2026-09-05T02:30:00+05:30,6E,6E352,ECONOMY,,15,4912,1096,0,6008,INR,,,,8694bb635126a2e10c60cb0571948feef28b3fcb81d09b8a96a1b73075fc1859,VALID,1.0,,1,2026-09-05T02:30:00+05:30
3aec78d84da747ff8591a815e4688b96,backfill-20260906-213201,simulator,DEL,BLR,DEL-BLR,2026-09-20,2026-09-05,2026-09-05T02:30:00+05:30,6E,6E768,ECONOMY,,15,4624,1081,0,5705,INR,,,,7c2d2a27bcadad0cfbf84d4ab2cbafcb2c7f647c7fe644c8e97165a42f298640,VALID,1.0,,1,2026-09-05T02:30:00+05:30
d127c76665c845aa9dff6f90713dedab,backfill-20260906-213201,simulator,DEL,BLR,DEL-BLR,2026-09-20,2026-09-05,2026-09-05T02:30:00+05:30,AI,AI361,ECONOMY,,15,5576,1129,0,6705,INR,,,,abcd97dba340530dc638e48b4ef4b21392f6a6ccb168f78c4b94be53442ace14,VALID,1.0,,1,2026-09-05T02:30:00+05:30
3d49af360dee441e96fc0c4b7e9039ba,backfill-20260906-213201,simulator,DEL,BLR,DEL-BLR,2026-09-20,2026-09-05,2026-09-05T02:30:00+05:30,AI,AI257,ECONOMY,,15,5571,1129,0,6700,INR,,,,e2cda327fa7abb097f4b36f66552630cbd84f9effd171c1aa7f8049bb2ade2a1,VALID,1.0,,1,2026-09-05T02:30:00+05:30
0ecfe0018a394ccfabeac200bd715117,backfill-20260906-213201,simulator,DEL,BLR,DEL-BLR,2026-09-20,2026-09-05,2026-09-05T02:30:00+05:30,QP,QP839,ECONOMY,,15,5767,1138,0,6905,INR,,,,d2cc8e495547d8728d7c900db42aa69b2fe2b981ab56738d7a7b04d47b920ba4,VALID,1.0,,1,2026-09-05T02:30:00+05:30
850f1eb8fddf4f53851bf91d5227da94,backfill-20260906-213201,simulator,DEL,BLR,DEL-BLR,2026-09-20,2026-09-05,2026-09-05T02:30:00+05:30,SG,SG273,ECONOMY,,15,5550,1128,0,6678,INR,,,,cb3787e240878401831175b74a47833af569af36d0db7c79038191ae293330f3,VALID,1.0,,1,2026-09-05T02:30:00+05:30
16bd23b0d9e74ea9a0f88718f9cbc8b5,backfill-20260906-213201,simulator,DEL,BLR,DEL-BLR,2026-10-05,2026-09-05,2026-09-05T02:30:00+05:30,6E,6.00E+202,ECONOMY,,30,4071,1054,0,5125,INR,,,,e0d311318a500bc61016daa8f8a9f8bf794bfdd5e965e3c3f25ac10281c7b76d,VALID,1.0,,1,2026-09-05T02:30:00+05:30
930f3e35b356419aa8c216c885a3f3b3,backfill-20260906-213201,simulator,DEL,BLR,DEL-BLR,2026-10-05,2026-09-05,2026-09-05T02:30:00+05:30,6E,6E514,ECONOMY,,30,3803,1040,0,4843,INR,,,,dc41718927843e5bccb316fbcb41c22933d194b5b58eabfa73c4506318e8696a,VALID,1.0,,1,2026-09-05T02:30:00+05:30
1458569f383c436bb515badac4747c1b,backfill-20260906-213201,simulator,DEL,BLR,DEL-BLR,2026-10-05,2026-09-05,2026-09-05T02:30:00+05:30,6E,6E645,ECONOMY,,30,4298,1065,0,5363,INR,,,,cbf8760cf698e945240cd0e305444011ea1ddaac945c48e6447a06891e2dd0e2,VALID,1.0,,1,2026-09-05T02:30:00+05:30
eee5bfa7b76a4d44811cdebc3383547d,backfill-20260906-213201,simulator,DEL,BLR,DEL-BLR,2026-10-05,2026-09-05,2026-09-05T02:30:00+05:30,AI,AI404,ECONOMY,,30,4425,1071,0,5496,INR,,,,1036ba985a195ac58094b9727d29de7df3c05bf6f91a22aa086b9695cd16c1f4,VALID,1.0,,1,2026-09-05T02:30:00+05:30
61aead53f1ca4a118f5ce901795cb2da,backfill-20260906-213201,simulator,DEL,BLR,DEL-BLR,2026-10-05,2026-09-05,2026-09-05T02:30:00+05:30,AI,AI854,ECONOMY,,30,3748,1037,0,4785,INR,,,,a85ef7ad9eafb181048786a91d4f942ae4fe9f85fa962f63ffa87397cd59852d,VALID,1.0,,1,2026-09-05T02:30:00+05:30
31461f94c9a14c9ca16eaa98fe6657f4,backfill-20260906-213201,simulator,DEL,BLR,DEL-BLR,2026-10-05,2026-09-05,2026-09-05T02:30:00+05:30,QP,QP451,ECONOMY,,30,4208,1060,0,5268,INR,,,,614b096f2f28c7b7d91359ea70eeaefec393909463bc7a60011052faa034ba2b,VALID,1.0,,1,2026-09-05T02:30:00+05:30
032c4aa8261a4deda7c187defba908b7,backfill-20260906-213201,simulator,DEL,BLR,DEL-BLR,2026-10-05,2026-09-05,2026-09-05T02:30:00+05:30,SG,SG798,ECONOMY,,30,3549,1027,0,4576,INR,,,,2249029a02fd70f3d81fa3707538cd11aa52b13852d709f0801c85077a2c5249,VALID,1.0,,1,2026-09-05T02:30:00+05:30
f1123a84b0a245fda9b22363108d9aa4,backfill-20260906-213201,simulator,DEL,BLR,DEL-BLR,2026-10-20,2026-09-05,2026-09-05T02:30:00+05:30,6E,6E995,ECONOMY,,45,3857,1043,0,4900,INR,,,,49170c74e6fbe218015a05cac3662aeaf73d4355e567f5ba93b63076fcd42041,VALID,1.0,,1,2026-09-05T02:30:00+05:30
d3193ff7948f427fbd13830aef435e5d,backfill-20260906-213201,simulator,DEL,BLR,DEL-BLR,2026-10-20,2026-09-05,2026-09-05T02:30:00+05:30,6E,6E637,ECONOMY,,45,3410,1020,0,4430,INR,,,,85bb7537e6bed6dad8fd517540022af554c70157636a535eec87619d8e963293,VALID,1.0,,1,2026-09-05T02:30:00+05:30
78bae98db3694c46a1d04b892b81944c,backfill-20260906-213201,simulator,DEL,BLR,DEL-BLR,2026-10-20,2026-09-05,2026-09-05T02:30:00+05:30,6E,6E322,ECONOMY,,45,3171,1009,0,4180,INR,,,,d53d01f4ecb8e318a98a2c80d7f8593acd0a1401ce4c53129e77859c14a4a4ae,VALID,1.0,,1,2026-09-05T02:30:00+05:30
ce1b2dcda663444b998eade264f55e92,backfill-20260906-213201,simulator,DEL,BLR,DEL-BLR,2026-10-20,2026-09-05,2026-09-05T02:30:00+05:30,AI,AI546,ECONOMY,,45,3503,1025,0,4528,INR,,,,3e2a542172527b782c0af856151a5670c94cfff13461bc593efeaf6801192657,VALID,1.0,,1,2026-09-05T02:30:00+05:30
932fe2d8b56b45d6b2b2e3bc59fa9e0e,backfill-20260906-213201,simulator,DEL,BLR,DEL-BLR,2026-10-20,2026-09-05,2026-09-05T02:30:00+05:30,AI,AI349,ECONOMY,,45,3452,1023,0,4475,INR,,,,897c26f7c13d87ae2a427ffa34d5b811c732899f842bce415350c01966a58bfa,VALID,1.0,,1,2026-09-05T02:30:00+05:30
cd634e0e52cf47e4b921c1b5f29f4a3c,backfill-20260906-213201,simulator,DEL,BLR,DEL-BLR,2026-10-20,2026-09-05,2026-09-05T02:30:00+05:30,QP,QP966,ECONOMY,,45,3368,1018,0,4386,INR,,,,ff274596f642752ef936dcb09c7b65667ebd232a5b9681b6fe9ea727b4631e8a,VALID,1.0,,1,2026-09-05T02:30:00+05:30
2a974ab8f674424a9bb2c82c3d4a58b1,backfill-20260906-213201,simulator,DEL,BLR,DEL-BLR,2026-10-20,2026-09-05,2026-09-05T02:30:00+05:30,SG,SG462,ECONOMY,,45,3072,1004,0,4076,INR,,,,e74db4802cc1ec199d3597123b08dc96db917c1577ca163d4467211e5dd841ec,VALID,1.0,,1,2026-09-05T02:30:00+05:30
c2c72087ffc84640a4592941a64a707b,20260905-154905-fb6d0e,simulator,DEL,BOM,DEL-BOM,2026-09-06,2026-09-05,2026-09-05T15:49:05+05:30,6E,6E361,ECONOMY,,1,9080,1304,0,10384,INR,,,,2cd9909ff257541cb9c0a75bd38cf66db5e449acb7cf05f2af70d2200d4de075,VALID,1.0,,1,2026-09-05T15:49:05+05:30
bf71b2f0e5d94a23928f16db2c3201de,20260905-154905-fb6d0e,simulator,DEL,BOM,DEL-BOM,2026-09-06,2026-09-05,2026-09-05T15:49:05+05:30,6E,6.00E+295,ECONOMY,,1,9406,1320,0,10726,INR,,,,73072320fb17cacfdafaeab611c4c97e580debd1d462f2e3a5b49c66963e7a30,VALID,1.0,,1,2026-09-05T15:49:05+05:30
a9d0a7b0b6e3452b9e6cef9993761447,20260905-154905-fb6d0e,simulator,DEL,BOM,DEL-BOM,2026-09-06,2026-09-05,2026-09-05T15:49:05+05:30,AI,AI373,ECONOMY,,1,11104,1405,0,12509,INR,,,,d81aac279c9730c83653c9510bda41bac92bb12d50eed089c575165947678af5,VALID,1.0,,1,2026-09-05T15:49:05+05:30
02e742fd8fee46cd9f164367a9c12f16,20260905-154905-fb6d0e,simulator,DEL,BOM,DEL-BOM,2026-09-06,2026-09-05,2026-09-05T15:49:05+05:30,AI,AI664,ECONOMY,,1,8836,1292,0,10128,INR,,,,3a2ac8a0424b18fd0f1bdb362d35a14d083c029f6db642e22e4fce7debf8cf17,VALID,1.0,,1,2026-09-05T15:49:05+05:30
0eb74c6fc1904abb85f8bbef46d162a6,20260905-154905-fb6d0e,simulator,DEL,BOM,DEL-BOM,2026-09-06,2026-09-05,2026-09-05T15:49:05+05:30,SG,SG742,ECONOMY,,1,8154,1258,0,9412,INR,,,,508f0241ccae33f38c2bd726bb9517fb385f039e6841487e82c8cb3c10a39bdb,VALID,1.0,,1,2026-09-05T15:49:05+05:30
c521c943599f4f2e92a095f8ca335e8e,20260905-154905-fb6d0e,simulator,DEL,BOM,DEL-BOM,2026-09-12,2026-09-05,2026-09-05T15:49:05+05:30,6E,6E554,ECONOMY,,7,5678,1134,0,6812,INR,,,,4d096103e32896e7f8812e971c5d8a3522323b7cddb6290f10bda34155c2dae6,VALID,1.0,,1,2026-09-05T15:49:05+05:30
3c26c5782d1141928af4d8caa459ebb1,20260905-154905-fb6d0e,simulator,DEL,BOM,DEL-BOM,2026-09-12,2026-09-05,2026-09-05T15:49:05+05:30,6E,6E587,ECONOMY,,7,5920,1146,0,7066,INR,,,,6fd3bab9280a04eae71e96e5866794d0f63d65c10abcbe0745462336e5f0bafd,VALID,1.0,,1,2026-09-05T15:49:05+05:30
e90aacf628434d59a4e84bb042a4623f,20260905-154905-fb6d0e,simulator,DEL,BOM,DEL-BOM,2026-09-12,2026-09-05,2026-09-05T15:49:05+05:30,6E,6E702,ECONOMY,,7,5754,1138,0,6892,INR,,,,1756c88cbe10f62a9e8b1095f6b6d74f6dd02ccaf311ce62cdc74ea75c454510,VALID,1.0,,1,2026-09-05T15:49:05+05:30
00c3536f129546fcbc07b8ba3fdb917b,20260905-154905-fb6d0e,simulator,DEL,BOM,DEL-BOM,2026-09-12,2026-09-05,2026-09-05T15:49:05+05:30,AI,AI590,ECONOMY,,7,5507,1125,0,6632,INR,,,,9d31ddb3e251462a158d3428a1bd62410191d5e83bfbb15f3e9f7b4a9e8f41a8,VALID,1.0,,1,2026-09-05T15:49:05+05:30
65ae1e68bd7d46a4b2f1ae23b74238a7,20260905-154905-fb6d0e,simulator,DEL,BOM,DEL-BOM,2026-09-12,2026-09-05,2026-09-05T15:49:05+05:30,AI,AI996,ECONOMY,,7,5864,1143,0,7007,INR,,,,68bc371620f812c94ddb3e4811d3cddf6a4cdb4e02e56a92d143a1aa8833a39e,VALID,1.0,,1,2026-09-05T15:49:05+05:30
cb03196c783c4a83b37a7acd69564d15,20260905-154905-fb6d0e,simulator,DEL,BOM,DEL-BOM,2026-09-12,2026-09-05,2026-09-05T15:49:05+05:30,QP,QP668,ECONOMY,,7,5065,1103,0,6168,INR,,,,8ddece6f952c1e1a81c204623439540b18e704e1b0e028994dbda8213ad1fd7d,VALID,1.0,,1,2026-09-05T15:49:05+05:30
bdd87beba1bc47ddb4e9487eebc560aa,20260905-154905-fb6d0e,simulator,DEL,BOM,DEL-BOM,2026-09-12,2026-09-05,2026-09-05T15:49:05+05:30,SG,SG677,ECONOMY,,7,4927,1096,0,6023,INR,,,,436b3b77be09477ceb9e3ffcc8b46c2cab3a2520a5f890b45faeed7df6640154,VALID,1.0,,1,2026-09-05T15:49:05+05:30
53c4ca0d28174977b9c2a94f82b6d57d,20260905-154905-fb6d0e,simulator,DEL,BOM,DEL-BOM,2026-09-20,2026-09-05,2026-09-05T15:49:05+05:30,6E,6E701,ECONOMY,,15,5365,1118,0,6483,INR,,,,6cd61e54f8792b4475d5ac78480a648247926dfa0e74e11b6852da354cb2f8fa,VALID,1.0,,1,2026-09-05T15:49:05+05:30
d8675584c2e54647bff9635ebd2d6335,20260905-154905-fb6d0e,simulator,DEL,BOM,DEL-BOM,2026-09-20,2026-09-05,2026-09-05T15:49:05+05:30,6E,6E363,ECONOMY,,15,4780,1089,0,5869,INR,,,,221e3b7b7a0b7960355f2692fd7e3bfbf29cb76ca76b8893ce334912ba51cc83,VALID,1.0,,1,2026-09-05T15:49:05+05:30
f23845683075473fba0bc5b80c74e54a,20260905-154905-fb6d0e,simulator,DEL,BOM,DEL-BOM,2026-09-20,2026-09-05,2026-09-05T15:49:05+05:30,6E,6E409,ECONOMY,,15,4450,1072,0,5522,INR,,,,aa3f0588645f8c393644b41b47704efca6dfd9724308c0dd8b920df1e5c28db9,VALID,1.0,,1,2026-09-05T15:49:05+05:30
8c38666dd0e441c19a2c953038f7f6ed,20260905-154905-fb6d0e,simulator,DEL,BOM,DEL-BOM,2026-09-20,2026-09-05,2026-09-05T15:49:05+05:30,AI,AI688,ECONOMY,,15,4670,1084,0,5754,INR,,,,d7e2f4f25c11a475d1e8e80cc4cd4aa58e1c4fb838bce15fcfcbacfe31d8c0ee,VALID,1.0,,1,2026-09-05T15:49:05+05:30
ef59b53bc18a458583764cad8ae6128f,20260905-154905-fb6d0e,simulator,DEL,BOM,DEL-BOM,2026-09-20,2026-09-05,2026-09-05T15:49:05+05:30,AI,AI934,ECONOMY,,15,5589,1129,0,6718,INR,,,,cb9f4b0f793b910bdf5daf4cb3ca3e392d4729732102fdab02edad267cd5b4da,VALID,1.0,,1,2026-09-05T15:49:05+05:30
f2fef15f5c034349a4d8a6f7af8b2e0b,20260905-154905-fb6d0e,simulator,DEL,BOM,DEL-BOM,2026-09-20,2026-09-05,2026-09-05T15:49:05+05:30,QP,QP835,ECONOMY,,15,5126,1106,0,6232,INR,,,,e8a485b8cdd9964245461cdf43f8394e89fa27d29770c9a03bf06d6c3d87353a,VALID,1.0,,1,2026-09-05T15:49:05+05:30
6b925fda902a429fb8708c8331083291,20260905-154905-fb6d0e,simulator,DEL,BOM,DEL-BOM,2026-09-20,2026-09-05,2026-09-05T15:49:05+05:30,SG,SG776,ECONOMY,,15,4626,1081,0,5707,INR,,,,77fad88ed28d9ce7a0f57a83fc2271cba72b7e36d65037af00d0728a1fef4908,VALID,1.0,,1,2026-09-05T15:49:05+05:30
52ee4ba09a5f46489a5ce32e0e86dbce,20260905-154905-fb6d0e,simulator,DEL,BOM,DEL-BOM,2026-10-05,2026-09-05,2026-09-05T15:49:05+05:30,6E,6E904,ECONOMY,,30,3524,1026,0,4550,INR,,,,3b47232cbd92a33fc64733f537b4109950380d1da3862980017c245909b9ec76,VALID,1.0,,1,2026-09-05T15:49:05+05:30
0dde7be406ee482c949e96ad04b49e6b,20260905-154905-fb6d0e,simulator,DEL,BOM,DEL-BOM,2026-10-05,2026-09-05,2026-09-05T15:49:05+05:30,6E,6E351,ECONOMY,,30,3246,1012,0,4258,INR,,,,24cf9e0eba2db179e9fd6fd456e404d4135eaf10771eeef378ddee7f92922c6d,VALID,1.0,,1,2026-09-05T15:49:05+05:30
577a294cf3ec4f67b7bfb7bd7c6d397b,20260905-154905-fb6d0e,simulator,DEL,BOM,DEL-BOM,2026-10-05,2026-09-05,2026-09-05T15:49:05+05:30,6E,6.00E+214,ECONOMY,,30,3414,1021,0,4435,INR,,,,028a1f1d81ec6e92da1103f3f5372e783cdd17c2fda7271afbdcc5c668b8d0c5,VALID,1.0,,1,2026-09-05T15:49:05+05:30
6a63866a901442a0ae18c01b72b0575b,20260905-154905-fb6d0e,simulator,DEL,BOM,DEL-BOM,2026-10-05,2026-09-05,2026-09-05T15:49:05+05:30,AI,AI237,ECONOMY,,30,3628,1031,0,4659,INR,,,,45355cefd2d8693796c86c881998a944cb846d0b4e80e367933fcddce259576f,VALID,1.0,,1,2026-09-05T15:49:05+05:30
c20101572e22443c9d0a3cfac28cb7b9,20260905-154905-fb6d0e,simulator,DEL,BOM,DEL-BOM,2026-10-05,2026-09-05,2026-09-05T15:49:05+05:30,AI,AI453,ECONOMY,,30,3522,1026,0,4548,INR,,,,c37361f3eaa6cca417c703a5dc7ea752bfc694b80d09a468b37f8ba66384a86d,VALID,1.0,,1,2026-09-05T15:49:05+05:30
20268b99756d4296b92143e8d031d31f,20260905-154905-fb6d0e,simulator,DEL,BOM,DEL-BOM,2026-10-05,2026-09-05,2026-09-05T15:49:05+05:30,QP,QP240,ECONOMY,,30,4163,1058,0,5221,INR,,,,b928d666b5bdd685a3f48438084e47857e6214127ebeccb55fdb995175b8e805,VALID,1.0,,1,2026-09-05T15:49:05+05:30
5e91fae9f7554010bee9e3b782515b10,20260905-154905-fb6d0e,simulator,DEL,BOM,DEL-BOM,2026-10-05,2026-09-05,2026-09-05T15:49:05+05:30,SG,SG880,ECONOMY,,30,3512,1026,0,4538,INR,,,,210275ed220bbcdd465a5a6990fc3662db888b7e02cd5ea04673e59bde4bea8d,VALID,1.0,,1,2026-09-05T15:49:05+05:30
2c8f1293b7a4407a92554a67d61ce7e4,20260905-154905-fb6d0e,simulator,DEL,BOM,DEL-BOM,2026-10-20,2026-09-05,2026-09-05T15:49:05+05:30,6E,6E399,ECONOMY,,45,3487,1024,0,4511,INR,,,,c60f4e6a92178c79ace808ddbeb660648c6b0776a34837f9adb580237425793a,VALID,1.0,,1,2026-09-05T15:49:05+05:30
dc63039266ba4ad9b8afd461d198babd,20260905-154905-fb6d0e,simulator,DEL,BOM,DEL-BOM,2026-10-20,2026-09-05,2026-09-05T15:49:05+05:30,6E,6E398,ECONOMY,,45,2828,991,0,3819,INR,,,,d0ad926a83a206598158119d194fea51d2f5a53deeb478d37cfb6f26aea0caed,VALID,1.0,,1,2026-09-05T15:49:05+05:30
8fb76dd1426c4668a613f14706a2424a,20260905-154905-fb6d0e,simulator,DEL,BOM,DEL-BOM,2026-10-20,2026-09-05,2026-09-05T15:49:05+05:30,6E,6E343,ECONOMY,,45,3129,1006,0,4135,INR,,,,25e3a776e926da17f174b0c84e76143e4cea77de69973a494d1103c977d4eefe,VALID,1.0,,1,2026-09-05T15:49:05+05:30
80600b9b08a9407fa78970b7968576c9,20260905-154905-fb6d0e,simulator,DEL,BOM,DEL-BOM,2026-10-20,2026-09-05,2026-09-05T15:49:05+05:30,AI,AI804,ECONOMY,,45,2707,985,0,3692,INR,,,,069d594e1bf32172b45336e323b1f9a1cc2070c859b33648584349ad2b884da9,VALID,1.0,,1,2026-09-05T15:49:05+05:30
810d255bf7de4d23b2ed61adc767c0bf,20260905-154905-fb6d0e,simulator,DEL,BOM,DEL-BOM,2026-10-20,2026-09-05,2026-09-05T15:49:05+05:30,AI,AI995,ECONOMY,,45,3097,1005,0,4102,INR,,,,17d137afef86487c6c59a1c58e9a4f5fdf5da527173176b8cf8628246f4fa60c,VALID,1.0,,1,2026-09-05T15:49:05+05:30
d49825b159c24d7588f9d7985489d6ea,20260905-154905-fb6d0e,simulator,DEL,BOM,DEL-BOM,2026-10-20,2026-09-05,2026-09-05T15:49:05+05:30,QP,QP643,ECONOMY,,45,3085,1004,0,4089,INR,,,,3a7e228111a0339494913573442181642778f226b04eb2dbd32b6f6b0ad92223,VALID,1.0,,1,2026-09-05T15:49:05+05:30
374fe196ea284155b774f47e28361bc8,20260905-154905-fb6d0e,simulator,DEL,BOM,DEL-BOM,2026-10-20,2026-09-05,2026-09-05T15:49:05+05:30,SG,SG649,ECONOMY,,45,3178,1009,0,4187,INR,,,,fab2104f45ade48eca1d4b64bebe74bedd2b78dc8ab1df6b7950e5ea8d6fe6f7,VALID,1.0,,1,2026-09-05T15:49:05+05:30
e8ed7bd575d04abf9d4ceac30df4cf86,20260905-154905-fb6d0e,simulator,DEL,BLR,DEL-BLR,2026-09-06,2026-09-05,2026-09-05T15:49:05+05:30,6E,6E964,ECONOMY,,1,11346,1417,0,12763,INR,,,,d27ed76556144cf85e949d3c946896192e2f32a69c9aadbd79c68d8f664c74c6,VALID,1.0,,1,2026-09-05T15:49:05+05:30
b19aca5e569e4b89a93251369fa411f0,20260905-154905-fb6d0e,simulator,DEL,BLR,DEL-BLR,2026-09-06,2026-09-05,2026-09-05T15:49:05+05:30,6E,6.00E+273,ECONOMY,,1,10034,1352,0,11386,INR,,,,f95ada0f5f0a4a1ba3f2b95078a2b9061055cee08b8ee2036900a702b7fa0a28,VALID,1.0,,1,2026-09-05T15:49:05+05:30
5bb0cc8b08414c298f97f394d2fe726e,20260905-154905-fb6d0e,simulator,DEL,BLR,DEL-BLR,2026-09-06,2026-09-05,2026-09-05T15:49:05+05:30,AI,AI392,ECONOMY,,1,11323,1416,0,12739,INR,,,,d82cb64f50b8f872c7dc40b36e85d197b21e6acbcf2c7566efb0d33dad24110b,VALID,1.0,,1,2026-09-05T15:49:05+05:30
532cab89afe1445fa1c52fac724e92ca,20260905-154905-fb6d0e,simulator,DEL,BLR,DEL-BLR,2026-09-06,2026-09-05,2026-09-05T15:49:05+05:30,AI,AI611,ECONOMY,,1,12123,1456,0,13579,INR,,,,c410328f68a3fcfd3a6acbf7077df8d3ffd33ff36f40fc43f9392baeffa18b53,VALID,1.0,,1,2026-09-05T15:49:05+05:30
d92985e0f88f43a39591ed69f4ada80c,20260905-154905-fb6d0e,simulator,DEL,BLR,DEL-BLR,2026-09-06,2026-09-05,2026-09-05T15:49:05+05:30,QP,QP628,ECONOMY,,1,9443,1322,0,10765,INR,,,,9ce21f440d8f46244f6b53d2006eebf2f49484fb21376a205876159dd7061929,VALID,1.0,,1,2026-09-05T15:49:05+05:30
ff94cf2aba8c4979a7f7e7a93691ab15,20260905-154905-fb6d0e,simulator,DEL,BLR,DEL-BLR,2026-09-06,2026-09-05,2026-09-05T15:49:05+05:30,SG,SG513,ECONOMY,,1,10310,1365,0,11675,INR,,,,4f32b63bdaf59fb38590058ce004eb8b4affa97b7ff6b1f6a2f4c8c901e29ee1,VALID,1.0,,1,2026-09-05T15:49:05+05:30
e7bde2722570452c83ad7c503db0bc91,20260905-154905-fb6d0e,simulator,DEL,BLR,DEL-BLR,2026-09-12,2026-09-05,2026-09-05T15:49:05+05:30,6E,6E556,ECONOMY,,7,6024,1151,0,7175,INR,,,,3c3f0cd7cfbec447cef985d0815728cb6bf616f5e1054d2db0b6e689166d88db,VALID,1.0,,1,2026-09-05T15:49:05+05:30
9c30ac91d9a14271819347990bfa6b2a,20260905-154905-fb6d0e,simulator,DEL,BLR,DEL-BLR,2026-09-12,2026-09-05,2026-09-05T15:49:05+05:30,6E,6.00E+251,ECONOMY,,7,5965,1148,0,7113,INR,,,,007a94c10fdfcaa59610d8d3b0c7501db2324dac758f2c0002e65b3ced57a95f,VALID,1.0,,1,2026-09-05T15:49:05+05:30
f50291bc41fe488e9256914c703ac3d6,20260905-154905-fb6d0e,simulator,DEL,BLR,DEL-BLR,2026-09-12,2026-09-05,2026-09-05T15:49:05+05:30,6E,6E315,ECONOMY,,7,6030,1151,0,7181,INR,,,,e5205d9e348dcf8ea0f033a4f52fa92a420a5a65fdccbdeb203502d385597d01,VALID,1.0,,1,2026-09-05T15:49:05+05:30
96066d5d2e7243b9b8876ea3a22ee2c8,20260905-154905-fb6d0e,simulator,DEL,BLR,DEL-BLR,2026-09-12,2026-09-05,2026-09-05T15:49:05+05:30,AI,AI287,ECONOMY,,7,7045,1202,0,8247,INR,,,,cc08fc92d97e990afc17500d21dbcf6d25046780b8bc7418d6d860955968fbf7,VALID,1.0,,1,2026-09-05T15:49:05+05:30
f69d7f3758e44cefae8efb66c5c20453,20260905-154905-fb6d0e,simulator,DEL,BLR,DEL-BLR,2026-09-12,2026-09-05,2026-09-05T15:49:05+05:30,AI,AI790,ECONOMY,,7,7328,1216,0,8544,INR,,,,5c47f0e4ab090fd381cc294cfb0b940b8c435be8fa65d5102facbf27cd473510,VALID,1.0,,1,2026-09-05T15:49:05+05:30
9a519ad63f304a72b18bd5e5dd5c53ff,20260905-154905-fb6d0e,simulator,DEL,BLR,DEL-BLR,2026-09-12,2026-09-05,2026-09-05T15:49:05+05:30,QP,QP741,ECONOMY,,7,5763,1138,0,6901,INR,,,,9aa419e9624dfbbc36d11a97ff723f1bf8a62354b6c14eab555021f888e0ce7f,VALID,1.0,,1,2026-09-05T15:49:05+05:30
88c579f89c7147349475bd7e4c7475fe,20260905-154905-fb6d0e,simulator,DEL,BLR,DEL-BLR,2026-09-12,2026-09-05,2026-09-05T15:49:05+05:30,SG,SG205,ECONOMY,,7,6677,1184,0,7861,INR,,,,dbb7c0e8c7d31cd2292b045714f966c3195e4cc9e81c3e05f230b70c047dca29,VALID,1.0,,1,2026-09-05T15:49:05+05:30
c9d505727a7641c1837ded4f98354649,20260905-154905-fb6d0e,simulator,DEL,BLR,DEL-BLR,2026-09-20,2026-09-05,2026-09-05T15:49:05+05:30,6E,6E834,ECONOMY,,15,6039,1152,0,7191,INR,,,,f94927539df7b01b6fe8b43ec31b466e84d5d55b772c8ee630a80d6b3de06cd4,VALID,1.0,,1,2026-09-05T15:49:05+05:30
556d4114117c4cb2bc064d172de2ebee,20260905-154905-fb6d0e,simulator,DEL,BLR,DEL-BLR,2026-09-20,2026-09-05,2026-09-05T15:49:05+05:30,6E,6E352,ECONOMY,,15,4912,1096,0,6008,INR,,,,e2a29ed3123b8a603e7e81b7c3c344b77402f49fbf9752ade54d73a69172a122,VALID,1.0,,1,2026-09-05T15:49:05+05:30
f00e41eaece245f9968d08771e1d38a0,20260905-154905-fb6d0e,simulator,DEL,BLR,DEL-BLR,2026-09-20,2026-09-05,2026-09-05T15:49:05+05:30,6E,6E768,ECONOMY,,15,4624,1081,0,5705,INR,,,,09e54dafde876113c231e0ef0e2062d04d1b874c4a46812dac724ea8b813dc71,VALID,1.0,,1,2026-09-05T15:49:05+05:30
bba6b897bbab4f32902e6d19ebbcc98c,20260905-154905-fb6d0e,simulator,DEL,BLR,DEL-BLR,2026-09-20,2026-09-05,2026-09-05T15:49:05+05:30,AI,AI361,ECONOMY,,15,5576,1129,0,6705,INR,,,,aa96749eed3e20c49ef916866ef70c6d1096ac6cd4e720605d970d5c1e27688e,VALID,1.0,,1,2026-09-05T15:49:05+05:30
2d73eb99be624380afb5b77649463d75,20260905-154905-fb6d0e,simulator,DEL,BLR,DEL-BLR,2026-09-20,2026-09-05,2026-09-05T15:49:05+05:30,AI,AI257,ECONOMY,,15,5571,1129,0,6700,INR,,,,36dc08addbe30aa0e634b27ecf11606eba78e03eb9676b23a89e2aa66c8354d4,VALID,1.0,,1,2026-09-05T15:49:05+05:30
99f11826ef5e477595b98817cb5fd3c2,20260905-154905-fb6d0e,simulator,DEL,BLR,DEL-BLR,2026-09-20,2026-09-05,2026-09-05T15:49:05+05:30,QP,QP839,ECONOMY,,15,5767,1138,0,6905,INR,,,,30f25fc9ac62f6f04c812be6d906da5a509b4917ca3379427deb27c760b00a35,VALID,1.0,,1,2026-09-05T15:49:05+05:30
7116801926294825aa3d828e4eae7ffc,20260905-154905-fb6d0e,simulator,DEL,BLR,DEL-BLR,2026-09-20,2026-09-05,2026-09-05T15:49:05+05:30,SG,SG273,ECONOMY,,15,5550,1128,0,6678,INR,,,,94a0a20f2953a8416043b1538ef0dd584203cba1d3ccc31a6a55f753786d3a96,VALID,1.0,,1,2026-09-05T15:49:05+05:30
73580e2a0f514ef995bcc201db477dbc,20260905-154905-fb6d0e,simulator,DEL,BLR,DEL-BLR,2026-10-05,2026-09-05,2026-09-05T15:49:06+05:30,6E,6.00E+202,ECONOMY,,30,4071,1054,0,5125,INR,,,,0c8b45470c75162349a89940f0bd3040d34e3891eac20a0c09a77e27c492ecf8,VALID,1.0,,1,2026-09-05T15:49:06+05:30
3f76a956004b4594ab7e37fe306a264c,20260905-154905-fb6d0e,simulator,DEL,BLR,DEL-BLR,2026-10-05,2026-09-05,2026-09-05T15:49:06+05:30,6E,6E514,ECONOMY,,30,3803,1040,0,4843,INR,,,,9d3dd7e9e8e040d1e016bf8e56120cb562dbb48bfe1ccca1425d3cb8a8b3e6f9,VALID,1.0,,1,2026-09-05T15:49:06+05:30
29f844953a314caaba70cc786db88793,20260905-154905-fb6d0e,simulator,DEL,BLR,DEL-BLR,2026-10-05,2026-09-05,2026-09-05T15:49:06+05:30,6E,6E645,ECONOMY,,30,4298,1065,0,5363,INR,,,,a1cfcb8589900ba8c895ce515ddbd7d067fa231c85aca037964253aa02f2375d,VALID,1.0,,1,2026-09-05T15:49:06+05:30
a233ad8b6ad643768048fdb1f5e51a38,20260905-154905-fb6d0e,simulator,DEL,BLR,DEL-BLR,2026-10-05,2026-09-05,2026-09-05T15:49:06+05:30,AI,AI404,ECONOMY,,30,4425,1071,0,5496,INR,,,,3307da79ffeb41d48242c4d9d9f5bc922d5988e264377603189afd90712620b5,VALID,1.0,,1,2026-09-05T15:49:06+05:30
90bf4fc6ac3d476690c214ba729710be,20260905-154905-fb6d0e,simulator,DEL,BLR,DEL-BLR,2026-10-05,2026-09-05,2026-09-05T15:49:06+05:30,AI,AI854,ECONOMY,,30,3748,1037,0,4785,INR,,,,8c844f7498cacf3b9fa12909c04073c80a9b56f663032682ef16ebfd6d67da55,VALID,1.0,,1,2026-09-05T15:49:06+05:30
0179046cec934de9b83b3a9e69cf58ea,20260905-154905-fb6d0e,simulator,DEL,BLR,DEL-BLR,2026-10-05,2026-09-05,2026-09-05T15:49:06+05:30,QP,QP451,ECONOMY,,30,4208,1060,0,5268,INR,,,,6701314c648f390346fbe5c60cfe7eda1b877c9eb999a024357b803cb2b7423c,VALID,1.0,,1,2026-09-05T15:49:06+05:30
8100a5e22ace4455be4d5326fac6872a,20260905-154905-fb6d0e,simulator,DEL,BLR,DEL-BLR,2026-10-05,2026-09-05,2026-09-05T15:49:06+05:30,SG,SG798,ECONOMY,,30,3549,1027,0,4576,INR,,,,912d6e5f95f0b47444580ba3761ffdbd3575e517b5e0637c7d2ec9ba5b1685e2,VALID,1.0,,1,2026-09-05T15:49:06+05:30
98d137c39a224577992af3346e01624f,20260905-154905-fb6d0e,simulator,DEL,BLR,DEL-BLR,2026-10-20,2026-09-05,2026-09-05T15:49:06+05:30,6E,6E995,ECONOMY,,45,3857,1043,0,4900,INR,,,,64c24d24e795dff2b3568c16518d470f1ba90fccfc235d2420eb94bb15c536db,VALID,1.0,,1,2026-09-05T15:49:06+05:30
53265fd10c144388968c921373eab71e,20260905-154905-fb6d0e,simulator,DEL,BLR,DEL-BLR,2026-10-20,2026-09-05,2026-09-05T15:49:06+05:30,6E,6E637,ECONOMY,,45,3410,1020,0,4430,INR,,,,d9aafb3001db6c6afb2874dc3bc0fc168ecca45d7e4c22d54de969e8790bc683,VALID,1.0,,1,2026-09-05T15:49:06+05:30
b169e1b4d0ec4c3e9e5b763688407f8b,20260905-154905-fb6d0e,simulator,DEL,BLR,DEL-BLR,2026-10-20,2026-09-05,2026-09-05T15:49:06+05:30,6E,6E322,ECONOMY,,45,3171,1009,0,4180,INR,,,,dee49eaf483d5b8171d6766b42bd60ac57cb1d5c405c61c90b05451053fc0477,VALID,1.0,,1,2026-09-05T15:49:06+05:30
d0c798202f3f4a3dac990ee34b94cdb8,20260905-154905-fb6d0e,simulator,DEL,BLR,DEL-BLR,2026-10-20,2026-09-05,2026-09-05T15:49:06+05:30,AI,AI546,ECONOMY,,45,3503,1025,0,4528,INR,,,,2b341d23c5ef617b7cb82d3d0205c1cedbfde7277d340a4a5f2750d4117781f8,VALID,1.0,,1,2026-09-05T15:49:06+05:30
8544cc9e619d406d9b481892ed226909,20260905-154905-fb6d0e,simulator,DEL,BLR,DEL-BLR,2026-10-20,2026-09-05,2026-09-05T15:49:06+05:30,AI,AI349,ECONOMY,,45,3452,1023,0,4475,INR,,,,180cdce0a312709dff56c994aa61286a5b9bea424736527af17f2b7ee2b5cbf7,VALID,1.0,,1,2026-09-05T15:49:06+05:30
1ac7424b3f844749b4fdd10d9470a28b,20260905-154905-fb6d0e,simulator,DEL,BLR,DEL-BLR,2026-10-20,2026-09-05,2026-09-05T15:49:06+05:30,QP,QP966,ECONOMY,,45,3368,1018,0,4386,INR,,,,2d0afb90099602992c57d80eb574db3e3f516063574f1a51b441587cf249b28d,VALID,1.0,,1,2026-09-05T15:49:06+05:30
54e1479918254d258dca5833996b319d,20260905-154905-fb6d0e,simulator,DEL,BLR,DEL-BLR,2026-10-20,2026-09-05,2026-09-05T15:49:06+05:30,SG,SG462,ECONOMY,,45,3072,1004,0,4076,INR,,,,e990c77e2cbd8d5c6bcf5a56109c8f6d9cc2a9aa2156ed7a416af15b8a86faef,VALID,1.0,,1,2026-09-05T15:49:06+05:30
e087133b5670470fabfd88de9537cc71,backfill-20260906-213201,simulator,DEL,BOM,DEL-BOM,2026-09-07,2026-09-06,2026-09-06T02:30:00+05:30,6E,6E871,ECONOMY,,1,8608,1280,0,9888,INR,,,,87d544218972ac1858548436d8d2e7d4d092f168d61e8154fc17b67c1ac954dd,VALID,1.0,,1,2026-09-06T02:30:00+05:30
3326bb42931f40e694e5c209e74af83e,backfill-20260906-213201,simulator,DEL,BOM,DEL-BOM,2026-09-07,2026-09-06,2026-09-06T02:30:00+05:30,6E,6E465,ECONOMY,,1,8417,1271,0,9688,INR,,,,47fe1938f63b9b1f78ab215b04e207d09eca624610a6bba7c78e94cf6785eecd,VALID,1.0,,1,2026-09-06T02:30:00+05:30
e11a3c9e552642d3acfbad0cc0116a86,backfill-20260906-213201,simulator,DEL,BOM,DEL-BOM,2026-09-07,2026-09-06,2026-09-06T02:30:00+05:30,6E,6E715,ECONOMY,,1,8798,1290,0,10088,INR,,,,1d5327c80ca8564b537535bb8961d6cac8ba174e27d627debbada674e6c25c17,VALID,1.0,,1,2026-09-06T02:30:00+05:30
fe3f25dca9c44e1dbc08be7330ccf580,backfill-20260906-213201,simulator,DEL,BOM,DEL-BOM,2026-09-07,2026-09-06,2026-09-06T02:30:00+05:30,AI,AI385,ECONOMY,,1,9197,1310,0,10507,INR,,,,e624c7e093e40cb660ac1d01ba9b1e2760356212c29d2c5c52f8498537d3e628,VALID,1.0,,1,2026-09-06T02:30:00+05:30
51ea0ff6786e4c2c83a86f4a574aa044,backfill-20260906-213201,simulator,DEL,BOM,DEL-BOM,2026-09-07,2026-09-06,2026-09-06T02:30:00+05:30,AI,AI256,ECONOMY,,1,8506,1275,0,9781,INR,,,,d7db1e2bac0314de7581d701719dae230387240856e0646f88350be1c1ec5e0a,VALID,1.0,,1,2026-09-06T02:30:00+05:30
8b6bb098e0ef404d88a1e59a63b1d2f1,backfill-20260906-213201,simulator,DEL,BOM,DEL-BOM,2026-09-07,2026-09-06,2026-09-06T02:30:00+05:30,SG,SG849,ECONOMY,,1,7830,1242,0,9072,INR,,,,526c489faf7b23630f71a386f35ed13ddaf362376c1630247626232b64140c5f,VALID,1.0,,1,2026-09-06T02:30:00+05:30
268859331d0945278794b5858df195aa,backfill-20260906-213201,simulator,DEL,BOM,DEL-BOM,2026-09-13,2026-09-06,2026-09-06T02:30:00+05:30,6E,6E734,ECONOMY,,7,6602,1180,0,7782,INR,,,,e54cca94b3232649182a0c7992a8bc3180f6cf69c95634fa124597da88216fd2,VALID,1.0,,1,2026-09-06T02:30:00+05:30
037adaa0731b42bb9787e89ef73ea980,backfill-20260906-213201,simulator,DEL,BOM,DEL-BOM,2026-09-13,2026-09-06,2026-09-06T02:30:00+05:30,6E,6E386,ECONOMY,,7,5249,1112,0,6361,INR,,,,faa505744edd9370b3187c3d7710ef1d58af349ec29108c31442470b91df4512,VALID,1.0,,1,2026-09-06T02:30:00+05:30
66a55deab4e34ddbb53ef074cf2b9ceb,backfill-20260906-213201,simulator,DEL,BOM,DEL-BOM,2026-09-13,2026-09-06,2026-09-06T02:30:00+05:30,6E,6.00E+234,ECONOMY,,7,6010,1151,0,7161,INR,,,,5c4219f3b4bb17d6ed87036c940e82a05a7e93642bb82732894ba7585af2ba08,VALID,1.0,,1,2026-09-06T02:30:00+05:30
53aa4c177e994598a776c141af1407d8,backfill-20260906-213201,simulator,DEL,BOM,DEL-BOM,2026-09-13,2026-09-06,2026-09-06T02:30:00+05:30,AI,AI638,ECONOMY,,7,6622,1181,0,7803,INR,,,,2b05401519040c687656a79fe1d9c4c68532d7e174e0aa9c99d9a70673e2d598,VALID,1.0,,1,2026-09-06T02:30:00+05:30
678050156b1041f0a14833e706f6a707,backfill-20260906-213201,simulator,DEL,BOM,DEL-BOM,2026-09-13,2026-09-06,2026-09-06T02:30:00+05:30,AI,AI838,ECONOMY,,7,6506,1175,0,7681,INR,,,,d97c833ac704f786ad8150281d83ae0e90d68e0cb116e9700081ad8a415f21a7,VALID,1.0,,1,2026-09-06T02:30:00+05:30
f5a2c595913242fb82e39119d8c2b402,backfill-20260906-213201,simulator,DEL,BOM,DEL-BOM,2026-09-13,2026-09-06,2026-09-06T02:30:00+05:30,QP,QP372,ECONOMY,,7,5763,1138,0,6901,INR,,,,b7a2d4e51a52e99f19d852997707a97a4950c663b46f701f3c19c09f712e4f9f,VALID,1.0,,1,2026-09-06T02:30:00+05:30
15741b5fea0b4042bdf0b217480deaf8,backfill-20260906-213201,simulator,DEL,BOM,DEL-BOM,2026-09-13,2026-09-06,2026-09-06T02:30:00+05:30,SG,SG942,ECONOMY,,7,4901,1095,0,5996,INR,,,,27b04cea2736223d0b3c235a160bf4abfa9404a5caedddd8d0f78ca3d9d837a5,VALID,1.0,,1,2026-09-06T02:30:00+05:30
6d1a8e627e844a14980c4d30cbb2702b,backfill-20260906-213201,simulator,DEL,BOM,DEL-BOM,2026-09-21,2026-09-06,2026-09-06T02:30:00+05:30,6E,6E375,ECONOMY,,15,3472,1024,0,4496,INR,,,,a6c6e4ed6009e153e988c9b7ffcea9ce0d0c57251638a1f9bfa72a5a415a643a,VALID,1.0,,1,2026-09-06T02:30:00+05:30
4f16235244ea4a18bce818b381df0427,backfill-20260906-213201,simulator,DEL,BOM,DEL-BOM,2026-09-21,2026-09-06,2026-09-06T02:30:00+05:30,6E,6E510,ECONOMY,,15,3887,1044,0,4931,INR,,,,67fd95b6a734e42651498bf092766b139371b693244c0a095a0616b438f5755f,VALID,1.0,,1,2026-09-06T02:30:00+05:30
90ed124ac271468194c4e4254407179d,backfill-20260906-213201,simulator,DEL,BOM,DEL-BOM,2026-09-21,2026-09-06,2026-09-06T02:30:00+05:30,6E,6E428,ECONOMY,,15,3881,1044,0,4925,INR,,,,d17da9e48d1041f1e574ecceedb569ca00488837bbcc07a63682df7f64f3453b,VALID,1.0,,1,2026-09-06T02:30:00+05:30
6107dd86323e41b6b557580a6bb00988,backfill-20260906-213201,simulator,DEL,BOM,DEL-BOM,2026-09-21,2026-09-06,2026-09-06T02:30:00+05:30,AI,AI747,ECONOMY,,15,4421,1071,0,5492,INR,,,,f28845780c58943aaa61d2f6d551ee726cabd8756e40dc73cbd4d99354d420db,VALID,1.0,,1,2026-09-06T02:30:00+05:30
6bbf7b18e2a74b739fc081935dd2d8d7,backfill-20260906-213201,simulator,DEL,BOM,DEL-BOM,2026-09-21,2026-09-06,2026-09-06T02:30:00+05:30,AI,AI976,ECONOMY,,15,4612,1081,0,5693,INR,,,,40df5702a1b1505a4b4736463a534d870d526148d40dcda72c38b1a128655d2a,VALID,1.0,,1,2026-09-06T02:30:00+05:30
2561aef53c1e45beba33f058f7f34011,backfill-20260906-213201,simulator,DEL,BOM,DEL-BOM,2026-09-21,2026-09-06,2026-09-06T02:30:00+05:30,QP,QP200,ECONOMY,,15,3717,1036,0,4753,INR,,,,a642fe5fe56f60b1396a45008aaa62231a94b407f46265e88244ae01132378ce,VALID,1.0,,1,2026-09-06T02:30:00+05:30
b5cfe654938d4448b008299d62d1ed91,backfill-20260906-213201,simulator,DEL,BOM,DEL-BOM,2026-09-21,2026-09-06,2026-09-06T02:30:00+05:30,SG,SG800,ECONOMY,,15,3650,1033,0,4683,INR,,,,8e4fe6f03c2884296333aca1eaccc000ce36e9fe05adec14a57260547566d0da,VALID,1.0,,1,2026-09-06T02:30:00+05:30
9efbaa84deca43fe952a20822abc3404,backfill-20260906-213201,simulator,DEL,BOM,DEL-BOM,2026-10-06,2026-09-06,2026-09-06T02:30:00+05:30,6E,6E950,ECONOMY,,30,3022,1001,0,4023,INR,,,,90f40fe140c9cda6898607373c4f1c74fd777ef0cafe419a68491bdb15e53e7a,VALID,1.0,,1,2026-09-06T02:30:00+05:30
413756c287df4268a3f8b1a088123ff8,backfill-20260906-213201,simulator,DEL,BOM,DEL-BOM,2026-10-06,2026-09-06,2026-09-06T02:30:00+05:30,6E,6E544,ECONOMY,,30,3581,1029,0,4610,INR,,,,2367bd7ea9da7ab4bbdc8fa98caef7cacf74959508bcb2f1bf7ca55f034f11fd,VALID,1.0,,1,2026-09-06T02:30:00+05:30
f587ed18c14c4ba0a12f16120c4196a5,backfill-20260906-213201,simulator,DEL,BOM,DEL-BOM,2026-10-06,2026-09-06,2026-09-06T02:30:00+05:30,6E,6E631,ECONOMY,,30,3453,1023,0,4476,INR,,,,86b60b397cf2c83cd751fccfcbe260a5d89607497072f4cd3021a5cc94894ddd,VALID,1.0,,1,2026-09-06T02:30:00+05:30
dfe9cf825b0a48658c2b16207fea35c6,backfill-20260906-213201,simulator,DEL,BOM,DEL-BOM,2026-10-06,2026-09-06,2026-09-06T02:30:00+05:30,AI,AI579,ECONOMY,,30,3516,1026,0,4542,INR,,,,569de38c8b200e247a3c80a96bf1091ce1f301859a2f8e8705c11e0313b1010f,VALID,1.0,,1,2026-09-06T02:30:00+05:30
095fabb24b5248d39a445d60b225612b,backfill-20260906-213201,simulator,DEL,BOM,DEL-BOM,2026-10-06,2026-09-06,2026-09-06T02:30:00+05:30,AI,AI469,ECONOMY,,30,3644,1032,0,4676,INR,,,,a61b58d8c15b62aea02e89a80cbcee4f5a795b3e4b2d7c252e4c7b2d466dd97e,VALID,1.0,,1,2026-09-06T02:30:00+05:30
2b38d24c96b64abaa079d13ee7f605c3,backfill-20260906-213201,simulator,DEL,BOM,DEL-BOM,2026-10-06,2026-09-06,2026-09-06T02:30:00+05:30,QP,QP342,ECONOMY,,30,3227,1011,0,4238,INR,,,,426098355574d09118d92419dd68568b4b8f3b8a2be63d628171bc346bcb17ea,VALID,1.0,,1,2026-09-06T02:30:00+05:30
5dc656b22c004ffab5f25c0c11207b46,backfill-20260906-213201,simulator,DEL,BOM,DEL-BOM,2026-10-06,2026-09-06,2026-09-06T02:30:00+05:30,SG,SG859,ECONOMY,,30,3225,1011,0,4236,INR,,,,b0434958525a911cfb2b9242d5f61d7202ec7da4505b89ffa6f652b15f9effc7,VALID,1.0,,1,2026-09-06T02:30:00+05:30
6c4eb523f04041a2a16bded67340c759,backfill-20260906-213201,simulator,DEL,BOM,DEL-BOM,2026-10-21,2026-09-06,2026-09-06T02:30:00+05:30,6E,6E452,ECONOMY,,45,2760,988,0,3748,INR,,,,0221fdd277f2ece9180908f763b7655159cd0cb249de111fab6d4c89009ca0a4,VALID,1.0,,1,2026-09-06T02:30:00+05:30
c11c1943e136428a923227f8d9c4fe33,backfill-20260906-213201,simulator,DEL,BOM,DEL-BOM,2026-10-21,2026-09-06,2026-09-06T02:30:00+05:30,6E,6E715,ECONOMY,,45,2937,997,0,3934,INR,,,,2fa23fd4ca2eba21ae9984dd8a79eaa9ccecea883ed5879ffb4c460cacea759c,VALID,1.0,,1,2026-09-06T02:30:00+05:30
f2b8a4d9d84b4579871ac0d2dd8cb283,backfill-20260906-213201,simulator,DEL,BOM,DEL-BOM,2026-10-21,2026-09-06,2026-09-06T02:30:00+05:30,6E,6E411,ECONOMY,,45,2800,990,0,3790,INR,,,,ba691cef6ab0a1b65402b98dd6c74de5d4248240798bd7a9bfc05c47e3d4d82b,VALID,1.0,,1,2026-09-06T02:30:00+05:30
18094b9262154fceaa17e89e16e85432,backfill-20260906-213201,simulator,DEL,BOM,DEL-BOM,2026-10-21,2026-09-06,2026-09-06T02:30:00+05:30,AI,AI579,ECONOMY,,45,3489,1024,0,4513,INR,,,,6020a2c6715402b7a2f2451c0ef09153984e7999a055ea30652760ec76dedf1f,VALID,1.0,,1,2026-09-06T02:30:00+05:30
fdeaf49472da4e9ca737d2e15065deab,backfill-20260906-213201,simulator,DEL,BOM,DEL-BOM,2026-10-21,2026-09-06,2026-09-06T02:30:00+05:30,AI,AI778,ECONOMY,,45,3408,1020,0,4428,INR,,,,9700fd3c56fce18a72e7ed9fe25ea07d05d93d954470dc8a31e460951f2117f1,VALID,1.0,,1,2026-09-06T02:30:00+05:30
940d4f7155324539b98b1267bd4266e5,backfill-20260906-213201,simulator,DEL,BOM,DEL-BOM,2026-10-21,2026-09-06,2026-09-06T02:30:00+05:30,QP,QP441,ECONOMY,,45,2763,988,0,3751,INR,,,,503197e4a65992bc735e3c0bc07f9f64c4400c2f405a8ca6fed46ac5bbfbc233,VALID,1.0,,1,2026-09-06T02:30:00+05:30
c2556949349a4c4887efc38c94dc3df4,backfill-20260906-213201,simulator,DEL,BOM,DEL-BOM,2026-10-21,2026-09-06,2026-09-06T02:30:00+05:30,SG,SG721,ECONOMY,,45,2941,997,0,3938,INR,,,,da04ab435d38ef57e64f969dfaea1c42fb48d5a1ce2e09a154450284102e5df5,VALID,1.0,,1,2026-09-06T02:30:00+05:30
205cb2591628469ab8c9073792b04374,backfill-20260906-213201,simulator,DEL,BLR,DEL-BLR,2026-09-07,2026-09-06,2026-09-06T02:30:00+05:30,6E,6.00E+307,ECONOMY,,1,10113,1356,0,11469,INR,,,,8b02242ed6ff85d6e9126e95502b2c049a2fc7667f28f15196bc9c5f01d960ec,VALID,1.0,,1,2026-09-06T02:30:00+05:30
5deda9a7ae0c4dd093d7ad022952d922,backfill-20260906-213201,simulator,DEL,BLR,DEL-BLR,2026-09-07,2026-09-06,2026-09-06T02:30:00+05:30,6E,6E720,ECONOMY,,1,9432,1322,0,10754,INR,,,,feb1377428b4bf22813fb1e177db549a95c8259c72846ade3c4de98ceaad10e6,VALID,1.0,,1,2026-09-06T02:30:00+05:30
6eeecaba2618446b97a58fe608f827ec,backfill-20260906-213201,simulator,DEL,BLR,DEL-BLR,2026-09-07,2026-09-06,2026-09-06T02:30:00+05:30,6E,6E800,ECONOMY,,1,9215,1311,0,10526,INR,,,,047897efa9e4c154ed91b0fcc8a3ba974b24e5471e7204eb70ef829eecea3f8b,VALID,1.0,,1,2026-09-06T02:30:00+05:30
3b9c01c6031840d58b7b271931dd208b,backfill-20260906-213201,simulator,DEL,BLR,DEL-BLR,2026-09-07,2026-09-06,2026-09-06T02:30:00+05:30,AI,AI362,ECONOMY,,1,9873,1344,0,11217,INR,,,,dbb1915cc5334e8785ec79905e6257285f29d5d31cd5b19077fa63d93f422fd3,VALID,1.0,,1,2026-09-06T02:30:00+05:30
89357973771d404a8344b220a103f4ce,backfill-20260906-213201,simulator,DEL,BLR,DEL-BLR,2026-09-07,2026-09-06,2026-09-06T02:30:00+05:30,AI,AI587,ECONOMY,,1,8870,1294,0,10164,INR,,,,60ebe64b29800bac2f102ca9ed845a52617ab1d7f524a6ef964a38c9825a170b,VALID,1.0,,1,2026-09-06T02:30:00+05:30
8478a09f99a04198bba3f7ec1af483ba,backfill-20260906-213201,simulator,DEL,BLR,DEL-BLR,2026-09-07,2026-09-06,2026-09-06T02:30:00+05:30,QP,QP980,ECONOMY,,1,9149,1307,0,10456,INR,,,,9e5b71f5c5f7816095dc9272b1ef3671ad16324854fcfdf9a0fb32624d3eb3fc,VALID,1.0,,1,2026-09-06T02:30:00+05:30
ddf564f93ffd4ad4a21d1647a527db1d,backfill-20260906-213201,simulator,DEL,BLR,DEL-BLR,2026-09-07,2026-09-06,2026-09-06T02:30:00+05:30,SG,SG666,ECONOMY,,1,8054,1253,0,9307,INR,,,,6f1d8f6d6c0f00f813db386fd93b7afdf8c267199adeb98f5e0ec53f70285e1a,VALID,1.0,,1,2026-09-06T02:30:00+05:30
5d2292162ce645b2ac1e76db3733535d,backfill-20260906-213201,simulator,DEL,BLR,DEL-BLR,2026-09-13,2026-09-06,2026-09-06T02:30:00+05:30,6E,6E662,ECONOMY,,7,7803,1240,0,9043,INR,,,,a777efb01b9f26b153ac6e05a2e826a276d16bfbecf3a5a125e3a84948e5a09a,VALID,1.0,,1,2026-09-06T02:30:00+05:30
852efa3d7fa341978865952cde453f36,backfill-20260906-213201,simulator,DEL,BLR,DEL-BLR,2026-09-13,2026-09-06,2026-09-06T02:30:00+05:30,6E,6E755,ECONOMY,,7,7663,1233,0,8896,INR,,,,26b916858bf22459390997092c4ad17a984e46d8b9ba19ff48d07eba4cd6d5e3,VALID,1.0,,1,2026-09-06T02:30:00+05:30
8b0b5e6ca1da4813a286eb333cc756bc,backfill-20260906-213201,simulator,DEL,BLR,DEL-BLR,2026-09-13,2026-09-06,2026-09-06T02:30:00+05:30,6E,6E370,ECONOMY,,7,7620,1231,0,8851,INR,,,,e90f70ecc596b346698d07017ffe0e9cbb07f231ecb413e3c881e33b10a859cc,VALID,1.0,,1,2026-09-06T02:30:00+05:30
736bb100620744e8b3f0cc0757201551,backfill-20260906-213201,simulator,DEL,BLR,DEL-BLR,2026-09-13,2026-09-06,2026-09-06T02:30:00+05:30,AI,AI693,ECONOMY,,7,7606,1230,0,8836,INR,,,,024a950b747b2da8544fd30bda2bbf69ecfbc26a89d3d2b2b3c3f5d276751d49,VALID,1.0,,1,2026-09-06T02:30:00+05:30
00a0ba2914a54af49834ef463c5e5c0d,backfill-20260906-213201,simulator,DEL,BLR,DEL-BLR,2026-09-13,2026-09-06,2026-09-06T02:30:00+05:30,AI,AI771,ECONOMY,,7,6599,1180,0,7779,INR,,,,e6afbb48ab83cee352b023ec0e8b2aa8ed295c476fce6630fa15ef99d6844326,VALID,1.0,,1,2026-09-06T02:30:00+05:30
e3af94a49f584deb8f8dd9b17b3831a4,backfill-20260906-213201,simulator,DEL,BLR,DEL-BLR,2026-09-13,2026-09-06,2026-09-06T02:30:00+05:30,QP,QP817,ECONOMY,,7,6694,1185,0,7879,INR,,,,329b536d22402dc7ac4b12474095a35054f80cbee7d7145b15c1d36ae2bc2fcc,VALID,1.0,,1,2026-09-06T02:30:00+05:30
70652643f34a44638433a0887ab3762a,backfill-20260906-213201,simulator,DEL,BLR,DEL-BLR,2026-09-13,2026-09-06,2026-09-06T02:30:00+05:30,SG,SG405,ECONOMY,,7,6789,1189,0,7978,INR,,,,cca8d863f38da589990448542a67be393ff824135f69f4699300902dde7e9402,VALID,1.0,,1,2026-09-06T02:30:00+05:30
de5f89c0950342d88e66e1cbb1c6e556,backfill-20260906-213201,simulator,DEL,BLR,DEL-BLR,2026-09-21,2026-09-06,2026-09-06T02:30:00+05:30,6E,6E797,ECONOMY,,15,4414,1071,0,5485,INR,,,,6102581ae534b658cf7b0edbc696b8779ab9104ef23cdd523bcd026605f9b910,VALID,1.0,,1,2026-09-06T02:30:00+05:30
55f7ef1f54f34aa786791e4b925051a9,backfill-20260906-213201,simulator,DEL,BLR,DEL-BLR,2026-09-21,2026-09-06,2026-09-06T02:30:00+05:30,6E,6E730,ECONOMY,,15,4592,1080,0,5672,INR,,,,497312fedb96851c6c25d75b508d7c403bb58b1483340cd16345a550816e8cf5,VALID,1.0,,1,2026-09-06T02:30:00+05:30
4ddcea46fee24bf3a23b78e5d2662a09,backfill-20260906-213201,simulator,DEL,BLR,DEL-BLR,2026-09-21,2026-09-06,2026-09-06T02:30:00+05:30,6E,6E878,ECONOMY,,15,5128,1106,0,6234,INR,,,,8a171d7192d0fa9ea9c95b614ea5c6454904ac440834cf4a641793afe58c6a1f,VALID,1.0,,1,2026-09-06T02:30:00+05:30
365a658b65bf47c8af9149c1f8590461,backfill-20260906-213201,simulator,DEL,BLR,DEL-BLR,2026-09-21,2026-09-06,2026-09-06T02:30:00+05:30,AI,AI382,ECONOMY,,15,5417,1121,0,6538,INR,,,,7e274758520d9861207cd768f17df9e476f9c70d2b9e434cce9a5e0b46100a96,VALID,1.0,,1,2026-09-06T02:30:00+05:30
87a7768bb6d145c0a38b941cc228c117,backfill-20260906-213201,simulator,DEL,BLR,DEL-BLR,2026-09-21,2026-09-06,2026-09-06T02:30:00+05:30,AI,AI255,ECONOMY,,15,5554,1128,0,6682,INR,,,,60a8a31ef460c1f97e5bcf347eb5985f025ca83db0b13e05c1cda22188cbb03f,VALID,1.0,,1,2026-09-06T02:30:00+05:30
94d7b42a3554421397d84fdd9e5043b9,backfill-20260906-213201,simulator,DEL,BLR,DEL-BLR,2026-09-21,2026-09-06,2026-09-06T02:30:00+05:30,QP,QP251,ECONOMY,,15,4905,1095,0,6000,INR,,,,b3d41745fdf9751963955bb28efe2049023cf0da2aad4ccb0b2dc114404c2419,VALID,1.0,,1,2026-09-06T02:30:00+05:30
78cffdac66904e74aaaac55fd625a697,backfill-20260906-213201,simulator,DEL,BLR,DEL-BLR,2026-09-21,2026-09-06,2026-09-06T02:30:00+05:30,SG,SG227,ECONOMY,,15,4721,1086,0,5807,INR,,,,6fbb80c8c1e95516b4733a35a4460901f3578a2e86ca6214c5af36617106243b,VALID,1.0,,1,2026-09-06T02:30:00+05:30
04a20517b0ff421aa8c3757e10fc6d9b,backfill-20260906-213201,simulator,DEL,BLR,DEL-BLR,2026-10-06,2026-09-06,2026-09-06T02:30:00+05:30,6E,6E768,ECONOMY,,30,3664,1033,0,4697,INR,,,,6c6b0c84080831b2fad9b1b181fc35a655eb92781c1cc7508591f1e7567a0d40,VALID,1.0,,1,2026-09-06T02:30:00+05:30
6197c2535e2841319c3a19c0b077f25e,backfill-20260906-213201,simulator,DEL,BLR,DEL-BLR,2026-10-06,2026-09-06,2026-09-06T02:30:00+05:30,6E,6E362,ECONOMY,,30,3590,1029,0,4619,INR,,,,265c486b86a8d4589e6a9c973a0aa10b9d942a68698eefa91c12bd9b9ea33945,VALID,1.0,,1,2026-09-06T02:30:00+05:30
abc3bd6e2d564c9a98a0c532cb5c3007,backfill-20260906-213201,simulator,DEL,BLR,DEL-BLR,2026-10-06,2026-09-06,2026-09-06T02:30:00+05:30,6E,6E609,ECONOMY,,30,4010,1050,0,5060,INR,,,,a156e575268b81d1783927e43b8162f2ba8f66814b0730a9f33ba80f731d8b78,VALID,1.0,,1,2026-09-06T02:30:00+05:30
09ffac7e9cbd4dafa36522b0e9aebfaa,backfill-20260906-213201,simulator,DEL,BLR,DEL-BLR,2026-10-06,2026-09-06,2026-09-06T02:30:00+05:30,AI,AI212,ECONOMY,,30,3857,1043,0,4900,INR,,,,db1ec9043a0b51d5c3e4623e0c66d588eebaa8c7286c8bc1e76b8a523135c92f,VALID,1.0,,1,2026-09-06T02:30:00+05:30
895ca501de514d8396ad7c9893fd29f3,backfill-20260906-213201,simulator,DEL,BLR,DEL-BLR,2026-10-06,2026-09-06,2026-09-06T02:30:00+05:30,AI,AI424,ECONOMY,,30,4343,1067,0,5410,INR,,,,b8f8bb840ff04957a0c0153bf25d74cbe8404c808c82107c69b8a9e5e3ec6ede,VALID,1.0,,1,2026-09-06T02:30:00+05:30
6652d1d4088d4a28b341ae2de1381408,backfill-20260906-213201,simulator,DEL,BLR,DEL-BLR,2026-10-06,2026-09-06,2026-09-06T02:30:00+05:30,QP,QP336,ECONOMY,,30,3741,1037,0,4778,INR,,,,2da17dc2716e4680d63010d715cdfdee863f44c6f9f40ce8f382c04bcbcff4ab,VALID,1.0,,1,2026-09-06T02:30:00+05:30
39d15725ecaf44ac9b1d925ecb6568e7,backfill-20260906-213201,simulator,DEL,BLR,DEL-BLR,2026-10-06,2026-09-06,2026-09-06T02:30:00+05:30,SG,SG713,ECONOMY,,30,2779,989,0,3768,INR,,,,f464c76715348f1d85cacccc3ed0583966621a38b3bcc4712b0e51c2f84efc20,VALID,1.0,,1,2026-09-06T02:30:00+05:30
d1bdfdae4a904ffaba700ed9875f68e3,backfill-20260906-213201,simulator,DEL,BLR,DEL-BLR,2026-10-21,2026-09-06,2026-09-06T02:30:00+05:30,6E,6E452,ECONOMY,,45,4201,1060,0,5261,INR,,,,b704dfa3322c6197697ec8b27e57cefba4f75217bf48058c06bcde15930563d4,VALID,1.0,,1,2026-09-06T02:30:00+05:30
9e76ab77d7124449b0f9ba4f0889a073,backfill-20260906-213201,simulator,DEL,BLR,DEL-BLR,2026-10-21,2026-09-06,2026-09-06T02:30:00+05:30,6E,6E941,ECONOMY,,45,2869,993,0,3862,INR,,,,6b24d3039ad37cb087141ddc0b12986517bcfa89fa9714ba4a58c70af0845655,VALID,1.0,,1,2026-09-06T02:30:00+05:30
89dea4e756884fee8a8822cb1feebde6,backfill-20260906-213201,simulator,DEL,BLR,DEL-BLR,2026-10-21,2026-09-06,2026-09-06T02:30:00+05:30,6E,6.00E+234,ECONOMY,,45,3456,1023,0,4479,INR,,,,a1e3d663fb1149bf7815787b4284c52c674a1cf5d6bdf0dfaf26ec0f28a614be,VALID,1.0,,1,2026-09-06T02:30:00+05:30
bed9a723893247afaee1b294939cd899,backfill-20260906-213201,simulator,DEL,BLR,DEL-BLR,2026-10-21,2026-09-06,2026-09-06T02:30:00+05:30,AI,AI308,ECONOMY,,45,4205,1060,0,5265,INR,,,,dca1fdd77e5d808fab776816d4acacf78a40a74512bed49a698f114e99434ced,VALID,1.0,,1,2026-09-06T02:30:00+05:30
86200ff978694eccb0d651cef4e55a33,backfill-20260906-213201,simulator,DEL,BLR,DEL-BLR,2026-10-21,2026-09-06,2026-09-06T02:30:00+05:30,AI,AI364,ECONOMY,,45,3499,1025,0,4524,INR,,,,929d799bec442f6e4808437b24bfa29d821a0bb2cd9521fa54aef2c77348b3a2,VALID,1.0,,1,2026-09-06T02:30:00+05:30
64ff00b812ad46b689ab3a481c735422,backfill-20260906-213201,simulator,DEL,BLR,DEL-BLR,2026-10-21,2026-09-06,2026-09-06T02:30:00+05:30,QP,QP478,ECONOMY,,45,3578,1029,0,4607,INR,,,,2d0d2e67dd5dad14b04f7ea504b407a2963d6b7eb81dcc0350d89b71ce227d27,VALID,1.0,,1,2026-09-06T02:30:00+05:30
fa225c6925b14332a91ed2a2765c5a6f,backfill-20260906-213201,simulator,DEL,BLR,DEL-BLR,2026-10-21,2026-09-06,2026-09-06T02:30:00+05:30,SG,SG467,ECONOMY,,45,3225,1011,0,4236,INR,,,,2df4e2ff0ac78e5b4b3369ba93bb5337ba594c725e7f078d8a0fe3accf3bb6e8,VALID,1.0,,1,2026-09-06T02:30:00+05:30
